date,P,Ruurlose broek morsdijk,Zoddebeekseweg Buurse,Eibergen Hoonesweg 3,,Mean,10th_percentile,90th_percentile
01/01/2010,0.1,1123,678,1241,,1014.0,767,1217.4
02/01/2010,3.8,1152,717,1245,,1038.0,804,1226.4
03/01/2010,0.9,1159,727,1236,,1040.7,813.4,1220.6
04/01/2010,0.4,1175,742,1240,,1052.3,828.6,1227
05/01/2010,0.7,1207,763,1254,,1074.7,851.8,1244.6
06/01/2010,0,1249,798,1273,,1106.7,888.2,1268.2
07/01/2010,0,1276,827,1285,,1129.3,916.8,1283.2
08/01/2010,0.1,1274,837,1281,,1130.7,924.4,1279.6
09/01/2010,2.5,1285,846,1282,,1137.7,933.2,1284.4
10/01/2010,1.9,1279,847,1280,,1135.3,933.4,1279.8
11/01/2010,0.1,1260,832,1271,,1121.0,917.6,1268.8
12/01/2010,0.6,1280,828,1271,,1126.3,916.6,1278.2
13/01/2010,0.1,1308,855,1283,,1148.7,940.6,1303
14/01/2010,0,1311,866,1278,,1151.7,948.4,1304.4
15/01/2010,0,1199,811,1255,,1088.3,888.6,1243.8
16/01/2010,5.2,1042,687,1235,,988.0,758,1196.4
17/01/2010,2.6,978,564,1174,,905.3,646.8,1134.8
18/01/2010,0.4,1019,572,1196,,929.0,661.4,1160.6
19/01/2010,1.1,1062,607,1221,,963.3,698,1189.2
20/01/2010,0,1143,667,1242,,1017.3,762.2,1222.2
21/01/2010,0,1188,706,1247,,1047.0,802.4,1235.2
22/01/2010,0,1221,736,1251,,1069.3,833,1245
23/01/2010,0,1246,767,1260,,1091.0,862.8,1257.2
24/01/2010,0.1,1287,799,1267,,1117.7,892.6,1283
25/01/2010,0.1,1346,835,1283,,1154.7,924.6,1333.4
26/01/2010,0,1327,824,1253,,1134.7,909.8,1312.2
27/01/2010,2.2,1309,815,1248,,1124.0,901.6,1296.8
28/01/2010,4.9,1185,738,1235,,1052.7,827.4,1225
29/01/2010,6,1162,734,1248,,1048.0,819.6,1230.8
30/01/2010,2.3,1210,778,1254,,1080.7,864.4,1245.2
31/01/2010,1.8,1239,806,1257,,1100.7,892.6,1253.4
01/02/2010,0.4,1162,731,1228,,1040.3,817.2,1214.8
02/02/2010,13.8,933,547,1172,,884.0,624.2,1124.2
03/02/2010,0.5,905,519,1173,,865.7,596.2,1119.4
04/02/2010,2.6,942,525,1198,,888.3,608.4,1146.8
05/02/2010,2.9,956,517,1196,,889.7,604.8,1148
06/02/2010,0,1020,576,1219,,938.3,664.8,1179.2
07/02/2010,0,1076,615,1232,,974.3,707.2,1200.8
08/02/2010,0,1158,667,1247,,1024.0,765.2,1229.2
09/02/2010,0,1232,722,1259,,1071.0,824,1253.6
10/02/2010,0.3,1277,766,1268,,1103.7,866.4,1275.2
11/02/2010,0.1,1312,797,1271,,1126.7,891.8,1303.8
12/02/2010,0,1331,821,1268,,1140.0,910.4,1318.4
13/02/2010,0.7,1346,840,1271,,1152.3,926.2,1331
14/02/2010,0.3,1352,854,1267,,1157.7,936.6,1335
15/02/2010,0.1,1369,868,1268,,1168.3,948,1348.8
16/02/2010,0.1,1380,880,1271,,1177.0,958.2,1358.2
17/02/2010,0,1393,893,1266,,1184.0,967.6,1367.6
18/02/2010,0.2,1349,892,1258,,1166.3,965.2,1330.8
19/02/2010,0.2,1323,892,1258,,1157.7,965.2,1310
20/02/2010,0.4,1318,890,1258,,1155.3,963.6,1306
21/02/2010,0,1258,844,1246,,1116.0,924.4,1255.6
22/02/2010,12.7,1014,659,1198,,957.0,730,1161.2
23/02/2010,1.3,1049,642,1209,,966.7,723.4,1177
24/02/2010,3.5,1009,594,1193,,932.0,677,1156.2
25/02/2010,6.1,968,549,1188,,901.7,632.8,1144
26/02/2010,3.9,1006,583,1203,,930.7,667.6,1163.6
27/02/2010,0.7,961,540,1198,,899.7,624.2,1150.6
28/02/2010,12.7,889,440,1154,,827.7,529.8,1101
01/03/2010,1.6,1004,528,1203,,911.7,623.2,1163.2
02/03/2010,0.1,1072,591,1222,,961.7,687.2,1192
03/03/2010,0,1128,634,1234,,998.7,732.8,1212.8
04/03/2010,0,1145,646,1229,,1006.7,745.8,1212.2
05/03/2010,7,987,571,1226,,928.0,654.2,1178.2
06/03/2010,0.1,1117,650,1235,,1000.7,743.4,1211.4
07/03/2010,0,1151,676,1235,,1020.7,771,1218.2
08/03/2010,2,1184,704,1242,,1043.3,800,1230.4
09/03/2010,0,1209,720,1242,,1057.0,817.8,1235.4
10/03/2010,0,1219,729,1243,,1063.7,827,1238.2
11/03/2010,0,1241,742,1243,,1075.3,841.8,1242.6
12/03/2010,0,1268,760,1246,,1091.3,857.2,1263.6
13/03/2010,0.7,1259,760,1240,,1086.3,856,1255.2
14/03/2010,1.9,1238,740,1237,,1071.7,839.4,1237.8
15/03/2010,6.4,1128,641,1228,,999.0,738.4,1208
16/03/2010,0,1185,665,1231,,1027.0,769,1221.8
17/03/2010,0,1240,705,1240,,1061.7,812,1240
18/03/2010,0,1269,729,1245,,1081.0,832.2,1264.2
19/03/2010,0.3,1167,700,1233,,1033.3,793.4,1219.8
20/03/2010,10.5,961,531,1183,,891.7,617,1138.6
21/03/2010,7.3,1028,565,1197,,930.0,657.6,1163.2
22/03/2010,0,1108,621,1220,,983.0,718.4,1197.6
23/03/2010,0,1163,657,1234,,1018.0,758.2,1219.8
24/03/2010,0,1216,689,1240,,1048.3,794.4,1235.2
25/03/2010,0,1225,706,1243,,1058.0,809.8,1239.4
26/03/2010,5.2,1184,673,1234,,1030.3,775.2,1224
27/03/2010,0,1238,695,1239,,1057.3,803.6,1238.8
28/03/2010,1,1190,689,1238,,1039.0,789.2,1228.4
29/03/2010,4.2,1207,682,1238,,1042.3,787,1231.8
30/03/2010,0.4,1293,736,1252,,1093.7,839.2,1284.8
31/03/2010,0.7,1307,777,1257,,1113.7,873,1297
01/04/2010,2.3,1321,799,1257,,1125.7,890.6,1308.2
02/04/2010,0.4,1328,804,1262,,1131.3,895.6,1314.8
03/04/2010,5.8,1125,723,1252,,1033.3,803.4,1226.6
04/04/2010,4.4,1145,728,1254,,1042.3,811.4,1232.2
05/04/2010,0,1225,753,1258,,1078.7,847.4,1251.4
06/04/2010,0,1278,782,1267,,1109.0,879,1275.8
07/04/2010,0.1,1328,812,1268,,1136.0,903.2,1316
08/04/2010,2.6,1347,823,1266,,1145.3,911.6,1330.8
09/04/2010,0,1374,834,1270,,1159.3,921.2,1353.2
10/04/2010,0,1391,848,1273,,1170.7,933,1367.4
11/04/2010,0,1408,861,1278,,1182.3,944.4,1382
12/04/2010,0,1431,873,1280,,1194.7,954.4,1400.8
13/04/2010,0,1453,886,1281,,1206.7,965,1418.6
14/04/2010,0,1478,902,1284,,1221.3,978.4,1439.2
15/04/2010,0,1500,915,1287,,1234.0,989.4,1457.4
16/04/2010,0,1506,924,1287,,1239.0,996.6,1462.2
17/04/2010,0,1512,928,1289,,1243.0,1000.2,1467.4
18/04/2010,0,1542,945,1295,,1260.7,1015,1492.6
19/04/2010,0,1551,950,1290,,1263.7,1018,1498.8
20/04/2010,0,1570,963,1292,,1275.0,1028.8,1514.4
21/04/2010,0,1586,977,1297,,1286.7,1041,1528.2
22/04/2010,0,1599,987,1302,,1296.0,1050,1539.6
23/04/2010,0,1616,1000,1308,,1308.0,1061.6,1554.4
24/04/2010,0,1621,1006,1309,,1312.0,1066.6,1558.6
25/04/2010,1.5,1628,1003,1290,,1307.0,1060.4,1560.4
26/04/2010,0.7,1643,1001,1276,,1306.7,1056,1569.6
27/04/2010,0,1641,1006,1281,,1309.3,1061,1569
28/04/2010,0,1637,997,1284,,1306.0,1054.4,1566.4
29/04/2010,0,1647,1006,1281,,1311.3,1061,1573.8
30/04/2010,3.4,1652,1018,1287,,1319.0,1071.8,1579
01/05/2010,2.8,1648,1014,1284,,1315.3,1068,1575.2
02/05/2010,8.9,1635,957,1264,,1285.3,1018.4,1560.8
03/05/2010,0.4,1643,983,1266,,1297.3,1039.6,1567.6
04/05/2010,0,1641,986,1272,,1299.7,1043.2,1567.2
05/05/2010,0,1639,983,1280,,1300.7,1042.4,1567.2
06/05/2010,3.1,1644,977,1266,,1295.7,1034.8,1568.4
07/05/2010,3.8,1648,973,1265,,1295.3,1031.4,1571.4
08/05/2010,0.1,1646,977,1268,,1297.0,1035.2,1570.4
09/05/2010,0,1650,985,1273,,1302.7,1042.6,1574.6
10/05/2010,0,1649,996,1281,,1308.7,1053,1575.4
11/05/2010,3.7,1559,929,1249,,1245.7,993,1497
12/05/2010,10.6,1510,908,1249,,1222.3,976.2,1457.8
13/05/2010,0.1,1506,910,1259,,1225.0,979.8,1456.6
14/05/2010,0.1,1507,917,1261,,1228.3,985.8,1457.8
15/05/2010,0,1527,935,1271,,1244.3,1002.2,1475.8
16/05/2010,0,1550,960,1278,,1262.7,1023.6,1495.6
17/05/2010,0.2,1566,979,1284,,1276.3,1040,1509.6
18/05/2010,0,1580,992,1294,,1288.7,1052.4,1522.8
19/05/2010,0,1599,1011,1310,,1306.7,1070.8,1541.2
20/05/2010,0,1616,1024,1320,,1320.0,1083.2,1556.8
21/05/2010,0,1625,1033,1334,,1330.7,1093.2,1566.8
22/05/2010,0,1630,1039,1343,,1337.3,1099.8,1572.6
23/05/2010,0,1637,1042,1356,,1345.0,1104.8,1580.8
24/05/2010,0,1663,1059,1380,,1367.3,1123.2,1606.4
25/05/2010,0,1673,1070,1392,,1378.3,1134.4,1616.8
26/05/2010,3.3,1681,1076,1388,,1381.7,1138.4,1622.4
27/05/2010,0.2,1695,1088,1412,,1398.3,1152.8,1638.4
28/05/2010,0,1706,1098,1436,,1413.3,1165.6,1652
29/05/2010,0.9,1681,1091,1395,,1389.0,1151.8,1623.8
30/05/2010,10.2,1686,1097,1354,,1379.0,1148.4,1619.6
31/05/2010,0.1,1684,1107,1380,,1390.3,1161.6,1623.2
01/06/2010,0,1701,1117,1427,,1415.0,1179,1646.2
02/06/2010,0,1719,1128,1473,,1440.0,1197,1669.8
03/06/2010,0,1736,1136,1499,,1457.0,1208.6,1688.6
04/06/2010,0,1747,1144,1523,,1471.3,1219.8,1702.2
05/06/2010,0,1745,1149,1540,,1478.0,1227.2,1704
06/06/2010,0.1,1757,1153,1543,,1484.3,1231,1714.2
07/06/2010,0,1768,1162,1554,,1494.7,1240.4,1725.2
08/06/2010,1.7,1758,1167,1538,,1487.7,1241.2,1714
09/06/2010,1.4,1728,1170,1529,,1475.7,1241.8,1688.2
10/06/2010,0.4,1726,1175,1546,,1482.3,1249.2,1690
11/06/2010,1,1748,1185,1575,,1502.7,1263,1713.4
12/06/2010,0,1770,1196,1592,,1519.3,1275.2,1734.4
13/06/2010,0,1786,1209,1614,,1536.3,1290,1751.6
14/06/2010,0,1806,1219,1632,,1552.3,1301.6,1771.2
15/06/2010,0,1815,1230,1647,,1564.0,1313.4,1781.4
16/06/2010,0,1831,1240,1667,,1579.3,1325.4,1798.2
17/06/2010,0,1826,1246,1665,,1579.0,1329.8,1793.8
18/06/2010,0.1,1819,1248,1665,,1577.3,1331.4,1788.2
19/06/2010,0.6,1842,1260,1674,,1592.0,1342.8,1808.4
20/06/2010,0,1857,1271,1690,,1606.0,1354.8,1823.6
21/06/2010,0.1,1871,1281,1704,,1618.7,1365.6,1837.6
22/06/2010,0,1881,1292,1724,,1632.3,1378.4,1849.6
23/06/2010,0,1893,1301,1740,,1644.7,1388.8,1862.4
24/06/2010,0,1911,1311,1756,,1659.3,1400,1880
25/06/2010,0,1929,1322,1775,,1675.3,1412.6,1898.2
26/06/2010,0,1942,1333,1792,,1689.0,1424.8,1912
27/06/2010,0,1955,1342,1813,,1703.3,1436.2,1926.6
28/06/2010,0,1970,1352,1826,,1716.0,1446.8,1941.2
29/06/2010,0,1978,1356,1819,,1717.7,1448.6,1946.2
30/06/2010,8.1,1966,1355,1813,,1711.3,1446.6,1935.4
01/07/2010,0,1996,1371,1857,,1741.3,1468.2,1968.2
02/07/2010,0,2010,1379,1862,,1750.3,1475.6,1980.4
03/07/2010,7,2014,1382,1849,,1748.3,1475.4,1981
04/07/2010,0,2024,1389,1876,,1763.0,1486.4,1994.4
05/07/2010,0,2036,1396,1887,,1773.0,1494.2,2006.2
06/07/2010,0,2049,1405,1903,,1785.7,1504.6,2019.8
07/07/2010,0,2065,1414,1924,,1801.0,1516,2036.8
08/07/2010,0,2080,1424,1938,,1814.0,1526.8,2051.6
09/07/2010,0,2093,1432,1955,,1826.7,1536.6,2065.4
10/07/2010,1.4,2088,1437,1956,,1827.0,1540.8,2061.6
11/07/2010,7.9,2036,1435,1946,,1805.7,1537.2,2018
12/07/2010,11.4,1970,1443,1954,,1789.0,1545.2,1966.8
13/07/2010,0,1976,1447,1972,,1798.3,1552,1975.2
14/07/2010,9.4,1989,1452,1968,,1803.0,1555.2,1984.8
15/07/2010,0,2008,1459,1993,,1820.0,1565.8,2005
16/07/2010,2.1,2023,1465,1990,,1826.0,1570,2016.4
17/07/2010,0,2043,1473,2006,,1840.7,1579.6,2035.6
18/07/2010,0,2054,1479,2014,,1849.0,1586,2046
19/07/2010,0,2070,1487,2031,,1862.7,1595.8,2062.2
20/07/2010,0,2091,1487,2043,,1873.7,1598.2,2081.4
21/07/2010,0.4,2108,1484,2043,,1878.3,1595.8,2095
22/07/2010,0,2117,,2049,,2083.0,2055.8,2110.2
23/07/2010,0,2126,,2058,,2092.0,2064.8,2119.2
24/07/2010,0,2136,,2064,,2100.0,2071.2,2128.8
25/07/2010,0,2124,,2043,,2083.5,2051.1,2115.9
26/07/2010,9.8,2120,,2033,,2076.5,2041.7,2111.3
27/07/2010,0,2073,,2022,,2047.5,2027.1,2067.9
28/07/2010,25.2,2051,,2005,,2028.0,2009.6,2046.4
29/07/2010,2.6,2042,,1997,,2019.5,2001.5,2037.5
30/07/2010,0,2048,,2021,,2034.5,2023.7,2045.3
31/07/2010,0.2,2048,,2035,,2041.5,2036.3,2046.7
01/08/2010,0,2046,,2028,,2037.0,2029.8,2044.2
02/08/2010,7,2038,,2018,,2028.0,2020,2036
03/08/2010,0.6,2032,,2030,,2031.0,2030.2,2031.8
04/08/2010,6.5,2019,,2017,,2018.0,2017.2,2018.8
05/08/2010,7.2,2030,,2026,,2028.0,2026.4,2029.6
06/08/2010,0,2036,,2051,,2043.5,2037.5,2049.5
07/08/2010,1.1,2027,,2037,,2032.0,2028,2036
08/08/2010,6.2,2031,,2033,,2032.0,2031.2,2032.8
09/08/2010,0,2033,,2052,,2042.5,2034.9,2050.1
10/08/2010,2.2,2038,,2066,,2052.0,2040.8,2063.2
11/08/2010,0.5,2055,,2076,,2065.5,2057.1,2073.9
12/08/2010,0,2072,,2084,,2078.0,2073.2,2082.8
13/08/2010,0,2085,,2095,,2090.0,2086,2094
14/08/2010,0,2077,,2091,,2084.0,2078.4,2089.6
15/08/2010,18,2028,,2037,,2032.5,2028.9,2036.1
16/08/2010,1.9,1927,,1943,,1935.0,1928.6,1941.4
17/08/2010,28.6,1803,,1846,,1824.5,1807.3,1841.7
18/08/2010,2,1768,,1792,,1780.0,1770.4,1789.6
19/08/2010,0,1766,,1781,,1773.5,1767.5,1779.5
20/08/2010,0,1766,,1775,,1770.5,1766.9,1774.1
21/08/2010,0,1762,,1773,,1767.5,1763.1,1771.9
22/08/2010,5.4,1725,,1750,,1737.5,1727.5,1747.5
23/08/2010,11.7,1710,,1738,,1724.0,1712.8,1735.2
24/08/2010,2.6,1712,,1734,,1723.0,1714.2,1731.8
25/08/2010,1.6,1342,,1525,,1433.5,1360.3,1506.7
26/08/2010,142.3,604,,756,,680.0,619.2,740.8
27/08/2010,14.6,618,,942,,780.0,650.4,909.6
28/08/2010,7.3,615,,1055,,835.0,659,1011
29/08/2010,13.2,619,,1018,,818.5,658.9,978.1
30/08/2010,2.7,659,,1163,,911.0,709.4,1112.6
31/08/2010,0.5,695,,1213,,954.0,746.8,1161.2
01/09/2010,0,739,,1225,,982.0,787.6,1176.4
02/09/2010,0.6,797,,1232,,1014.5,840.5,1188.5
03/09/2010,0,889,,1243,,1066.0,924.4,1207.6
04/09/2010,0,985,,1253,,1119.0,1011.8,1226.2
05/09/2010,0,1059,,1263,,1161.0,1079.4,1242.6
06/09/2010,0,1060,,1253,,1156.5,1079.3,1233.7
07/09/2010,4.8,1080,,1249,,1164.5,1096.9,1232.1
08/09/2010,0.1,1113,,1260,,1186.5,1127.7,1245.3
09/09/2010,1,1107,,1262,,1184.5,1122.5,1246.5
10/09/2010,4.1,1095,,1259,,1177.0,1111.4,1242.6
11/09/2010,0,1082,,1251,,1166.5,1098.9,1234.1
12/09/2010,5.6,1018,,1240,,1129.0,1040.2,1217.8
13/09/2010,0.8,1046,,1230,,1138.0,1064.4,1211.6
14/09/2010,8.7,957,,1189,,1073.0,980.2,1165.8
15/09/2010,12.3,918,,1136,,1027.0,939.8,1114.2
16/09/2010,5.2,929,,1155,,1042.0,951.6,1132.4
17/09/2010,2.1,1037,,1211,,1124.0,1054.4,1193.6
18/09/2010,0.3,1116,,1224,,1170.0,1126.8,1213.2
19/09/2010,0,1165,,1234,,1199.5,1171.9,1227.1
20/09/2010,0.1,1214,,1245,,1229.5,1217.1,1241.9
21/09/2010,0,1239,,1262,,1250.5,1241.3,1259.7
22/09/2010,0,1255,,1271,,1263.0,1256.6,1269.4
23/09/2010,4.3,1086,,1241,,1163.5,1101.5,1225.5
24/09/2010,1.3,1141,,1232,,1186.5,1150.1,1222.9
25/09/2010,0.3,1217,,1249,,1233.0,1220.2,1245.8
26/09/2010,0,1174,,1237,,1205.5,1180.3,1230.7
27/09/2010,10.4,1085,,1216,,1150.5,1098.1,1202.9
28/09/2010,0,1178,,1236,,1207.0,1183.8,1230.2
29/09/2010,0,1204,,1240,,1222.0,1207.6,1236.4
30/09/2010,3.7,1158,,1235,,1196.5,1165.7,1227.3
01/10/2010,0.3,1101,,1227,,1164.0,1113.6,1214.4
02/10/2010,6.1,1120,,1232,,1176.0,1131.2,1220.8
03/10/2010,0,1209,,1251,,1230.0,1213.2,1246.8
04/10/2010,0,1271,,1267,,1269.0,1267.4,1270.6
05/10/2010,0,1307,,1282,,1294.5,1284.5,1304.5
06/10/2010,0.2,1335,,1289,,1312.0,1293.6,1330.4
07/10/2010,0,1345,,1290,,1317.5,1295.5,1339.5
08/10/2010,0,1362,,1299,,1330.5,1305.3,1355.7
09/10/2010,0,1390,,1315,,1352.5,1322.5,1382.5
10/10/2010,0,1419,,1327,,1373.0,1336.2,1409.8
11/10/2010,0,1436,,1324,,1380.0,1335.2,1424.8
12/10/2010,0,1448,,1325,,1386.5,1337.3,1435.7
13/10/2010,0,1460,,1323,,1391.5,1336.7,1446.3
14/10/2010,0,1444,,1306,,1375.0,1319.8,1430.2
15/10/2010,10.8,1334,,1265,,1299.5,1271.9,1327.1
16/10/2010,0.3,1379,,1280,,1329.5,1289.9,1369.1
17/10/2010,0,1404,,1282,,1343.0,1294.2,1391.8
18/10/2010,0.3,1198,,1233,,1215.5,1201.5,1229.5
19/10/2010,13.3,1111,,1217,,1164.0,1121.6,1206.4
20/10/2010,4,1189,,1242,,1215.5,1194.3,1236.7
21/10/2010,0.4,1244,,1256,,1250.0,1245.2,1254.8
22/10/2010,0,1250,,1254,,1252.0,1250.4,1253.6
23/10/2010,3.7,1245,,1254,,1249.5,1245.9,1253.1
24/10/2010,1,1319,,1269,,1294.0,1274,1314
25/10/2010,0,1348,,1271,,1309.5,1278.7,1340.3
26/10/2010,0,1267,,1252,,1259.5,1253.5,1265.5
27/10/2010,7.9,1142,,1218,,1180.0,1149.6,1210.4
28/10/2010,2.6,1186,,1236,,1211.0,1191,1231
29/10/2010,0,1241,,1246,,1243.5,1241.5,1245.5
30/10/2010,1.9,1218,,1236,,1227.0,1219.8,1234.2
31/10/2010,3.7,1209,,1237,,1223.0,1211.8,1234.2
01/11/2010,0,1244,,1238,,1241.0,1238.6,1243.4
02/11/2010,0.5,1252,,1236,,1244.0,1237.6,1250.4
03/11/2010,4.3,1175,,1217,,1196.0,1179.2,1212.8
04/11/2010,3.1,1039,,1114,,1076.5,1046.5,1106.5
05/11/2010,25.4,808,,938,,873.0,821,925
06/11/2010,10.6,891,,1138,,1014.5,915.7,1113.3
07/11/2010,0,954,,1193,,1073.5,977.9,1169.1
08/11/2010,0.5,992,,1208,,1100.0,1013.6,1186.4
09/11/2010,2.1,921,,1118,,1019.5,940.7,1098.3
10/11/2010,14.8,842,,1074,,958.0,865.2,1050.8
11/11/2010,21.4,737,,989,,863.0,762.2,963.8
12/11/2010,4.3,761,,1114,,937.5,796.3,1078.7
13/11/2010,7.3,739,,1031,,885.0,768.2,1001.8
14/11/2010,12.1,786,,1119,,952.5,819.3,1085.7
15/11/2010,0,879,,1190,,1034.5,910.1,1158.9
16/11/2010,0,933,,1204,,1068.5,960.1,1176.9
17/11/2010,0,990,,1215,,1102.5,1012.5,1192.5
18/11/2010,0.2,1035,,1218,,1126.5,1053.3,1199.7
19/11/2010,0,1072,,1222,,1147.0,1087,1207
20/11/2010,0,1105,,1226,,1165.5,1117.1,1213.9
21/11/2010,0,1134,,1228,,1181.0,1143.4,1218.6
22/11/2010,0,1151,,1228,,1189.5,1158.7,1220.3
23/11/2010,0.1,1175,,1232,,1203.5,1180.7,1226.3
24/11/2010,0.3,1206,693,1237,,1045.3,795.6,1230.8
25/11/2010,0.1,1231,711,1239,,1060.3,815,1237.4
26/11/2010,0,1256,729,1245,,1076.7,832.2,1253.8
27/11/2010,0,1293,751,1252,,1098.7,851.2,1284.8
28/11/2010,0,1321,773,1264,,1119.3,871.2,1309.6
29/11/2010,1.2,1328,792,1272,,1130.7,888,1316.8
30/11/2010,0.2,1349,796,1277,,1140.7,892.2,1334.6
01/12/2010,0,1392,814,1287,,1164.3,908.6,1371
02/12/2010,0.5,1407,829,1290,,1175.3,921.2,1383.6
03/12/2010,0.1,1423,846,1290,,1186.3,934.8,1396.4
04/12/2010,4,1324,795,1247,,1122.0,885.4,1308.6
05/12/2010,6.1,1247,768,1242,,1085.7,862.8,1246
06/12/2010,0,1269,778,1250,,1099.0,872.4,1265.2
07/12/2010,0,1292,801,1258,,1117.0,892.4,1285.2
08/12/2010,0,1333,833,1267,,1144.3,919.8,1319.8
09/12/2010,8.7,1210,736,1189,,1045.0,826.6,1205.8
10/12/2010,3.7,950,486,1078,,838.0,578.8,1052.4
11/12/2010,4.1,1001,506,1166,,891.0,605,1133
12/12/2010,0.2,1122,596,1221,,979.7,701.2,1201.2
13/12/2010,3.3,1183,666,1242,,1030.3,769.4,1230.2
14/12/2010,0,1201,689,1243,,1044.3,791.4,1234.6
15/12/2010,0.3,1157,643,1228,,1009.3,745.8,1213.8
16/12/2010,4.5,1139,642,1229,,1003.3,741.4,1211
17/12/2010,1.5,1227,695,1249,,1057.0,801.4,1244.6
18/12/2010,0.2,1260,719,1252,,1077.0,825.6,1258.4
19/12/2010,4.8,1290,753,1261,,1101.3,854.6,1284.2
20/12/2010,0.1,1300,771,1262,,1111.0,869.2,1292.4
21/12/2010,0,1304,781,1258,,1114.3,876.4,1294.8
22/12/2010,0.1,1300,788,1254,,1114.0,881.2,1290.8
23/12/2010,2.2,1307,800,1256,,1121.0,891.2,1296.8
24/12/2010,1.4,1323,817,1258,,1132.7,905.2,1310
25/12/2010,0.1,1320,818,1256,,1131.3,905.6,1307.2
26/12/2010,1.2,1272,808,1248,,1109.3,896,1267.2
27/12/2010,0,1258,797,1254,,1103.0,888.4,1257.2
28/12/2010,0,1282,817,1258,,1119.0,905.2,1277.2
29/12/2010,0,1313,830,1259,,1134.0,915.8,1302.2
30/12/2010,0,1307,827,1252,,1128.7,912,1296
31/12/2010,1.5,1124,710,1195,,1009.7,792.8,1180.8
01/01/2011,0.6,1067,642,1196,,968.3,727,1170.2
02/01/2011,0.3,1141,681,1226,,1016.0,773,1209
03/01/2011,0,1173,708,1233,,1038.0,801,1221
04/01/2011,0,1221,726,1236,,1061.0,825,1233
05/01/2011,0.1,1088,591,1148,,942.3,690.4,1136
06/01/2011,14.2,821,311,985,,705.7,413,952.2
07/01/2011,3.3,818,319,1066,,734.3,418.8,1016.4
08/01/2011,2.3,903,421,1157,,827.0,517.4,1106.2
09/01/2011,0.7,990,510,1201,,900.3,606,1158.8
10/01/2011,0,1025,541,1215,,927.0,637.8,1177
11/01/2011,0.9,1004,515,1202,,907.0,612.8,1162.4
12/01/2011,15.3,745,227,983,,651.7,330.6,935.4
13/01/2011,11.7,725,176,1000,,633.7,285.8,945
14/01/2011,10.5,757,241,1050,,682.7,344.2,991.4
15/01/2011,0,852,367,1161,,793.3,464,1099.2
16/01/2011,0,928,442,1198,,856.0,539.2,1144
17/01/2011,0.5,933,444,1195,,857.3,541.8,1142.6
18/01/2011,6.2,959,462,1197,,872.7,561.4,1149.4
19/01/2011,1.7,1010,436,1208,,884.7,550.8,1168.4
20/01/2011,1.2,1063,514,1218,,931.7,623.8,1187
21/01/2011,1.2,1047,502,1212,,920.3,611,1179
22/01/2011,1.8,1076,531,1215,,940.7,640,1187.2
23/01/2011,0.3,1095,549,1220,,954.7,658.2,1195
24/01/2011,1,1028,500,1208,,912.0,605.6,1172
25/01/2011,6.2,1076,550,1226,,950.7,655.2,1196
26/01/2011,0,1164,606,1238,,1002.7,717.6,1223.2
27/01/2011,0,1229,636,1244,,1036.3,754.6,1241
28/01/2011,0,1269,662,1253,,1061.3,780.2,1265.8
29/01/2011,0,1311,690,1265,,1088.7,805,1301.8
30/01/2011,0,1323,713,1265,,1100.3,823.4,1311.4
31/01/2011,0,1341,731,1271,,1114.3,839,1327
01/02/2011,0.9,1336,741,1260,,1112.3,844.8,1320.8
02/02/2011,0.5,1209,707,1235,,1050.3,807.4,1229.8
03/02/2011,3.1,1144,671,1220,,1011.7,765.6,1204.8
04/02/2011,0.1,1187,678,1226,,1030.3,779.8,1218.2
05/02/2011,0,1247,711,1235,,1064.3,815.8,1244.6
06/02/2011,0,1280,729,1240,,1083.0,831.2,1272
07/02/2011,0,1340,767,1257,,1121.3,865,1323.4
08/02/2011,0,1355,788,1264,,1135.7,883.2,1336.8
09/02/2011,0,1339,788,1251,,1126.0,880.6,1321.4
10/02/2011,7,1171,678,1215,,1021.3,776.6,1206.2
11/02/2011,4.2,1066,596,1185,,949.0,690,1161.2
12/02/2011,7.9,1033,557,1186,,925.3,652.2,1155.4
13/02/2011,0,1104,599,1213,,972.0,700,1191.2
14/02/2011,7.4,948,484,1152,,861.3,576.8,1111.2
15/02/2011,2.1,1020,540,1202,,920.7,636,1165.6
16/02/2011,0.3,1117,606,1229,,984.0,708.2,1206.6
17/02/2011,0,1190,660,1241,,1030.3,766,1230.8
18/02/2011,0,1231,697,1249,,1059.0,803.8,1245.4
19/02/2011,0,1275,727,1255,,1085.7,832.6,1271
20/02/2011,0,1314,754,1264,,1110.7,856,1304
21/02/2011,0,1363,783,1271,,1139.0,880.6,1344.6
22/02/2011,0,1388,808,1272,,1156.0,900.8,1364.8
23/02/2011,0,1348,819,1266,,1144.3,908.4,1331.6
24/02/2011,3.4,1256,817,1253,,1108.7,904.2,1255.4
25/02/2011,0.1,1210,783,1239,,1077.3,868.4,1233.2
26/02/2011,2.4,1124,721,1224,,1023.0,801.6,1204
27/02/2011,5.9,1107,686,1227,,1006.7,770.2,1203
28/02/2011,0.1,1183,726,1244,,1051.0,817.4,1231.8
01/03/2011,0,1247,759,1255,,1087.0,856.6,1253.4
02/03/2011,0,1298,786,1258,,1114.0,880.4,1290
03/03/2011,0,1336,811,1260,,1135.7,900.8,1320.8
04/03/2011,0,1349,824,1256,,1143.0,910.4,1330.4
05/03/2011,0,1382,842,1267,,1163.7,927,1359
06/03/2011,0,1413,859,1272,,1181.3,941.6,1384.8
07/03/2011,0,1407,858,1266,,1177.0,939.6,1378.8
08/03/2011,0,1405,857,1261,,1174.3,937.8,1376.2
09/03/2011,0.5,1410,865,1256,,1177.0,943.2,1379.2
10/03/2011,0.4,1434,880,1267,,1193.7,957.4,1400.6
11/03/2011,0.1,1443,882,1265,,1196.7,958.6,1407.4
12/03/2011,0.1,1462,893,1268,,1207.7,968,1423.2
13/03/2011,1.1,1440,896,1260,,1198.7,968.8,1404
14/03/2011,4,1432,893,1262,,1195.7,966.8,1398
15/03/2011,0,1450,891,1266,,1202.3,966,1413.2
16/03/2011,0,1469,899,1270,,1212.7,973.2,1429.2
17/03/2011,0,1497,920,1273,,1230.0,990.6,1452.2
18/03/2011,3.7,1455,931,1268,,1218.0,998.4,1417.6
19/03/2011,0,1468,934,1272,,1224.7,1001.6,1428.8
20/03/2011,0,1495,943,1284,,1240.7,1011.2,1452.8
21/03/2011,0,1511,954,1286,,1250.3,1020.4,1466
22/03/2011,0,1523,961,1292,,1258.7,1027.2,1476.8
23/03/2011,0,1519,963,1286,,1256.0,1027.6,1472.4
24/03/2011,0,1509,956,1276,,1247.0,1020,1462.4
25/03/2011,0,1534,969,1283,,1262.0,1031.8,1483.8
26/03/2011,0.1,1546,981,1294,,1273.7,1043.6,1495.6
27/03/2011,0,1562,990,1297,,1283.0,1051.4,1509
28/03/2011,0,1568,996,1295,,1286.3,1055.8,1513.4
29/03/2011,0,1569,999,1294,,1287.3,1058,1514
30/03/2011,4.6,1520,977,1271,,1256.0,1035.8,1470.2
31/03/2011,5.2,1480,959,1263,,1234.0,1019.8,1436.6
01/04/2011,0.1,1473,949,1265,,1229.0,1012.2,1431.4
02/04/2011,0,1483,940,1260,,1227.7,1004,1438.4
03/04/2011,4.9,1494,919,1241,,1218.0,983.4,1443.4
04/04/2011,0,1517,920,1254,,1230.3,986.8,1464.4
05/04/2011,0.3,1539,935,1265,,1246.3,1001,1484.2
06/04/2011,0.1,1545,944,1264,,1251.0,1008,1488.8
07/04/2011,0,1562,960,1272,,1264.7,1022.4,1504
08/04/2011,0,1575,979,1282,,1278.7,1039.6,1516.4
09/04/2011,0,1596,995,1293,,1294.7,1054.6,1535.4
10/04/2011,0,1594,997,1290,,1293.7,1055.6,1533.2
11/04/2011,0.6,1589,1002,1279,,1290.0,1057.4,1527
12/04/2011,3.1,1579,1009,1278,,1288.7,1062.8,1518.8
13/04/2011,0,1598,1019,1289,,1302.0,1073,1536.2
14/04/2011,0,1617,1027,1298,,1314.0,1081.2,1553.2
15/04/2011,0,1630,1035,1302,,1322.3,1088.4,1564.4
16/04/2011,0,1639,1045,1301,,1328.3,1096.2,1571.4
17/04/2011,0,1636,1048,1301,,1328.3,1098.6,1569
18/04/2011,0,1646,1056,1300,,1334.0,1104.8,1576.8
19/04/2011,0,1653,1066,1304,,1341.0,1113.6,1583.2
20/04/2011,0,1660,1074,1303,,1345.7,1119.8,1588.6
21/04/2011,0,1669,1080,1307,,1352.0,1125.4,1596.6
22/04/2011,0,1683,1092,1309,,1361.3,1135.4,1608.2
23/04/2011,0,1701,1105,1318,,1374.7,1147.6,1624.4
24/04/2011,0,1706,1117,1328,,1383.7,1159.2,1630.4
25/04/2011,0,1712,1127,1337,,1392.0,1169,1637
26/04/2011,0,1705,1133,1332,,1390.0,1172.8,1630.4
27/04/2011,1.6,1697,1137,1311,,1381.7,1171.8,1619.8
28/04/2011,3.8,1699,1145,1321,,1388.3,1180.2,1623.4
29/04/2011,0,1715,1155,1352,,1407.3,1194.4,1642.4
30/04/2011,0,1733,1167,1374,,1424.7,1208.4,1661.2
01/05/2011,0,1743,1174,1389,,1435.3,1217,1672.2
02/05/2011,0,1759,1183,1405,,1449.0,1227.4,1688.2
03/05/2011,0,1761,1190,1411,,1454.0,1234.2,1691
04/05/2011,0.3,1765,1199,1421,,1461.7,1243.4,1696.2
05/05/2011,0,1765,1206,1430,,1467.0,1250.8,1698
06/05/2011,0,1778,1218,1449,,1481.7,1264.2,1712.2
07/05/2011,0,1794,1229,1476,,1499.7,1278.4,1730.4
08/05/2011,0,1803,1240,1489,,1510.7,1289.8,1740.2
09/05/2011,0.3,1801,1247,1495,,1514.3,1296.6,1739.8
10/05/2011,3,1802,1255,1501,,1519.3,1304.2,1741.8
11/05/2011,0.1,1805,1263,1510,,1526.0,1312.4,1746
12/05/2011,1.6,1816,1271,1521,,1536.0,1321,1757
13/05/2011,0,1815,1277,1524,,1538.7,1326.4,1756.8
14/05/2011,0,1832,1285,1532,,1549.7,1334.4,1772
15/05/2011,2.8,1821,1291,1516,,1542.7,1336,1760
16/05/2011,2.9,1817,1293,1508,,1539.3,1336,1755.2
17/05/2011,1.2,1822,1299,1521,,1547.3,1343.4,1761.8
18/05/2011,0,1836,1308,1538,,1560.7,1354,1776.4
19/05/2011,0,1845,1313,1553,,1570.3,1361,1786.6
20/05/2011,0,1857,1322,1566,,1581.7,1370.8,1798.8
21/05/2011,0,1856,1323,1567,,1582.0,1371.8,1798.2
22/05/2011,2.5,1873,1333,1590,,1598.7,1384.4,1816.4
23/05/2011,0,1890,1340,1608,,1612.7,1393.6,1833.6
24/05/2011,0,1895,1352,1618,,1621.7,1405.2,1839.6
25/05/2011,0,1883,1352,1630,,1621.7,1407.6,1832.4
26/05/2011,0.1,1907,1360,1642,,1636.3,1416.4,1854
27/05/2011,0.5,1917,1367,1649,,1644.3,1423.4,1863.4
28/05/2011,0.3,1926,1372,1661,,1653.0,1429.8,1873
29/05/2011,0.1,1941,1380,1682,,1667.7,1440.4,1889.2
30/05/2011,0,1951,1387,1674,,1670.7,1444.4,1895.6
31/05/2011,1.6,1964,1395,1690,,1683.0,1454,1909.2
01/06/2011,0,1974,1404,1715,,1697.7,1466.2,1922.2
02/06/2011,0,1978,1410,1730,,1706.0,1474,1928.4
03/06/2011,0,1980,1413,1748,,1713.7,1480,1933.6
04/06/2011,0,1945,1410,1711,,1688.7,1470.2,1898.2
05/06/2011,7.7,1936,1413,1720,,1689.7,1474.4,1892.8
06/06/2011,0.4,1944,1417,1730,,1697.0,1479.6,1901.2
07/06/2011,0.5,1945,1420,1729,,1698.0,1481.8,1901.8
08/06/2011,3.4,1972,1424,1756,,1717.3,1490.4,1928.8
09/06/2011,0,1984,1428,1761,,1724.3,1494.6,1939.4
10/06/2011,8.9,1987,1430,1725,,1714.0,1489,1934.6
11/06/2011,0.8,1975,1437,1745,,1719.0,1498.6,1929
12/06/2011,0.2,1976,1440,1764,,1726.7,1504.8,1933.6
13/06/2011,0.6,1984,1444,1775,,1734.3,1510.2,1942.2
14/06/2011,0.1,1984,1448,1786,,1739.3,1515.6,1944.4
15/06/2011,0,1966,1448,1770,,1728.0,1512.4,1926.8
16/06/2011,8.4,1945,1445,1759,,1716.3,1507.8,1907.8
17/06/2011,0.1,1932,1445,1772,,1716.3,1510.4,1900
18/06/2011,3.1,1929,1440,1735,,1701.3,1499,1890.2
19/06/2011,8.7,1926,1426,1707,,1686.3,1482.2,1882.2
20/06/2011,0,1925,1425,1718,,1689.3,1483.6,1883.6
21/06/2011,1.9,1924,1427,1737,,1696.0,1489,1886.6
22/06/2011,1,1934,1428,1758,,1706.7,1494,1898.8
23/06/2011,1.2,1951,1437,1778,,1722.0,1505.2,1916.4
24/06/2011,1.6,1951,1439,1774,,1721.3,1506,1915.6
25/06/2011,3.1,1936,1440,1764,,1713.3,1504.8,1901.6
26/06/2011,1.4,1944,1448,1792,,1728.0,1516.8,1913.6
27/06/2011,0,1963,1452,1821,,1745.3,1525.8,1934.6
28/06/2011,3.1,1943,1453,1792,,1729.3,1520.8,1912.8
29/06/2011,4.3,1947,1453,1801,,1733.7,1522.6,1917.8
30/06/2011,0,1942,1457,1814,,1737.7,1528.4,1916.4
01/07/2011,5.3,1929,1460,1821,,1736.7,1532.2,1907.4
02/07/2011,0.1,1938,1465,1831,,1744.7,1538.2,1916.6
03/07/2011,0,1957,1469,1845,,1757.0,1544.2,1934.6
04/07/2011,0,1968,1471,1856,,1765.0,1548,1945.6
05/07/2011,0,1977,1473,1867,,1772.3,1551.8,1955
06/07/2011,0.3,1991,1478,1877,,1782.0,1557.8,1968.2
07/07/2011,0,2007,1484,1894,,1795.0,1566,1984.4
08/07/2011,0.3,2021,1492,1907,,1806.7,1575,1998.2
09/07/2011,1.1,2028,1497,1918,,1814.3,1581.2,2006
10/07/2011,0,2032,1499,1931,,1820.7,1585.4,2011.8
11/07/2011,0,2038,1506,1948,,1830.7,1594.4,2020
12/07/2011,1,2016,1502,1925,,1814.3,1586.6,1997.8
13/07/2011,2.6,1997,1494,1897,,1796.0,1574.6,1977
14/07/2011,14.8,1965,1493,1859,,1772.3,1566.2,1943.8
15/07/2011,2.2,1953,1499,1886,,1779.3,1576.4,1939.6
16/07/2011,14.7,1890,1473,1823,,1728.7,1543,1876.6
17/07/2011,11.8,1879,1458,1805,,1714.0,1527.4,1864.2
18/07/2011,0.4,1884,1465,1821,,1723.3,1536.2,1871.4
19/07/2011,0,1890,1471,1839,,1733.3,1544.6,1879.8
20/07/2011,0.8,1894,1475,1858,,1742.3,1551.6,1886.8
21/07/2011,0,1891,1476,1870,,1745.7,1554.8,1886.8
22/07/2011,0,1891,1478,1887,,1752.0,1559.8,1890.2
23/07/2011,1.4,1873,1475,1861,,1736.3,1552.2,1870.6
24/07/2011,13.9,1864,1468,1854,,1728.7,1545.2,1862
25/07/2011,0.1,1860,1462,1853,,1725.0,1540.2,1858.6
26/07/2011,3,1849,1457,1846,,1717.3,1534.8,1848.4
27/07/2011,0.5,1836,1449,1814,,1699.7,1522,1831.6
28/07/2011,10,1808,1426,1758,,1664.0,1492.4,1798
29/07/2011,0,1797,1412,1749,,1652.7,1479.4,1787.4
30/07/2011,0,1800,1402,1749,,1650.3,1471.4,1789.8
31/07/2011,0,1811,1397,1768,,1658.7,1471.2,1802.4
01/08/2011,0,1824,1394,1799,,1672.3,1475,1819
02/08/2011,0,1819,1389,1806,,1671.3,1472.4,1816.4
03/08/2011,24.9,1776,1333,1730,,1613.0,1412.4,1766.8
04/08/2011,1.8,1765,1303,1724,,1597.3,1387.2,1756.8
05/08/2011,0.6,1750,1286,1718,,1584.7,1372.4,1743.6
06/08/2011,4.8,1739,1269,1702,,1570.0,1355.6,1731.6
07/08/2011,0.8,1689,1252,1683,,1541.3,1338.2,1687.8
08/08/2011,17.4,1611,1229,1653,,1497.7,1305.4,1644.6
09/08/2011,1,1601,1206,1635,,1480.7,1285,1628.2
10/08/2011,0.1,1605,1188,1640,,1477.7,1271.4,1633
11/08/2011,1.6,1611,1175,1628,,1471.3,1262.2,1624.6
12/08/2011,10.4,1587,1164,1613,,1454.7,1248.6,1607.8
13/08/2011,2.5,1440,1127,1562,,1376.3,1189.6,1537.6
14/08/2011,18.2,1377,1075,1509,,1320.3,1135.4,1482.6
15/08/2011,0,1429,1050,1485,,1321.3,1125.8,1473.8
16/08/2011,0,1467,1037,1480,,1328.0,1123,1477.4
17/08/2011,0,1493,1032,1470,,1331.7,1119.6,1488.4
18/08/2011,6.6,1454,1018,1438,,1303.3,1102,1450.8
19/08/2011,3.3,1466,1009,1448,,1307.7,1096.8,1462.4
20/08/2011,0,1472,1002,1431,,1301.7,1087.8,1463.8
21/08/2011,2.8,1458,1002,1417,,1292.3,1085,1449.8
22/08/2011,0.1,1293,964,1364,,1207.0,1029.8,1349.8
23/08/2011,23.6,1162,887,1298,,1115.7,942,1270.8
24/08/2011,0,1242,884,1305,,1143.7,955.6,1292.4
25/08/2011,0,1178,873,1306,,1119.0,934,1280.4
26/08/2011,15.9,1062,837,1295,,1064.7,882,1248.4
27/08/2011,3,1110,831,1304,,1081.7,886.8,1265.2
28/08/2011,5.3,1094,831,1308,,1077.7,883.6,1265.2
29/08/2011,2.3,1150,848,1322,,1106.7,908.4,1287.6
30/08/2011,3.4,1174,846,1313,,1111.0,911.6,1285.2
31/08/2011,1,1233,855,1326,,1138.0,930.6,1307.4
01/09/2011,0,1289,875,1375,,1179.7,957.8,1357.8
02/09/2011,0,1335,901,1419,,1218.3,987.8,1402.2
03/09/2011,0,1365,915,1422,,1234.0,1005,1410.6
04/09/2011,2.7,1402,931,1430,,1254.3,1025.2,1424.4
05/09/2011,6.9,1407,937,1432,,1258.7,1031,1427
06/09/2011,15.1,1155,824,1338,,1105.7,890.2,1301.4
07/09/2011,8.8,983,705,1293,,993.7,760.6,1231
08/09/2011,23.1,1008,646,1284,,979.3,718.4,1228.8
09/09/2011,0.2,1090,676,1299,,1021.7,758.8,1257.2
10/09/2011,0,1155,723,1307,,1061.7,809.4,1276.6
11/09/2011,0,1212,763,1322,,1099.0,852.8,1300
12/09/2011,0.1,1277,809,1348,,1144.7,902.6,1333.8
13/09/2011,0.7,1317,845,1375,,1179.0,939.4,1363.4
14/09/2011,0.1,1363,880,1398,,1213.7,976.6,1391
15/09/2011,0,1390,903,1414,,1235.7,1000.4,1409.2
16/09/2011,0.5,1405,914,1413,,1244.0,1012.2,1411.4
17/09/2011,0,1403,922,1395,,1240.0,1016.6,1401.4
18/09/2011,4.4,1428,939,1383,,1250.0,1027.8,1419
19/09/2011,0,1463,953,1394,,1270.0,1041.2,1449.2
20/09/2011,0,1473,960,1409,,1280.7,1049.8,1460.2
21/09/2011,0.1,1500,976,1427,,1301.0,1066.2,1485.4
22/09/2011,0,1522,989,1437,,1316.0,1078.6,1505
23/09/2011,0,1538,1005,1447,,1330.0,1093.4,1519.8
24/09/2011,0,1562,1017,1461,,1346.7,1105.8,1541.8
25/09/2011,0,1582,1031,1469,,1360.7,1118.6,1559.4
26/09/2011,0,1602,1050,1478,,1376.7,1135.6,1577.2
27/09/2011,0,1606,1055,1488,,1383.0,1141.6,1582.4
28/09/2011,0,1618,1064,1505,,1395.7,1152.2,1595.4
29/09/2011,0,1629,1079,1527,,1411.7,1168.6,1608.6
30/09/2011,0,1644,1091,1543,,1426.0,1181.4,1623.8
01/10/2011,0,1649,1097,1548,,1431.3,1187.2,1628.8
02/10/2011,0,1649,1099,1557,,1435.0,1190.6,1630.6
03/10/2011,0,1663,1106,1563,,1444.0,1197.4,1643
04/10/2011,0,1666,1111,1559,,1445.3,1200.6,1644.6
05/10/2011,0.1,1644,1100,1540,,1428.0,1188,1623.2
06/10/2011,5.6,1604,1104,1522,,1410.0,1187.6,1587.6
07/10/2011,14.6,1436,1100,1502,,1346.0,1167.2,1488.8
08/10/2011,3.5,1409,1079,1478,,1322.0,1145,1464.2
09/10/2011,4.5,1304,1035,1412,,1250.3,1088.8,1390.4
10/10/2011,2.5,1297,1012,1382,,1230.3,1069,1365
11/10/2011,7.1,1062,900,1318,,1093.3,932.4,1266.8
12/10/2011,17.3,1036,805,1291,,1044.0,851.2,1240
13/10/2011,0,1139,814,1309,,1087.3,879,1275
14/10/2011,0,1206,841,1319,,1122.0,914,1296.4
15/10/2011,0,1253,866,1333,,1150.7,943.4,1317
16/10/2011,0,1285,883,1338,,1168.7,963.4,1327.4
17/10/2011,0,1243,870,1326,,1146.3,944.6,1309.4
18/10/2011,5.7,1222,864,1323,,1136.3,935.6,1302.8
19/10/2011,1.7,1223,860,1325,,1136.0,932.6,1304.6
20/10/2011,1.3,1245,874,1333,,1150.7,948.2,1315.4
21/10/2011,0,1291,892,1348,,1177.0,971.8,1336.6
22/10/2011,0,1330,912,1363,,1201.7,995.6,1356.4
23/10/2011,0,1358,926,1374,,1219.3,1012.4,1370.8
24/10/2011,0,1380,941,1380,,1233.7,1028.8,1380
25/10/2011,1.9,1400,962,1385,,1249.0,1046.6,1397
26/10/2011,0,1423,980,1396,,1266.3,1063.2,1417.6
27/10/2011,0,1449,994,1401,,1281.3,1075.4,1439.4
28/10/2011,0,1446,998,1396,,1280.0,1077.6,1436
29/10/2011,0,1454,1003,1391,,1282.7,1080.6,1441.4
30/10/2011,0,1460,1007,1391,,1286.0,1083.8,1446.2
31/10/2011,0,1470,1011,1391,,1290.7,1087,1454.2
01/11/2011,0.5,1472,1017,1392,,1293.7,1092,1456
02/11/2011,0,1471,1018,1390,,1293.0,1092.4,1454.8
03/11/2011,0,1494,1030,1401,,1308.3,1104.2,1475.4
04/11/2011,0.5,1511,1041,1415,,1322.3,1115.8,1491.8
05/11/2011,0,1538,1054,1422,,1338.0,1127.6,1514.8
06/11/2011,0,1544,1061,1420,,1341.7,1132.8,1519.2
07/11/2011,0,1550,1068,1422,,1346.7,1138.8,1524.4
08/11/2011,0,1562,1071,1423,,1352.0,1141.4,1534.2
09/11/2011,0,1568,1077,1422,,1355.7,1146,1538.8
10/11/2011,0,1579,1087,1425,,1363.7,1154.6,1548.2
11/11/2011,0,1596,1095,1433,,1374.7,1162.6,1563.4
12/11/2011,0,1597,1100,1431,,1376.0,1166.2,1563.8
13/11/2011,0,1595,1099,1423,,1372.3,1163.8,1560.6
14/11/2011,0,1602,1101,1431,,1378.0,1167,1567.8
15/11/2011,0,1610,1103,1436,,1383.0,1169.6,1575.2
16/11/2011,0,1615,1107,1434,,1385.3,1172.4,1578.8
17/11/2011,0,1615,1110,1433,,1386.0,1174.6,1578.6
18/11/2011,0,1618,1114,1433,,1388.3,1177.8,1581
19/11/2011,0,1622,1117,1434,,1391.0,1180.4,1584.4
20/11/2011,0,1621,1118,1435,,1391.3,1181.4,1583.8
21/11/2011,0,1634,1121,1440,,1398.3,1184.8,1595.2
22/11/2011,0,1644,1126,1441,,1403.7,1189,1603.4
23/11/2011,0.3,1634,1127,1434,,1398.3,1188.4,1594
24/11/2011,0,1611,1117,1426,,1384.7,1178.8,1574
25/11/2011,0.6,1613,1119,1421,,1384.3,1179.4,1574.6
26/11/2011,0,1599,1111,1413,,1374.3,1171.4,1561.8
27/11/2011,2.1,1600,1121,1417,,1379.3,1180.2,1563.4
28/11/2011,0,1577,1111,1409,,1365.7,1170.6,1543.4
29/11/2011,0.7,1598,1120,1408,,1375.3,1177.6,1560
30/11/2011,0,1569,1103,1395,,1355.7,1161.4,1534.2
01/12/2011,4.2,1522,1089,1367,,1326.0,1144.6,1491
02/12/2011,1,1428,1051,1333,,1270.7,1107.4,1409
03/12/2011,7.6,1334,1012,1316,,1220.7,1072.8,1330.4
04/12/2011,4.7,1289,985,1308,,1194.0,1045.8,1304.2
05/12/2011,6.1,1240,953,1308,,1167.0,1010.4,1294.4
06/12/2011,7.2,1113,893,1292,,1099.3,937,1256.2
07/12/2011,10.3,1106,852,1294,,1084.0,902.8,1256.4
08/12/2011,5.4,1049,775,1281,,1035.0,829.8,1234.6
09/12/2011,3.5,1091,771,1294,,1052.0,835,1253.4
10/12/2011,1.6,1159,785,1305,,1083.0,859.8,1275.8
11/12/2011,0.1,1157,773,1301,,1077.0,849.8,1272.2
12/12/2011,2.2,1026,696,1280,,1000.7,762,1229.2
13/12/2011,8.4,948,610,1266,,941.3,677.6,1202.4
14/12/2011,10.8,956,573,1274,,934.3,649.6,1210.4
15/12/2011,6.2,840,460,1246,,848.7,536,1164.8
16/12/2011,16.2,885,456,1259,,866.7,541.8,1184.2
17/12/2011,2.1,896,482,1275,,884.3,564.8,1199.2
18/12/2011,0.8,939,544,1285,,922.7,623,1215.8
19/12/2011,1.4,894,482,1276,,884.0,564.4,1199.6
20/12/2011,5.8,944,532,1282,,919.3,614.4,1214.4
21/12/2011,0.4,952,517,1281,,916.7,604,1215.2
22/12/2011,4.2,962,519,1279,,920.0,607.6,1215.6
23/12/2011,1.6,932,499,1274,,901.7,585.6,1205.6
24/12/2011,2.8,1002,547,1283,,944.0,638,1226.8
25/12/2011,0.9,1040,574,1285,,966.3,667.2,1236
26/12/2011,1.1,1076,603,1290,,989.7,697.6,1247.2
27/12/2011,0,1103,621,1290,,1004.7,717.4,1252.6
28/12/2011,0.2,1121,632,1287,,1013.3,729.8,1253.8
29/12/2011,4.6,1010,557,1275,,947.3,647.6,1222
30/12/2011,0.9,1002,547,1277,,942.0,638,1222
31/12/2011,5.5,909,447,1256,,870.7,539.4,1186.6
01/01/2012,9.3,820,367,1239,,808.7,457.6,1155.2
02/01/2012,8.6,864,391,1258,,837.7,485.6,1179.2
03/01/2012,7.1,832,385,1261,,826.0,474.4,1175.2
04/01/2012,5.7,740,295,1230,,755.0,384,1132
05/01/2012,13.1,794,382,1252,,809.3,464.4,1160.4
06/01/2012,0.9,836,379,1250,,821.7,470.4,1167.2
07/01/2012,7.3,891,551,1260,,900.7,619,1186.2
08/01/2012,0.2,939,609,1268,,938.7,675,1202.2
09/01/2012,1.9,992,669,1275,,978.7,733.6,1218.4
10/01/2012,0,1035,716,1287,,1012.7,779.8,1236.6
11/01/2012,0.4,1021,704,1285,,1003.3,767.4,1232.2
12/01/2012,1.9,1025,688,1285,,999.3,755.4,1233
13/01/2012,1.2,1098,747,1292,,1045.7,817.2,1253.2
14/01/2012,0.1,1148,789,1300,,1079.0,860.8,1269.6
15/01/2012,0,1188,824,1306,,1106.0,896.8,1282.4
16/01/2012,0,1225,852,1307,,1128.0,929.1,1282.4
17/01/2012,0,1234,856,1304,,1131.3,932.5,1283
18/01/2012,3.6,988,630,1267,,961.7,737.4,1216.9
19/01/2012,12.8,844,590,1258,,897.3,666.2,1189
20/01/2012,4.3,804,551,1252,,869.0,626.9,1167.7
21/01/2012,7.8,849,563,1260,,890.7,648.8,1160.7
22/01/2012,3.9,869,549,1265,,894.3,645,1155.5
23/01/2012,8.5,850,595,1267,,904.0,671.5,1147.9
24/01/2012,0.5,947,686,1287,,973.3,739.1,1185
25/01/2012,0,999,733,1282,,1004.7,775.6,1197.1000000000001
26/01/2012,1.6,1041,764,1283,,1029.3,806.9,1210.4
27/01/2012,0,1105,808,1291,,1068.0,846.7,1235.2
28/01/2012,0,1145,837,1293,,1091.7,871.2,1248.6
29/01/2012,0.1,1191,861,1299,,1117.0,891.9,1266.6
30/01/2012,0,1250,892,1311,,1151.0,919.6,1292.7
31/01/2012,0,1318,922,1333,,1191.0,946.9,1328.5
01/02/2012,0,1367,952,1342,,1220.3,973.3,1359.5
02/02/2012,0,1409,978,1356,,1247.7,996,1393.1
03/02/2012,0.1,1444,1011,1370,,1275.0,1027.5,1421.8
04/02/2012,0,1471,1036,1355,,1287.3,1050.1,1436.2
05/02/2012,0,1502,1066,1339,,1302.3,1078.3,1453.1000000000001
06/02/2012,0,1533,1098,1357,,1329.3,1107.6,1480.2
07/02/2012,0,1552,1113,1366,,1343.7,1127.4,1496.2
08/02/2012,0,1558,1125,1361,,1348.0,1140.9,1498.9
09/02/2012,0,1584,1146,1376,,1368.7,1160.4,1521.6000000000001
10/02/2012,0,1594,1165,1383,,1380.7,1177,1530.7
11/02/2012,0,1603,1177,1388,,1389.3,1192.3,1538.5
12/02/2012,0,1589,1172,1363,,1374.7,1196.9,1521.2
13/02/2012,1.1,1572,1161,1327,,1353.3,1192.8,1498.5
14/02/2012,4.2,1542,1140,1303,,1328.3,1181.7,1470.3
15/02/2012,0.1,1547,1143,1301,,1330.3,1189.5,1473.2
16/02/2012,0.6,1509,1110,1295,,1304.7,1165.5,1449.9
17/02/2012,0.4,1453,1066,1292,,1270.3,1133.8,1412.2
18/02/2012,7.6,1315,974,1277,,1188.7,1064.9,1318.5
19/02/2012,0.1,1318,972,1286,,1192.0,1066.2,1319.4
20/02/2012,0,1300,962,1291,,1184.3,1060.7,1307
21/02/2012,0,1259,958,1293,,1170.0,1048.3,1295.8
22/02/2012,0.5,1195,942,1291,,1142.7,1017.9,1290.7
23/02/2012,0.7,1167,945,1290,,1134.0,1011.6,1288.5
24/02/2012,1.4,1165,931,1290,,1128.7,1001.2,1283.4
25/02/2012,0,1225,955,1295,,1158.3,1036,1286.9
26/02/2012,0.3,1257,965,1297,,1173.0,1052.6,1288
27/02/2012,0.2,1271,974,1295,,1180.0,1063.1,1288.7
28/02/2012,0.1,1272,974,1295,,1180.3,1063.4,1293.2
29/02/2012,0.1,1296,984,1299,,1193.0,1077.6,1298.4
01/03/2012,0.1,1319,998,1302,,1206.3,1089.2,1314.8
02/03/2012,0,1338,1004,1304,,1215.3,1094,1328.7
03/03/2012,0,1346,1011,1303,,1220.0,1098.6,1335.8
04/03/2012,2.8,1275,978,1296,,1183.0,1067.1,1307.2
05/03/2012,1.4,1349,1003,1304,,1218.7,1093.3,1343
06/03/2012,0,1328,995,1296,,1206.3,1085.3,1324.7
07/03/2012,6.8,1216,934,1285,,1145.0,1018.6,1316.5
08/03/2012,0,1290,952,1293,,1178.3,1053.4,1324.5
09/03/2012,0,1317,968,1292,,1192.3,1065.2,1334.5
10/03/2012,1.2,1343,985,1295,,1207.7,1078,1346.5
11/03/2012,0,1375,1003,1301,,1226.3,1092.4,1367.5
12/03/2012,0.1,1397,1021,1306,,1241.3,1106.5,1385
13/03/2012,0,1409,1034,1308,,1250.3,1116.2,1394.3
14/03/2012,0,1421,1036,1309,,1255.3,1117.9,1403.9
15/03/2012,0,1433,1037,1303,,1257.7,1116.8,1413.5
16/03/2012,0,1445,1048,1303,,1265.3,1124.5,1424.6
17/03/2012,0.3,1458,1057,1299,,1271.3,1129.6,1435.2
18/03/2012,0.9,1492,1080,1310,,1294.0,1149,1464.1
19/03/2012,0,1503,1091,1323,,1305.7,1160.6,1474.5
20/03/2012,0,1516,1102,1329,,1315.7,1170.1,1488.1
21/03/2012,0,1522,1108,1333,,1321.0,1175.5,1494.4
22/03/2012,0,1526,1111,1334,,1323.7,1177.9,1499.9
23/03/2012,0,1544,1123,1339,,1335.3,1187.8,1516.4
24/03/2012,0,1562,1136,1346,,1348.0,1199,1532.9
25/03/2012,0,1577,1147,1352,,1358.7,1208.5,1546.1
26/03/2012,0,1583,1152,1349,,1361.3,1211.1,1553.3
27/03/2012,0,1584,1157,1344,,1361.7,1213.1,1556.7
28/03/2012,0,1584,1159,1336,,1359.7,1212.1,1558.2
29/03/2012,0.1,1591,1163,1329,,1361.0,1212.8,1565.8
30/03/2012,1.2,1598,1171,1330,,1366.3,1218.7,1571.9
31/03/2012,0,1618,1183,1344,,1381.7,1231.3,1588.6
01/04/2012,0.1,1614,1187,1340,,1380.3,1232.9,1590
02/04/2012,0,1616,1192,1337,,1381.7,1235.5,1593.2
03/04/2012,0,1634,1203,1323,,1386.7,1239,1609.1
04/04/2012,7.6,1643,1209,1319,,1390.3,1242,1618.4
05/04/2012,0,1626,1208,1328,,1387.3,1244,1608.3
06/04/2012,0.4,1636,1217,1334,,1395.7,1252.1,1616.5
07/04/2012,0.6,1646,1223,1341,,1403.3,1258.4,1627.7
08/04/2012,0,1605,1195,1307,,1369.0,1228.6,1600.8
09/04/2012,10.1,1534,1145,1274,,1317.7,1183.7,1575.3
10/04/2012,13.3,1381,1047,1260,,1229.3,1110.9,1528
11/04/2012,0.5,1388,1040,1273,,1233.7,1109.9,1526.6000000000001
12/04/2012,2.1,1394,1060,1284,,1246.0,1127.2,1522.8
13/04/2012,0.1,1418,1084,1288,,1263.3,1145.2,1526.5
14/04/2012,1.7,1445,1107,1295,,1282.3,1163.4,1540.2
15/04/2012,0,1468,1129,1303,,1300.0,1181.2,1551.3
16/04/2012,0,1475,1123,1306,,1301.3,1177.9,1544.3
17/04/2012,1,1483,1125,1303,,1303.7,1178.4,1541.8
18/04/2012,2,1483,1141,1301,,1308.3,1189,1548.8
19/04/2012,0.1,1510,1164,1317,,1330.3,1209.9,1568.8
20/04/2012,0,1473,1178,1323,,1324.7,1221.5,1566.8
21/04/2012,4.9,1458,1192,1303,,1317.7,1225.3,1567.2
22/04/2012,0.9,1445,1200,1304,,1316.3,1231.2,1566.1000000000001
23/04/2012,0.8,1462,1204,1303,,1323.0,1233.7,1574
24/04/2012,1.6,1481,1211,1307,,1333.0,1239.8,1583.9
25/04/2012,1.6,1502,1218,1316,,1345.3,1247.4,1597.9
26/04/2012,1,1534,1233,1317,,1361.3,1258.2,1618.7
27/04/2012,0.1,1526,1232,1307,,1355.0,1254.5,1619.8
28/04/2012,2.8,1520,1226,1304,,1350.0,1249.4,1618.7
29/04/2012,0,1559,1247,1327,,1377.7,1271,1643.7
30/04/2012,0,1568,1252,1329,,1383.0,1275.1,1652
01/05/2012,1.4,1569,1257,1328,,1384.7,1278.3,1657.2
02/05/2012,7.7,1532,1254,1318,,1368.0,1273.2,1646.1000000000001
03/05/2012,0,1527,1257,1328,,1370.7,1278.3,1643.9
04/05/2012,0,1563,1271,1336,,1390.0,1290.5,1658.9
05/05/2012,2.4,1582,1282,1336,,1400.0,1298.2,1670.2
06/05/2012,0.4,1599,1290,1343,,1410.7,1305.9,1687.2
07/05/2012,0,1599,1291,1349,,1413.0,1308.4,1692.1
08/05/2012,0,1592,1291,1330,,1404.3,1302.7,1698.4
09/05/2012,5.5,1544,1291,1305,,1380.0,1295.2,1691
10/05/2012,10.2,1455,1276,1276,,1335.7,1276,1669.9
11/05/2012,0,1473,1292,1291,,1352.0,1291.3,1680.2
12/05/2012,0,1486,1295,1309,,1363.3,1299.2,1686.9
13/05/2012,0,1497,1294,1328,,1373.0,1304.2,1686
14/05/2012,0,1508,1296,1325,,1376.3,1304.7,1690.7
15/05/2012,6,1491,1298,1298,,1362.3,1298,1693.3
16/05/2012,1.2,1484,1305,1303,,1364.0,1303.6,1706.6000000000001
17/05/2012,0,1498,1307,1313,,1372.7,1308.8,1712.2
18/05/2012,0,1528,1316,1331,,1391.7,1320.5,1730.3
19/05/2012,0.3,1544,1322,1348,,1404.7,1329.8,1740.7
20/05/2012,2.1,1556,1329,1367,,1417.3,1340.4,1747.1000000000001
21/05/2012,0,1598,1347,1401,,1448.7,1363.2,1775.8
22/05/2012,0,1635,1362,1433,,1476.7,1383.3,1796.7
23/05/2012,1.1,1653,1376,1443,,1490.7,1396.1,1800.7
24/05/2012,0,1674,1386,1479,,1513.0,1413.9,1811.9
25/05/2012,0,1690,1395,1500,,1528.3,1426.5,1823
26/05/2012,0,1704,1404,1515,,1541.0,1437.3,1833.5
27/05/2012,0,1717,1409,1520,,1548.7,1442.3,1841.6000000000001
28/05/2012,0,1738,1422,1535,,1565.0,1455.9,1852.8
29/05/2012,0,1756,1434,1556,,1582.0,1470.6,1869.4
30/05/2012,0,1752,1434,1530,,1572.0,1462.8,1871
31/05/2012,5.8,1752,1439,1513,,1568.0,1461.2,1878
01/06/2012,0,1759,1448,1542,,1583.0,1476.2,1888.5
02/06/2012,0,1754,1450,1504,,1569.3,1466.2,1887
03/06/2012,6.8,1731,1451,1432,,1538.0,1437.7,1885.7
04/06/2012,10.7,1697,1446,1371,,1504.7,1393.5,1884.6000000000001
05/06/2012,0.1,1657,1435,1359,,1483.7,1381.8,1871.9
06/06/2012,7.3,1623,1431,1356,,1470.0,1378.5,1872.9
07/06/2012,6.2,1612,1432,1355,,1466.3,1378.1,1873.1000000000001
08/06/2012,0.9,1621,1438,1383,,1480.7,1399.5,1877.2
09/06/2012,0.1,1632,1447,1415,,1498.0,1424.6,1888.2
10/06/2012,0,1644,1453,1441,,1512.7,1444.6,1896.7
11/06/2012,0,1667,1459,1453,,1526.3,1454.8,1906.4
12/06/2012,0,1697,1466,1477,,1546.7,1469.3,1921.7
13/06/2012,0,1718,1474,1497,,1563.0,1480.9,1935.7
14/06/2012,0,1716,1474,1479,,1556.3,1475.5,1937.2
15/06/2012,6.8,1683,1472,1435,,1530.0,1446.1,1932.9
16/06/2012,5.4,1629,1476,1459,,1521.3,1464.1,1923.7
17/06/2012,0,1610,1477,1434,,1507.0,1446.9,1920.8000000000002
18/06/2012,6.3,1605,1482,1443,,1510.0,1454.7,1928.4
19/06/2012,0,1613,1484,1461,,1519.3,1467.9,1935
20/06/2012,0,1628,1482,1465,,1525.0,1470.1,1940.2
21/06/2012,8,1607,1468,1423,,1499.3,1436.5,1939.5
22/06/2012,6.3,1601,1464,1459,,1508.0,1460.5,1941.2
23/06/2012,0,1580,1449,1429,,1486.0,1435,1932.1000000000001
24/06/2012,8.5,1549,1438,1406,,1464.3,1415.6,1929.1000000000001
25/06/2012,0.2,1576,1444,1420,,1480.0,1427.2,1944.9
26/06/2012,0,1583,1439,1408,,1476.7,1417.3,1948.4
27/06/2012,0.8,1594,1438,1423,,1485.0,1427.5,1958.7
28/06/2012,0,1615,1445,1438,,1499.3,1440.1,1965
29/06/2012,0.3,1634,1460,1483,,1525.7,1466.9,1977.7
30/06/2012,0,1667,1476,1528,,1557.0,1491.6,1991.8000000000002
01/07/2012,0.2,1698,1487,1559,,1581.3,1508.6,2006.7
02/07/2012,0,1720,1495,1581,,1598.7,1520.8,2020.3000000000002
03/07/2012,0,1739,1503,1605,,1615.7,1533.6,2033
04/07/2012,0,1717,1507,1621,,1615.0,1191.4,1985.8
05/07/2012,4,1647,1512,1626,,1595.0,1171.2,1959.6000000000001
06/07/2012,3.3,1677,1520,1646,,1614.3,1188.2,1979.4
07/07/2012,0,1681,1519,1613,,1604.3,1193.2,1977.4
08/07/2012,9.2,1666,1519,1587,,1590.7,1188.4,1975
09/07/2012,2.8,1667,1526,1609,,1600.7,1193,1980.8
10/07/2012,0.1,1676,1530,1632,,1612.7,1199.4,1988
11/07/2012,0.1,1698,1537,1638,,1624.3,1214.2,2001
12/07/2012,2.8,1687,1534,1618,,1613.0,1207,1999
13/07/2012,6.2,1677,1536,1606,,1606.3,1210.2,1996.8
14/07/2012,7.4,1596,1541,1583,,1573.3,1174.4,1972.2
15/07/2012,0.6,1575,1541,1569,,1561.7,1146.2,1967.4
16/07/2012,16,1371,1485,1394,,1416.7,994.2,1930.2
17/07/2012,2.1,1357,1452,1364,,1391.0,988,1918.8000000000002
18/07/2012,1.9,1400,1435,1361,,1398.7,1007,1911.4
19/07/2012,3.7,1448,1428,1375,,1417.0,1023.4,1923.2
20/07/2012,0,1496,1427,1410,,1444.3,1048.2,1945.4
21/07/2012,0,1531,1426,1444,,1467.0,1061.2,1965.4
22/07/2012,0,1560,1430,1485,,1491.7,1076,1981.2
23/07/2012,0,1586,1439,1527,,1517.3,1094.6,1997
24/07/2012,0,1620,1447,1571,,1546.0,1116.4,2013.6000000000001
25/07/2012,0,1656,1463,1606,,1575.0,1140.8,2029.2
26/07/2012,0,1675,1472,1631,,1592.7,1156.4,2038.6000000000001
27/07/2012,0.2,1549,1440,1385,,1458.0,1067.6,1979.2
28/07/2012,47.5,1470,1366,1299,,1378.3,996.6,1936.8000000000002
29/07/2012,0.3,1490,1332,1312,,1378.0,1003.6,1943.6000000000001
30/07/2012,4.5,1501,1310,1327,,1379.3,1002.8,1946.2
31/07/2012,0.1,1514,1301,1369,,1394.7,999.8,1955
01/08/2012,0,1549,1298,1402,,1416.3,1014.2,1969.6000000000001
02/08/2012,0.9,1585,1304,1438,,1442.3,1033.4,1991.8000000000002
03/08/2012,0,1612,1311,1466,,1463.0,1053.6,2006.8000000000002
04/08/2012,0.4,1632,1317,1493,,1480.7,1068.6,2017.8000000000002
05/08/2012,1.5,1650,1323,1506,,1493.0,1084.2,2025.6000000000001
06/08/2012,1.8,1669,1334,1524,,1509.0,1103.6,2035.6000000000001
07/08/2012,5,1681,1347,1551,,1526.3,1114.8,2047
08/08/2012,0,1700,1359,1577,,1545.3,1131.6,2056.4
09/08/2012,0,1719,1372,1606,,1565.7,1145.2,2068.8
10/08/2012,0,1731,1381,1629,,1580.3,1153.6,2076
11/08/2012,0,1749,1397,1658,,1601.3,1166,2088.6
12/08/2012,0,1771,1416,1685,,1624.0,1187.4,2100.4
13/08/2012,0.1,1788,1434,1701,,1641.0,1206,2112
14/08/2012,0.1,1799,1448,1718,,1655.0,1217.6,2121.2
15/08/2012,5.3,1817,1465,1717,,1666.3,1241.8,2132.6
16/08/2012,0,1831,1480,1743,,1684.7,1252,2144.2
17/08/2012,0,1848,1497,1764,,1703.0,1267.8,2157
18/08/2012,0,1859,1513,1783,,1718.3,1284.4,2168
19/08/2012,0,1873,1523,1804,,1733.3,1301,2174.8
20/08/2012,0,1870,1531,1824,,1741.7,1303,2173.6
21/08/2012,0,1876,1540,1833,,1749.7,1318,2179
22/08/2012,0,1883,1551,1845,,1759.7,1324.8,2186.6
23/08/2012,0,1887,1558,1855,,1766.7,1329.4,2189.4
24/08/2012,4,1891,1562,1860,,1771.0,1335.8,2194
25/08/2012,0.6,1894,1563,1827,,1761.3,1341.6,2196.4
26/08/2012,14.9,1889,1567,1799,,1751.7,1322.2,2201
27/08/2012,0,1885,1566,1830,,1760.3,1324.2,2202.4
28/08/2012,1.1,1896,1573,1858,,1775.7,1334.2,2211
29/08/2012,0,1905,1580,1873,,1786.0,1346,2216.4
30/08/2012,0,1901,1584,1825,,1770.0,1355.4,2214.8
31/08/2012,10.6,1901,1592,1812,,1768.3,1351.4,2221.4
01/09/2012,0,1908,1598,1845,,1783.7,1356.2,2226.6
02/09/2012,0,1913,1604,1864,,1793.7,1363.4,2231.6
03/09/2012,0,1917,1608,1875,,1800.0,1366.8,2238.6
04/09/2012,0,1927,1613,1882,,1807.3,1378.4,2243.8
05/09/2012,0,1935,1620,1887,,1814.0,1381.8,2250.6
06/09/2012,0,1936,1619,1889,,1814.7,1381.4,2257.6
07/09/2012,0,1949,1623,1900,,1824.0,1385.4,2266.4
08/09/2012,0,1963,1630,1911,,1834.7,1388.8,2274.4
09/09/2012,0,1975,1636,1921,,1844.0,1399.6,2279.8
10/09/2012,0,1968,1634,1909,,1837.0,1397,2275.2
11/09/2012,5,1960,1640,1908,,1836.0,1398.2,2274.4
12/09/2012,1.3,1963,1645,1920,,1842.7,1400.2,2278
13/09/2012,2.7,1946,1639,1914,,1833.0,1389.4,2271.2
14/09/2012,1.6,1964,1648,1922,,1844.7,1402.6,2282.6
15/09/2012,0,1969,1656,1933,,1852.7,1403.4,2289.4
16/09/2012,0,1975,1655,1934,,1854.7,1406.6,2290.6
17/09/2012,0,1974,1655,1939,,1856.0,1408.4,2290.2
18/09/2012,1,1986,1662,1944,,1864.0,1419,2298
19/09/2012,0.8,1987,1664,1946,,1865.7,1416.8,2303.2
20/09/2012,0,1979,1669,1952,,1866.7,1414.6,2303
21/09/2012,0,1994,1670,1957,,1873.7,1429.4,2310.8
22/09/2012,0,1994,1677,1963,,1878.0,1418.4,2314.4
23/09/2012,5.1,1920,1658,1858,,1812.0,1372.4,2286.6
24/09/2012,16.1,1917,1650,1872,,1813.0,1367.4,2286
25/09/2012,0.2,1906,1643,1872,,1807.0,1365.2,2283.4
26/09/2012,5.3,1896,1631,1853,,1793.3,1366.4,2280
27/09/2012,9.1,1887,1608,1824,,1773.0,1352.4,2277.6
28/09/2012,0,1878,1593,1821,,1764.0,1347,2274.6
29/09/2012,2,1884,1585,1831,,1766.7,1344.4,2281.8
30/09/2012,0,1876,1575,1840,,1763.7,1336.2,2280.4
01/10/2012,0.2,1877,1568,1837,,1760.7,1334.6,2279.6
02/10/2012,0.9,1860,1554,1822,,1745.3,1320.6,2274.6
03/10/2012,11.1,1789,1534,1731,,1684.7,1270,2240.2
04/10/2012,13.3,1686,1478,1630,,1598.0,1175,2190
05/10/2012,14.5,1527,1410,1500,,1479.0,1039.2,2113.2000000000003
06/10/2012,9.1,1461,1337,1416,,1404.7,989.6,2075.4
07/10/2012,0,1477,1298,1400,,1391.7,980,2074.6
08/10/2012,0,1503,1272,1399,,1391.3,986.4,2075.4
09/10/2012,0,1530,1260,1403,,1397.7,985.2,2080.2000000000003
10/10/2012,0,1544,1256,1412,,1404.0,980,2081
11/10/2012,0,1546,1244,1398,,1396.0,980,2077.6
12/10/2012,5.8,1461,1215,1363,,1346.3,924,2040.6000000000001
13/10/2012,14,1182,1129,1282,,1197.7,806.2,1962.4
14/10/2012,0,1261,1095,1283,,1213.0,853.8,1958.6000000000001
15/10/2012,0.5,1300,1090,1298,,1229.3,929.2,1961.2
16/10/2012,1.4,1312,1090,1310,,1237.3,968.8,1962.4
17/10/2012,1.4,1335,1100,1325,,1253.3,983.6,1969.8000000000002
18/10/2012,0.2,1374,1119,1346,,1279.7,1004.4,1984.8000000000002
19/10/2012,0,1410,1131,1359,,1300.0,1021.8,1994.4
20/10/2012,0,1429,1137,1360,,1308.7,1025.4,1997.8000000000002
21/10/2012,0,1456,1154,1368,,1326.0,1036.4,2006.8000000000002
22/10/2012,0,1476,1162,1373,,1337.0,1041.4,2010.6000000000001
23/10/2012,0,1476,1164,1367,,1335.7,1042.2,2007.6000000000001
24/10/2012,0.1,1479,1167,1365,,1337.0,1047.6,2005.8000000000002
25/10/2012,0.2,1491,1180,1375,,1348.7,1049.2,2007.6000000000001
26/10/2012,0,1519,1192,1384,,1365.0,1064.8,2017.6000000000001
27/10/2012,0,1546,1205,1391,,1380.7,1071.2,2032.6000000000001
28/10/2012,0,1541,1203,1385,,1376.3,1063.2,2026.4
29/10/2012,5,1496,1193,1363,,1350.7,1053.2,2007.8000000000002
30/10/2012,1.6,1470,1178,1351,,1333.0,1038.2,1998
31/10/2012,0,1467,1164,1346,,1325.7,1034.4,1994.4
01/11/2012,3.5,1498,1155,1351,,1334.7,1044,2008
02/11/2012,1.6,1492,1135,1351,,1326.0,1031.8,2005.6000000000001
03/11/2012,1.9,1455,1117,1336,,1302.7,1002.4,1993.2
04/11/2012,6.5,1386,1083,1307,,1258.7,979.8,1963.8000000000002
05/11/2012,0.1,1402,1073,1307,,1260.7,992.6,1975
06/11/2012,3,1349,1050,1310,,1236.3,964.8,1954.4
07/11/2012,3,1327,1025,1312,,1221.3,948.8,1945
08/11/2012,0.2,1363,1033,1314,,1236.7,959.8,1958.2
09/11/2012,0.3,1369,1036,1316,,1240.3,962.8,1956.4
10/11/2012,0.6,1417,1067,1319,,1267.7,998,1976.2
11/11/2012,0.4,1449,1088,1321,,1286.0,1007,1988.4
12/11/2012,0,1467,1103,1323,,1297.7,1013,1993.2
13/11/2012,0,1472,1110,1326,,1302.7,1014.6,1997.6000000000001
14/11/2012,0,1478,1118,1328,,1308.0,1019.6,1994
15/11/2012,0,1482,1124,1330,,1312.0,1021.4,1992.6000000000001
16/11/2012,0,1486,1126,1332,,1314.7,1023.4,1995.4
17/11/2012,0,1477,1138,1335,,1316.7,1031.2,1991.2
18/11/2012,4.7,1414,1127,1337,,1292.7,1007,1966.6000000000001
19/11/2012,0,1415,1119,1339,,1291.0,1003.2,1967
20/11/2012,0,1431,1122,1341,,1298.0,1007.4,1971.6000000000001
21/11/2012,0,1463,1138,1344,,1315.0,1023.4,1987.4
22/11/2012,0,1464,1140,1344,,1316.0,1022.4,1983.6000000000001
23/11/2012,3.2,1436,1136,1336,,1302.7,1011.2,1971.8000000000002
24/11/2012,2.1,1384,1098,1312,,1264.7,984,1954
25/11/2012,0.1,1396,1096,1311,,1267.7,986.2,1955.8000000000002
26/11/2012,4.2,1386,1079,1306,,1257.0,979.4,1949.4
27/11/2012,0.6,1404,1084,1308,,1265.3,990.4,1955.4
28/11/2012,0,1414,1095,1311,,1273.3,1002.6,1958.2
29/11/2012,0.1,1440,1114,1320,,1291.3,1013.8,1967.4
30/11/2012,0,1449,1121,1330,,1300.0,1015.4,1971
01/12/2012,1.9,1436,1105,1321,,1287.3,1010.8,1963.4
02/12/2012,2.2,1393,1071,1306,,1256.7,966.6,1945.6000000000001
03/12/2012,2.4,1303,1022,1292,,1205.7,919.4,1905.4
04/12/2012,3.2,1279,1009,1293,,1193.7,916,1899.6000000000001
05/12/2012,0.2,1337,1028,1301,,1222.0,950,1916.6000000000001
06/12/2012,0.1,1359,1034,1308,,1233.7,948.8,1923.6000000000001
07/12/2012,0.9,1413,1078,1323,,1271.3,993.4,1947
08/12/2012,0,1278,1031,1300,,1203.0,895.4,1899.4
09/12/2012,10.2,1088,947,1277,,1104.0,810.8,1884.8000000000002
10/12/2012,1.4,1178,937,1282,,1132.3,863.8,1883.2
11/12/2012,0.1,1220,936,1284,,1146.7,882.6,1879.8000000000002
12/12/2012,6.5,1245,943,1291,,1159.7,891.4,1876.6000000000001
13/12/2012,0.2,1203,940,1289,,1144.0,844.6,1872.2
14/12/2012,8.2,1020,860,1261,,1047.0,722.6,1858
15/12/2012,2.7,1050,846,1263,,1053.0,759.6,1848
16/12/2012,1.1,1073,841,1266,,1060.0,770.2,1836.6000000000001
17/12/2012,5.3,1039,803,1256,,1032.7,719,1818.8000000000002
18/12/2012,4.6,1077,796,1257,,1043.3,739.6,1806.6000000000001
19/12/2012,0,1129,821,1269,,1073.0,780.2,1795.2
20/12/2012,1.3,1088,828,1271,,1062.3,773.4,1781
21/12/2012,3.7,1075,792,1265,,1044.0,747,1769.6000000000001
22/12/2012,10.4,817,622,1181,,873.3,446.2,1718
23/12/2012,17.2,818,597,1216,,877.0,505.2,1687.6000000000001
24/12/2012,1.9,833,595,1232,,886.7,523.6,1653.2
25/12/2012,5.5,866,656,1245,,922.3,596,1626.6000000000001
26/12/2012,5.1,881,671,1253,,935.0,612.2,1602.2
27/12/2012,1.2,965,746,1264,,991.7,696.8,1588.6000000000001
28/12/2012,1.4,980,758,1263,,1000.3,708.2,1574.4
29/12/2012,0.2,1026,787,1265,,1026.0,752.8,1558.4
30/12/2012,2,1065,801,1266,,1044.0,770.4,1549.2
31/12/2012,1.2,898,666,1248,,937.3,588.6,1527.6000000000001
01/01/2013,11.9,926,672,1244,,947.3,638.4,1516.4
02/01/2013,1.6,987,707,1248,,980.7,694.4,1508.4
03/01/2013,2.1,1040,746,1256,,1014.0,734,1499
04/01/2013,0.4,1089,786,1261,,1045.3,771,1487.2
05/01/2013,0.2,1119,813,1264,,1065.3,796.2,1475.8
06/01/2013,0.1,1158,842,1271,,1090.3,816.8,1470.2
07/01/2013,0,1184,859,1271,,1104.7,832.6,1464.2
08/01/2013,0,1109,814,1266,,1063.0,780.4,1458
09/01/2013,7.2,1047,763,1257,,1022.3,731.8,1447.8
10/01/2013,4.2,1068,806,1260,,1044.7,767,1442.4
11/01/2013,0,1155,856,1273,,1094.7,816.4,1442.2
12/01/2013,0.1,1222,890,1278,,1130.0,855.2,1438.2
13/01/2013,0,1245,905,1279,,1143.0,867.2,1433.8
14/01/2013,0.1,1283,926,1286,,1165.0,886.4,1432.4
15/01/2013,3.6,1298,950,1288,,1178.7,908.6,1440.2
16/01/2013,0.1,1312,971,1291,,1191.3,920.6,1453.6
17/01/2013,0,1305,968,1290,,1187.7,906.8,1447.8
18/01/2013,0.1,1321,973,1293,,1195.7,917.2,1449.4
19/01/2013,0,1356,988,1308,,1217.3,935.2,1465.2
20/01/2013,2.4,1382,1007,1312,,1233.7,954.2,1485.2
21/01/2013,1.9,1387,1022,1297,,1235.3,963.2,1497.4
22/01/2013,0.1,1393,1033,1292,,1239.3,967.6,1506.4
23/01/2013,0,1407,1046,1298,,1250.3,978.2,1522.2
24/01/2013,0,1409,1051,1300,,1253.3,974.2,1528.4
25/01/2013,0,1406,1046,1295,,1249.0,971,1526.6
26/01/2013,0.1,1298,995,1269,,1187.3,896,1487
27/01/2013,3.4,1152,854,1254,,1086.7,791.6,1480.2
28/01/2013,3.8,1052,754,1233,,1013.0,704.2,1474.8
29/01/2013,3.3,968,671,1204,,947.7,620,1448.8
30/01/2013,7.1,977,659,1214,,950.0,641,1427.6
31/01/2013,2.9,989,667,1229,,961.7,659.8,1404.2
01/02/2013,5,974,653,1230,,952.3,651.2,1386
02/02/2013,2.1,1043,700,1235,,992.7,707.2,1371.2
03/02/2013,10.1,878,538,1204,,873.3,495.4,1336
04/02/2013,4,881,546,1207,,878.0,522.6,1296.4
05/02/2013,6.7,917,623,1225,,921.7,588.8,1271.8
06/02/2013,1.4,992,696,1238,,975.3,679.2,1259
07/02/2013,3.7,1025,726,1242,,997.7,692.4,1246.8
08/02/2013,1,1055,752,1244,,1017.0,723.8,1242
09/02/2013,0.1,1078,774,1249,,1033.7,742.8,1238.6
10/02/2013,0.7,1160,812,1260,,1077.3,790.4,1240.8
11/02/2013,0,1238,858,1264,,1120.0,847.8,1253.6
12/02/2013,0,1264,888,1263,,1138.3,868.2,1263.6
13/02/2013,0,1265,893,1262,,1140.0,856.4,1263.8
14/02/2013,1.9,1264,908,1259,,1143.7,864.2,1262
15/02/2013,0.2,1218,902,1258,,1126.0,838.4,1268.2
16/02/2013,1.1,1220,901,1260,,1127.0,844,1272.6
17/02/2013,0,1255,921,1262,,1146.0,866.4,1272.2
18/02/2013,0,1268,933,1263,,1154.7,879.6,1272.8
19/02/2013,1.3,1299,953,1268,,1173.3,897.2,1297
20/02/2013,0,1324,967,1271,,1187.3,910.6,1313.6
21/02/2013,0,1346,979,1275,,1200.0,921.4,1327.6
22/02/2013,0,1377,994,1282,,1217.7,939.4,1349
23/02/2013,0.3,1390,1006,1278,,1224.7,947.8,1361.6
24/02/2013,3.1,1368,1008,1272,,1216.0,934.8,1354
25/02/2013,0.5,1308,973,1263,,1181.3,893.2,1333.8
26/02/2013,0,1304,961,1263,,1176.0,895,1335.8
27/02/2013,0,1317,970,1263,,1183.3,902.8,1344
28/02/2013,0,1337,990,1263,,1196.7,916.2,1354.4
01/03/2013,0.1,1361,1003,1265,,1209.7,926.8,1367.6
02/03/2013,0,1379,1013,1267,,1219.7,938,1381.4
03/03/2013,0.1,1391,1023,1271,,1228.3,939,1392.2
04/03/2013,0,1400,1026,1270,,1232.0,944.4,1400
05/03/2013,0,1413,1034,1272,,1239.7,952.4,1410.2
06/03/2013,0,1427,1043,1275,,1248.3,959,1419
07/03/2013,0,1443,1056,1279,,1259.3,966,1432.2
08/03/2013,1.3,1300,966,1259,,1175.0,857.4,1369
09/03/2013,13.4,1073,779,1244,,1032.0,690.8,1341.8
10/03/2013,4.8,1158,799,1252,,1069.7,754,1333.6
11/03/2013,0.1,1225,844,1261,,1110.0,808,1324.6
12/03/2013,0,1284,886,1258,,1142.7,850.6,1331.4
13/03/2013,0.1,1320,922,1267,,1169.7,877.6,1351.8
14/03/2013,0.1,1345,940,1266,,1183.7,886,1361.8
15/03/2013,0,1341,945,1269,,1185.0,880.8,1366.2
16/03/2013,0.1,1340,935,1266,,1180.3,869,1363.4
17/03/2013,4.7,1295,912,1260,,1155.7,840.6,1349
18/03/2013,0,1343,949,1268,,1186.7,870.4,1374.8
19/03/2013,0,1382,981,1274,,1212.3,901.2,1398.2
20/03/2013,2.3,1383,1005,1271,,1219.7,912,1410
21/03/2013,0,1379,1015,1275,,1223.0,890.2,1409
22/03/2013,0,1419,1031,1284,,1244.7,905.6,1425.6
23/03/2013,0,1447,1044,1295,,1262.0,925.8,1442.2
24/03/2013,0,1464,1058,1298,,1273.3,939.2,1455.6
25/03/2013,0,1481,1068,1300,,1283.0,943.8,1469
26/03/2013,0,1489,1075,1299,,1287.7,932.8,1476.6
27/03/2013,0,1499,1083,1299,,1293.7,937.8,1483.8
28/03/2013,0,1498,1084,1293,,1291.7,940,1484
29/03/2013,0.1,1503,1093,1291,,1295.7,945.4,1492.2
30/03/2013,0.1,1517,1104,1295,,1305.3,951.6,1504.2
31/03/2013,0,1518,1109,1299,,1308.7,951.8,1513.6
01/04/2013,0,1534,1119,1305,,1319.3,960,1527.6
02/04/2013,0,1546,1124,1313,,1327.7,963.8,1538.8
03/04/2013,0,1549,1130,1316,,1331.7,965.6,1541
04/04/2013,0,1554,1133,1316,,1334.3,971.6,1548
05/04/2013,0,1569,1144,1318,,1343.7,982.6,1565.4
06/04/2013,0,1566,1145,1320,,1343.7,976.4,1572
07/04/2013,0,1548,1137,1315,,1333.3,967.2,1567.2
08/04/2013,0,1556,1143,1309,,1336.0,971.4,1577
09/04/2013,1.7,1565,1148,1289,,1334.0,979.4,1587.2
10/04/2013,1.1,1517,1108,1275,,1300.0,941.8,1569.2
11/04/2013,3.8,1473,1084,1271,,1276.0,918.4,1558.2
12/04/2013,1.8,1457,1082,1269,,1269.3,915.2,1563.2
13/04/2013,0,1459,1081,1277,,1272.3,913.6,1574.2
14/04/2013,0,1467,1082,1279,,1276.0,924.8,1582.2
15/04/2013,0.2,1478,1095,1282,,1285.0,933,1590.2
16/04/2013,0,1495,1107,1287,,1296.3,939,1602.4
17/04/2013,0,1512,1112,1290,,1304.7,951.8,1609.8
18/04/2013,0,1551,1143,1303,,1332.3,976.2,1631.4
19/04/2013,6.8,1558,1157,1292,,1335.7,968.6,1639.6
20/04/2013,0,1545,1150,1287,,1327.3,947.2,1633.2
21/04/2013,0,1563,1157,1294,,1338.0,948.2,1646.4
22/04/2013,0,1583,1167,1297,,1349.0,961.8,1657.4
23/04/2013,0,1596,1180,1308,,1361.3,974.8,1674
24/04/2013,0,1591,1182,1313,,1362.0,979.2,1676.8
25/04/2013,0,1562,1162,1289,,1337.7,962.8,1658.6
26/04/2013,8.9,1524,1151,1270,,1315.0,920,1645.2
27/04/2013,0,1534,1172,1276,,1327.3,917.6,1657
28/04/2013,0,1547,1181,1282,,1336.7,927.8,1662.8
29/04/2013,0,1574,1198,1299,,1357.0,938.8,1683.2
30/04/2013,0,1583,1206,1306,,1365.0,937.2,1692.2
01/05/2013,0,1595,1213,1311,,1373.0,949.6,1699.4
02/05/2013,0,1603,1213,1314,,1376.7,960.4,1710.4
03/05/2013,0,1613,1220,1317,,1383.3,980.6,1718
04/05/2013,0,1633,1231,1327,,1397.0,1000,1733.8
05/05/2013,0,1634,1239,1326,,1399.7,1014,1740.8
06/05/2013,0,1639,1247,1328,,1404.7,1024.4,1743.4
07/05/2013,1.4,1634,1250,1321,,1401.7,1028,1745.6
08/05/2013,1.9,1648,1259,1325,,1410.7,1041.8,1756
09/05/2013,0.1,1658,1267,1331,,1418.7,1055.2,1763.6
10/05/2013,0,1657,1273,1334,,1421.3,1061.8,1769.8
11/05/2013,4.4,1661,1277,1329,,1422.3,1069.4,1775
12/05/2013,1.4,1647,1281,1323,,1417.0,1063.8,1774.2
13/05/2013,3.6,1636,1284,1325,,1415.0,1057.8,1775.8
14/05/2013,0.1,1628,1284,1324,,1412.0,1054.2,1787.6
15/05/2013,0.5,1620,1287,1317,,1408.0,1051.2,1763.4
16/05/2013,7.4,1583,1274,1289,,1382.0,1008.2,1760
17/05/2013,0,1578,1284,1291,,1384.3,1000.2,1777.2
18/05/2013,0.6,1579,1292,1303,,1391.3,1001.6,1787.2
19/05/2013,0,1580,1293,1305,,1392.7,1002.6,1785.8
20/05/2013,2.1,1581,1295,1304,,1393.3,1006.4,1792.8
21/05/2013,8.5,1552,1270,1270,,1364.0,989.2,1783
22/05/2013,0.4,1535,1265,1268,,1356.0,972.8,1778
23/05/2013,5.9,1530,1278,1271,,1359.7,957.2,1775.4
24/05/2013,0,1538,1287,1282,,1369.0,964.6,1783.4
25/05/2013,3.9,1511,1273,1263,,1349.0,944.4,1770.8
26/05/2013,3.9,1508,1275,1274,,1352.3,936.8,1776.2
27/05/2013,0,1529,1289,1293,,1370.3,939.2,1785.8
28/05/2013,0,1547,1288,1296,,1377.0,953.8,1790
29/05/2013,1.6,1577,1303,1312,,1397.3,971.8,1808.6
30/05/2013,0.1,1589,1313,1329,,1410.3,996.8,1817
31/05/2013,0,1614,1321,1336,,1423.7,1021,1830
01/06/2013,0,1642,1331,1350,,1441.0,1042.4,1847.8
02/06/2013,0,1657,1344,1362,,1454.3,1059.6,1856.8
03/06/2013,0,1659,1348,1364,,1457.0,1066.6,1859.4
04/06/2013,0,1676,1358,1378,,1470.7,1081.4,1873.4
05/06/2013,0,1695,1368,1399,,1487.3,1098,1887
06/06/2013,0,1711,1380,1417,,1502.7,1116,1898.2
07/06/2013,0,1724,1390,1423,,1512.3,1128.4,1905.2
08/06/2013,0,1734,1396,1425,,1518.3,1139.2,1910.4
09/06/2013,0,1752,1403,1432,,1529.0,1153.4,1922.4
10/06/2013,0,1770,1415,1450,,1545.0,1165.4,1936.8
11/06/2013,0,1783,1419,1455,,1552.3,1171.2,1946.8
12/06/2013,0.2,1795,1421,1436,,1550.7,1177.4,1952.8
13/06/2013,4.5,1809,1428,1443,,1560.0,1186.8,1965
14/06/2013,0.1,1808,1435,1465,,1569.3,1190.2,1967.6
15/06/2013,1.2,1831,1448,1498,,1592.3,1211,1981.6
16/06/2013,0,1842,1461,1526,,1609.7,1222.8,1993.8
17/06/2013,0,1848,1470,1554,,1624.0,1236,2006.4
18/06/2013,0,1833,1479,1562,,1624.7,1232.4,2003.4
19/06/2013,1.8,1781,1334,1481,,1532.0,1094.6,1980.8
20/06/2013,22.2,1660,1098,1336,,1364.7,844.8,1931.2
21/06/2013,4,1639,1101,1345,,1361.7,844.2,1928.2
22/06/2013,1.2,1642,1126,1361,,1376.3,866.2,1930.6000000000001
23/06/2013,2,1640,1145,1364,,1383.0,874.4,1934
24/06/2013,4.9,1614,1157,1368,,1379.7,870.8,1927.2
25/06/2013,0.4,1619,1170,1394,,1394.3,888,1936.4
26/06/2013,0,1630,1158,1359,,1382.3,876,1942
27/06/2013,3.2,1612,1111,1317,,1346.7,830.2,1934.8
28/06/2013,11.5,1505,1020,1273,,1266.0,729.6,1887.8000000000002
29/06/2013,9.6,1492,1029,1283,,1268.0,783,1885
30/06/2013,0,1516,1065,1308,,1296.3,828.6,1890.4
01/07/2013,0,1548,1110,1346,,1334.7,917.4,1903.8
02/07/2013,0,1572,1129,1354,,1351.7,947.8,1908
03/07/2013,1.3,1607,1158,1371,,1378.7,993.6,1932.2
04/07/2013,0,1635,1186,1394,,1405.0,1014.4,1950.6000000000001
05/07/2013,0,1658,1217,1434,,1436.3,1013,1965.2
06/07/2013,0,1683,1244,1475,,1467.3,1019,1978.8
07/07/2013,0,1706,1267,1506,,1493.0,985,1992.2
08/07/2013,0,1722,1288,1535,,1515.0,1027,1999.8
09/07/2013,0,1742,1301,1547,,1530.0,1067,2008.4
10/07/2013,0,1762,1316,1564,,1547.3,1095.8,2021.2
11/07/2013,0,1782,1330,1576,,1562.7,1097.2,2033.4
12/07/2013,0,1800,1345,1594,,1579.7,1088.8,2044.8
13/07/2013,0,1807,1357,1603,,1589.0,1111,2053.6
14/07/2013,0,1823,1375,1627,,1608.3,1132,2066.6
15/07/2013,0,1849,1392,1653,,1631.3,1129.2,2082.4
16/07/2013,0,1869,1407,1671,,1649.0,1142.4,2096.4
17/07/2013,0,1877,1423,1691,,1663.7,1171.6,2106.2
18/07/2013,0,1886,1437,1710,,1677.7,1195.2,2114.6
19/07/2013,0,1913,1445,1715,,1691.0,1191.8,2125.4
20/07/2013,0,1930,1459,1737,,1708.7,1209.4,2141.8
21/07/2013,0,1923,1474,1761,,1719.3,1233.4,2144.4
22/07/2013,0,1938,1487,1784,,1736.3,1249.4,2155.2
23/07/2013,0,1943,1493,1794,,1743.3,1260.8,2163.2
24/07/2013,0,1956,1506,1811,,1757.7,1264.8,2175
25/07/2013,0,1960,1507,1799,,1755.3,1269.4,2178.4
26/07/2013,12.6,1914,1507,1730,,1717.0,1244.8,2161.2
27/07/2013,11.1,1807,1514,1689,,1670.0,1192.4,2120.2
28/07/2013,6.2,1810,1526,1730,,1688.7,1208,2125.6
29/07/2013,0,1824,1533,1760,,1705.7,1222.8,2134.2
30/07/2013,1.8,1833,1537,1761,,1710.3,1235.8,2140.8
31/07/2013,1.4,1843,1550,1792,,1728.3,1245.2,2153.8
01/08/2013,0,1865,1561,1825,,1750.3,1265.8,2168.6
02/08/2013,0,1904,1571,1841,,1772.0,1299.8,2187.8
03/08/2013,0.7,1924,1581,1855,,1786.7,1315.8,2202.4
04/08/2013,0,1937,1590,1873,,1800.0,1327.8,2211.2
05/08/2013,0,1958,1595,1882,,1811.7,1348.4,2220.2
06/08/2013,0,1939,1595,1851,,1795.0,1340,2209.6
07/08/2013,9.6,1928,1599,1842,,1789.7,1343.4,2212.4
08/08/2013,0.9,1945,1608,1882,,1811.7,1353.6,2228.2
09/08/2013,0,1954,1613,1892,,1819.7,1368.2,2231.8
10/08/2013,0,1961,1619,1900,,1826.7,1373.6,2238.2
11/08/2013,1.1,1966,1620,1794,,1793.3,1379.4,2245
12/08/2013,0,1974,1623,1815,,1804.0,1390.2,2251.8
13/08/2013,1.9,1984,1630,1829,,1814.3,1394.8,2262.4
14/08/2013,0,1989,1636,1852,,1825.7,1398.4,2268
15/08/2013,0.4,1998,1642,1908,,1849.3,1405,2276.4
16/08/2013,0,2003,1647,1956,,1868.7,1410,2280.2
17/08/2013,2.8,1993,1647,1940,,1860.0,1399.8,2276.8
18/08/2013,4.9,1990,1650,1719,,1786.3,1396.8,2279.2
19/08/2013,3.1,2009,1656,1718,,1794.3,1397.4,2295.2
20/08/2013,0,2007,1660,1745,,1804.0,1397.8,2298.6
21/08/2013,0,2011,1663,1761,,1811.7,1407.4,2303.2
22/08/2013,0,2020,1668,1779,,1822.3,1414.8,2306.8
23/08/2013,0.1,2032,1672,1800,,1834.7,1421.8,2314.6
24/08/2013,9.7,2038,1678,1804,,1840.0,1430.8,2317.6
25/08/2013,0.1,2056,1685,1831,,1857.3,1440.8,2328.4
26/08/2013,0,2066,1690,1857,,1871.0,1447,2338.4
27/08/2013,0,2072,1695,1879,,1882.0,1458.6,2343.8
28/08/2013,0,2074,1695,1897,,1888.7,1459.2,2348.2
29/08/2013,0,2078,1701,1914,,1897.7,1464.6,2352.2
30/08/2013,0,2081,1706,1920,,1902.3,1474.4,2354
31/08/2013,1,2084,1707,1930,,1907.0,1478.4,2359.4
01/09/2013,0,2089,1708,1933,,1910.0,1482.4,2362.6
02/09/2013,0,2102,1712,1937,,1917.0,1483.4,2373.8
03/09/2013,0,2109,1718,1923,,1916.7,1485.2,2381.4
04/09/2013,0,2118,1723,1930,,1923.7,1489.6,2389.2
05/09/2013,0,2133,1713,1947,,1931.0,1480.8,2397
06/09/2013,2.4,2117,1676,1931,,1908.0,1457,2388.2
07/09/2013,8.1,2052,1617,1742,,1803.7,1368,2362.2
08/09/2013,22.2,2009,1543,1719,,1757.0,1320.4,2348
09/09/2013,15.7,1779,1291,1361,,1477.0,928.6,2211
10/09/2013,74.5,1243,917,1193,,1117.7,505.40000000000003,1924.6000000000001
11/09/2013,3.4,1252,929,1275,,1152.0,566,1915.8000000000002
12/09/2013,0.1,1311,967,1301,,1193.0,669.4,1911.6000000000001
13/09/2013,0.1,1246,912,1289,,1149.0,708,1886
14/09/2013,8,1256,888,1293,,1145.7,760.8,1875.6000000000001
15/09/2013,8.4,1146,805,1267,,1072.7,649.6,1849.6000000000001
16/09/2013,4.3,1183,858,1285,,1108.7,729.6,1847.2
17/09/2013,4.6,1128,801,1274,,1067.7,676.8,1830.8000000000002
18/09/2013,2.3,1133,792,1296,,1073.7,709.8,1829.4
19/09/2013,0.6,1135,863,1315,,1104.3,789.2,1828
20/09/2013,0.9,1137,924,1335,,1132.0,843,1831.8000000000002
21/09/2013,0,1139,955,1343,,1145.7,877,1829.6000000000001
22/09/2013,0,1141,976,1350,,1155.7,896.2,1827.6000000000001
23/09/2013,0,1144,989,1348,,1160.3,909.8,1819.6000000000001
24/09/2013,0,1146,1010,1353,,1169.7,928.4,1818.6000000000001
25/09/2013,0,1148,1042,1367,,1185.7,958.6,1821.8000000000002
26/09/2013,0,1150,1072,1385,,1202.3,976.6,1827.8000000000002
27/09/2013,0,1153,1098,1405,,1218.7,992.4,1836.4
28/09/2013,0,1155,1123,1426,,1234.7,1009,1844.8000000000002
29/09/2013,0,1157,1144,1439,,1246.7,1028.2,1853.6000000000001
30/09/2013,0,1159,1166,1450,,1258.3,1041.4,1861
01/10/2013,0,1162,1185,1464,,1270.3,1044.4,1872.6000000000001
02/10/2013,0,1164,1199,1481,,1281.3,1043.4,1882.4
03/10/2013,0,1166,1204,1472,,1280.7,1043,1883.6000000000001
04/10/2013,3.8,1168,1209,1459,,1278.7,1050.4,1883.2
05/10/2013,0,1171,1216,1456,,1281.0,1052.2,1888.6000000000001
06/10/2013,0,1173,1223,1464,,1286.7,1051.2,1894.8000000000002
07/10/2013,0,1175,1231,1471,,1292.3,1051.4,1901.2
08/10/2013,0,1177,1221,1458,,1285.3,1045.6,1894.2
09/10/2013,2.3,1180,1226,1461,,1289.0,1048,1896.6000000000001
10/10/2013,0.1,1182,1213,1426,,1273.7,1026.6,1882.6000000000001
11/10/2013,20.3,1184,1015,1289,,1162.7,787.6,1827.8000000000002
12/10/2013,8.1,1186,900,1280,,1122.0,682.8,1817
13/10/2013,6.2,1189,902,1286,,1125.7,712.4,1814.6000000000001
14/10/2013,0.1,1191,911,1288,,1130.0,702.2,1804
15/10/2013,5.2,1193,911,1282,,1128.7,720.8,1793.2
16/10/2013,0.5,1195,945,1294,,1144.7,792.6,1790.2
17/10/2013,0.1,1197,991,1313,,1167.0,849.4,1790.6000000000001
18/10/2013,0,1200,1007,1321,,1176.0,867.8,1789.6000000000001
19/10/2013,0.7,1202,1032,1325,,1186.3,889.2,1787.6000000000001
20/10/2013,0,1204,1052,1335,,1197.0,911,1789.2
21/10/2013,0,1206,1061,1343,,1203.3,914,1790
22/10/2013,8,1209,998,1310,,1172.3,842.6,1772.6000000000001
23/10/2013,0.3,1211,1023,1320,,1184.7,892.8,1778.4
24/10/2013,0,1213,1031,1328,,1190.7,905,1777.4
25/10/2013,1.4,1215,1044,1325,,1194.7,904.8,1774.4
26/10/2013,0,1218,1045,1323,,1195.3,906.4,1769.4
27/10/2013,3.3,1220,939,1280,,1146.3,755.4,1748.6000000000001
28/10/2013,11.2,1222,944,1287,,1151.0,815,1750.2
29/10/2013,0.7,1224,996,1298,,1172.7,879.6,1751.6000000000001
30/10/2013,0,1227,1018,1307,,1184.0,901,1750.4
31/10/2013,0,1229,1031,1315,,1191.7,916.4,1748.2
01/11/2013,0,1231,982,1290,,1167.7,851.2,1729.8000000000002
02/11/2013,9.4,1233,895,1250,,1126.0,779.8,1709.6000000000001
03/11/2013,8.5,1236,649,1102,,995.7,496,1689.6000000000001
04/11/2013,18.5,1238,616,1191,,1015.0,503.2,1662.2
05/11/2013,7,1240,605,1208,,1017.7,521.6,1635.4
06/11/2013,3.3,1242,570,1210,,1007.3,517.8,1611.6000000000001
07/11/2013,6,1245,620,1224,,1029.7,572,1582.8
08/11/2013,3,1247,620,1230,,1032.3,608,1557.2
09/11/2013,6,1249,596,1219,,1021.3,581.6,1535.8
10/11/2013,1.8,1251,695,1236,,1060.7,689.6,1525.2
11/11/2013,0.1,1253,729,1259,,1080.3,732.2,1509.8
12/11/2013,2.4,1256,756,1279,,1097.0,757.2,1511.2
13/11/2013,0,1258,780,1285,,1107.7,783.2,1497.4
14/11/2013,0.6,1260,823,1297,,1126.7,818.2,1502.2
15/11/2013,0,1262,845,1298,,1135.0,840.8,1496.6
16/11/2013,0,1265,856,1299,,1140.0,854.2,1491.6
17/11/2013,0,1267,861,1295,,1141.0,860.4,1482.8
18/11/2013,0,1269,888,1301,,1152.7,883.2,1485.2
19/11/2013,1,1271,898,1301,,1156.7,882.4,1484.6
20/11/2013,0,1274,928,1309,,1170.3,910,1491.4
21/11/2013,0,1276,956,1322,,1184.7,938,1506.8
22/11/2013,0,1278,976,1330,,1194.7,952.6,1520.2
23/11/2013,0,1280,988,1333,,1200.3,961.6,1529.2
24/11/2013,0.7,1283,1007,1333,,1207.7,971.6,1537
25/11/2013,0.1,1285,1017,1333,,1211.7,973.2,1544.2
26/11/2013,0,1287,1019,1328,,1211.3,972.8,1545.2
27/11/2013,0.1,1289,1021,1323,,1211.0,974.2,1549.2
28/11/2013,0.7,1292,988,1319,,1199.7,949,1538.6
29/11/2013,5.8,1294,957,1315,,1188.7,924.6,1541.2
30/11/2013,1.4,1296,982,1314,,1197.3,940.6,1551.6
01/12/2013,0,1298,1008,1320,,1208.7,955.2,1557
02/12/2013,0,1301,1018,1321,,1213.3,962.2,1553.8
03/12/2013,0,1303,1025,1320,,1216.0,970.4,1553.4
04/12/2013,1.2,1273,969,1301,,1181.0,894.6,1539.8
05/12/2013,7.7,1129,870,1288,,1095.7,774,1535.2
06/12/2013,1.1,1193,894,1293,,1126.7,839.4,1537.2
07/12/2013,0.5,1227,900,1293,,1140.0,866.4,1534.8
08/12/2013,0.1,1269,937,1300,,1168.7,901,1538.2
09/12/2013,0,1308,975,1308,,1197.0,926.4,1539
10/12/2013,0,1331,996,1315,,1214.0,937.2,1539.2
11/12/2013,0.1,1330,999,1312,,1213.7,937.8,1534
12/12/2013,0,1348,1016,1316,,1226.7,950.6,1536.4
13/12/2013,0,1326,1018,1310,,1218.0,943.6,1531.2
14/12/2013,3.1,1284,995,1303,,1194.0,920,1529.8
15/12/2013,0.8,1313,997,1306,,1205.3,929.2,1533.2
16/12/2013,0,1357,1027,1316,,1233.3,958.6,1552
17/12/2013,0.1,1355,1027,1319,,1233.7,956.2,1548.2
18/12/2013,0,1280,989,1305,,1191.3,918.8,1524
19/12/2013,5.2,1293,1002,1304,,1199.7,930.6,1536.8
20/12/2013,0,1312,1004,1308,,1208.0,936.8,1541.2
21/12/2013,1.9,1295,1001,1306,,1200.7,936.8,1533.4
22/12/2013,1,1301,1011,1310,,1207.3,938.4,1534.4
23/12/2013,0.1,1221,913,1289,,1141.0,833.2,1511.6
24/12/2013,19.9,892,571,1218,,893.7,436.6,1448.4
25/12/2013,10,984,650,1265,,966.3,603.8,1427.6
26/12/2013,0,1044,714,1278,,1012.0,684.6,1408.8
27/12/2013,4.8,872,521,1232,,875.0,428.6,1367.6
28/12/2013,12,932,607,1258,,932.3,563.8,1343.2
29/12/2013,0.3,1013,692,1276,,993.7,662.6,1325.2
30/12/2013,0.4,1057,740,1284,,1027.0,718.4,1312.2
31/12/2013,0.3,1074,769,1286,,1043.0,745.6,1301
01/01/2014,1.1,1098,795,1289,,1060.7,772.8,1299.8
02/01/2014,0.5,1091,811,1288,,1063.3,772.6,1300.6
03/01/2014,5.1,1027,788,1279,,1031.3,716.6,1289.2
04/01/2014,0.1,1073,820,1282,,1058.3,765.4,1290.4
05/01/2014,2,1082,814,1279,,1058.3,767.8,1285
06/01/2014,6.6,1040,750,1269,,1019.7,692.4,1279.2
07/01/2014,0,1054,757,1271,,1027.3,719.8,1270.6
08/01/2014,4.5,1049,768,1272,,1029.7,730.8,1262
09/01/2014,2.5,1054,820,1275,,1049.7,751.6,1259.4
10/01/2014,0.2,1119,852,1280,,1083.7,800.4,1258.8
11/01/2014,2,1151,869,1285,,1101.7,812,1261.4
12/01/2014,0,1161,876,1287,,1108.0,828.6,1259.8
13/01/2014,0,1193,898,1293,,1128.0,853,1265.4
14/01/2014,0.2,1208,913,1292,,1137.7,866.2,1268.4
15/01/2014,2.6,1139,871,1283,,1097.7,821.2,1262.6
16/01/2014,0.9,1161,893,1286,,1113.3,824.6,1266.8
17/01/2014,2.1,1145,896,1285,,1108.7,820.4,1268.6
18/01/2014,0,1207,925,1292,,1141.3,857.8,1272
19/01/2014,0,1256,953,1297,,1168.7,896,1281.4
20/01/2014,0,1275,971,1299,,1181.7,916.4,1289.4
21/01/2014,0,1287,984,1300,,1190.3,925.8,1294.8
22/01/2014,0,1289,993,1299,,1193.7,928.2,1297.4
23/01/2014,1.2,1203,995,1293,,1163.7,883.4,1302
24/01/2014,2,1206,988,1293,,1162.3,872.2,1304.4
25/01/2014,4.8,1060,821,1266,,1049.0,706.4,1279.8
26/01/2014,13,933,666,1243,,947.3,564,1232.6
27/01/2014,0.7,1038,751,1269,,1019.3,688,1235.8
28/01/2014,0,1132,831,1285,,1082.7,782.4,1238.6
29/01/2014,0,1199,884,1291,,1124.7,840.8,1254.2
30/01/2014,0,1217,909,1291,,1139.0,865.8,1261.4
31/01/2014,0,1185,913,1286,,1128.0,865.6,1248.8
01/02/2014,2.3,1203,941,1287,,1143.7,876.2,1264.6
02/02/2014,0,1236,956,1293,,1161.7,891.2,1270.6
03/02/2014,0,1258,969,1294,,1173.7,904.8,1279.6
04/02/2014,0,1266,974,1293,,1177.7,910.4,1282.2
05/02/2014,0,1303,994,1296,,1197.7,929.8,1300.2
06/02/2014,4.6,1081,867,1263,,1070.3,768,1260.6
07/02/2014,11.4,927,707,1243,,959.0,581,1228.2
08/02/2014,3.3,977,740,1257,,991.3,641,1219.8
09/02/2014,1.3,1043,809,1272,,1041.3,731.6,1224
10/02/2014,0,1097,852,1277,,1075.3,788.4,1227.8
11/02/2014,1.6,1139,883,1280,,1100.7,821.8,1230.8
12/02/2014,1.3,1106,874,1277,,1085.7,811,1225.4
13/02/2014,5.7,1081,823,1271,,1058.3,743.8,1223.4
14/02/2014,5.6,995,751,1261,,1002.3,664.6,1211.8
15/02/2014,2.6,1060,819,1267,,1048.7,726.6,1209
16/02/2014,0,1146,879,1277,,1100.7,804,1224.6
17/02/2014,0.1,1178,909,1282,,1123.0,846,1240.4
18/02/2014,0,1200,931,1280,,1137.0,874,1248
19/02/2014,0.3,1207,944,1279,,1143.3,881,1250.2
20/02/2014,2.7,1113,926,1272,,1103.7,850.4,1230.8
21/02/2014,0.6,1178,928,1274,,1126.7,854.2,1238.8
22/02/2014,0.3,1233,963,1280,,1158.7,880.8,1261.2
23/02/2014,0,1256,976,1286,,1172.7,898.6,1274
24/02/2014,0,1282,990,1290,,1187.3,916.2,1286.8
25/02/2014,0,1323,1014,1295,,1210.7,941.4,1311.8
26/02/2014,0,1316,1021,1294,,1210.3,943.6,1307.2
27/02/2014,2.4,1277,1026,1289,,1197.3,946.8,1284.2
28/02/2014,0,1309,1039,1289,,1212.3,974.2,1301
01/03/2014,0.5,1330,1047,1290,,1222.3,972.6,1314
02/03/2014,0,1347,1048,1294,,1229.7,970,1325.8
03/03/2014,0,1400,1073,1303,,1258.7,1008.2,1361.2
04/03/2014,0,1428,1094,1312,,1278.0,1026.8,1386.4
05/03/2014,0,1434,1103,1320,,1285.7,1011.2,1398
06/03/2014,0,1436,1108,1319,,1287.7,1006.6,1404.4
07/03/2014,0,1456,1118,1324,,1299.3,1015.4,1423.2
08/03/2014,0,1459,1120,1322,,1300.3,994,1431.4
09/03/2014,0,1479,1128,1328,,1311.7,979.2,1448.6
10/03/2014,0,1503,1142,1335,,1326.7,1013.6,1465
11/03/2014,0,1506,1148,1335,,1329.7,1024.4,1472
12/03/2014,0,1509,1151,1332,,1330.7,1035.8,1476.6
13/03/2014,0,1508,1156,1329,,1331.0,1040.8,1479.6
14/03/2014,0,1506,1157,1322,,1328.3,1050.8,1480.8
15/03/2014,0.6,1518,1160,1320,,1332.7,1056.8,1490.4
16/03/2014,0.1,1533,1170,1325,,1342.7,1058.4,1504.6
17/03/2014,0,1528,1170,1323,,1340.3,1057.2,1502
18/03/2014,6.5,1472,1170,1304,,1315.3,1057.8,1477.4
19/03/2014,0,1444,1167,1302,,1304.3,1039.2,1469.2
20/03/2014,0,1434,1157,1293,,1294.7,1032.8,1464.6
21/03/2014,6.9,1349,1139,1281,,1256.3,1010,1431.8
22/03/2014,1,1357,1157,1288,,1267.3,1011.8,1441
23/03/2014,1.2,1374,1176,1293,,1281.0,1018.2,1455
24/03/2014,0,1402,1182,1307,,1297.0,1023,1481.8
25/03/2014,0,1447,1188,1332,,1322.3,1009.2,1498.6
26/03/2014,0,1472,1196,1345,,1337.7,977,1509.2
27/03/2014,0,1503,1207,1355,,1355.0,974.8,1530.6
28/03/2014,0,1521,1210,1362,,1364.3,977.2,1546.2
29/03/2014,0,1531,1214,1363,,1369.3,984.2,1557.4
30/03/2014,0,1542,1219,1365,,1375.3,991.6,1565.4
31/03/2014,0,1546,1219,1366,,1377.0,998.8,1573
01/04/2014,0,1551,1224,1369,,1381.3,1005.6,1578.6
02/04/2014,0,1564,1228,1370,,1387.3,1013.8,1589.2
03/04/2014,0,1582,1236,1374,,1397.3,1027.2,1598.8
04/04/2014,0,1593,1246,1378,,1405.7,1036.6,1611.6
05/04/2014,0,1591,1254,1378,,1407.7,1044,1617.4
06/04/2014,0.7,1580,1256,1376,,1404.0,1046,1619.6
07/04/2014,4.9,1570,1245,1354,,1389.7,1031.4,1616.2
08/04/2014,4,1565,1245,1359,,1389.7,1027.8,1623.2
09/04/2014,0,1566,1253,1363,,1394.0,1029.2,1628.4
10/04/2014,0,1577,1261,1365,,1401.0,1035.4,1637
11/04/2014,0,1584,1264,1370,,1406.0,1037.8,1645.2
12/04/2014,0,1599,1269,1376,,1414.7,1045.2,1653.6
13/04/2014,0,1606,1272,1375,,1417.7,1056.6,1658.8
14/04/2014,2.9,1623,1287,1384,,1431.3,1068,1673.4
15/04/2014,0,1631,1296,1392,,1439.7,1073.4,1688
16/04/2014,0,1609,1294,1388,,1430.3,1078.6,1682.2
17/04/2014,0.8,1626,1300,1387,,1437.7,1094.8,1689.6
18/04/2014,0.2,1646,1310,1397,,1451.0,1098.8,1704.2
19/04/2014,0,1641,1313,1397,,1450.3,1103.6,1710.6
20/04/2014,0,1650,1314,1394,,1452.7,1112.4,1716.6
21/04/2014,0.6,1672,1325,1396,,1464.3,1126.4,1736.2
22/04/2014,0,1687,1335,1406,,1476.0,1135.2,1750
23/04/2014,0.9,1682,1303,1375,,1453.3,1126.6,1755.8
24/04/2014,0,1680,1222,1338,,1413.3,1097.2,1760.4
25/04/2014,0,1690,1257,1355,,1434.0,1115.4,1767.4
26/04/2014,2.3,1680,1253,1339,,1424.0,1080.8,1764
27/04/2014,9.3,1675,1231,1334,,1413.3,1058.8,1769.2
28/04/2014,0,1669,1238,1335,,1414.0,1079,1773.4
29/04/2014,2.1,1671,1227,1344,,1414.0,1084.2,1782
30/04/2014,0.4,1680,1113,1358,,1383.7,1042.2,1789.2
01/05/2014,0,1708,1141,1377,,1408.7,1064.8,1802.8
02/05/2014,0,1717,1166,1394,,1425.7,1079.6,1815.4
03/05/2014,0,1716,1181,1402,,1433.0,1089.8,1821
04/05/2014,0,1714,1195,1409,,1439.3,1099,1826.2
05/05/2014,0,1711,1205,1410,,1442.0,1109,1828.6
06/05/2014,7,1721,1209,1396,,1442.0,1109.4,1835.6
07/05/2014,4.4,1711,1195,1384,,1430.0,1091.2,1834
08/05/2014,8.9,1674,1123,1336,,1377.7,1031.8,1822.2
09/05/2014,4.7,1633,1091,1319,,1347.7,1006.4,1807
10/05/2014,5.6,1587,1057,1317,,1320.3,977.2,1788
11/05/2014,13.2,1330,964,1266,,1186.7,772.6,1674.4
12/05/2014,11.8,1234,921,1287,,1147.3,739.8,1640.4
13/05/2014,0.3,1311,967,1306,,1194.7,773.8,1637.4
14/05/2014,0.1,1367,1009,1315,,1230.3,801.4,1640.6000000000001
15/05/2014,0,1393,1036,1328,,1252.3,822.4,1655.8
16/05/2014,0,1417,1053,1332,,1267.3,840.6,1661.8
17/05/2014,0,1438,1072,1346,,1285.3,856.6,1670.8
18/05/2014,0,1471,1098,1362,,1310.3,877.2,1690
19/05/2014,0,1508,1133,1390,,1343.7,901.4,1721.6
20/05/2014,0,1526,1150,1405,,1360.3,919.6,1742.6
21/05/2014,0,1554,1173,1422,,1383.0,945,1759.8
22/05/2014,3.6,1574,1180,1410,,1388.0,954.4,1771.4
23/05/2014,0.1,1596,1195,1415,,1402.0,975.4,1788
24/05/2014,0,1623,1220,1444,,1429.0,1001,1806
25/05/2014,0,1608,1225,1415,,1416.0,980.2,1803.6
26/05/2014,14,1513,1196,1334,,1347.7,960.2,1768
27/05/2014,2.9,1462,1141,1303,,1302.0,925,1751.8
28/05/2014,9,1408,1023,1299,,1243.3,859.2,1733.8
29/05/2014,0.4,1421,1019,1319,,1253.0,854,1742.6000000000001
30/05/2014,0,1453,1056,1336,,1281.7,870.6,1757.8
31/05/2014,0,1492,1097,1354,,1314.3,890,1775.8
01/06/2014,0,1524,1132,1378,,1344.7,909.4,1789.8
02/06/2014,0,1545,1161,1400,,1368.7,931.8,1800.6000000000001
03/06/2014,0,1563,1177,1408,,1382.7,948.4,1807.2
04/06/2014,3.8,1598,1173,1407,,1392.7,957,1827.8
05/06/2014,2,1624,1197,1435,,1418.7,977.4,1843
06/06/2014,0,1645,1218,1461,,1441.3,1000.8,1855.6
07/06/2014,0,1671,1235,1463,,1456.3,1025,1872
08/06/2014,3.7,1671,1241,1449,,1453.7,1020.2,1875
09/06/2014,11.7,1660,1236,1450,,1448.7,1014.6,1877.2
10/06/2014,1.5,1677,1243,1461,,1460.3,1051,1891.2
11/06/2014,1.8,1691,1260,1485,,1478.7,1074.6,1901
12/06/2014,0,1699,1269,1500,,1489.3,1095,1907.2
13/06/2014,0,1725,1283,1515,,1507.7,1114.4,1923.6
14/06/2014,0,1746,1298,1543,,1529.0,1130.6,1936.8
15/06/2014,0,1752,1307,1541,,1533.3,1145,1944
16/06/2014,0.3,1767,1319,1550,,1545.3,1164.2,1954.8
17/06/2014,0.1,1778,1333,1560,,1557.0,1178.8,1964
18/06/2014,0.1,1780,1336,1552,,1556.0,1187.8,1968.4
19/06/2014,0.7,1789,1343,1566,,1566.0,1197.8,1977.4
20/06/2014,0.3,1805,1356,1587,,1582.7,1206.6,1988
21/06/2014,0,1819,1368,1602,,1596.3,1219.2,1999
22/06/2014,0.3,1826,1380,1617,,1607.7,1229.4,2007.2
23/06/2014,0,1830,1359,1573,,1587.3,1227.6,2014.2
24/06/2014,1.4,1840,1304,1506,,1550.0,1214,2023
25/06/2014,0,1856,1328,1594,,1592.7,1227.2,2033
26/06/2014,0,1857,1345,1634,,1612.0,1228.6,2038.2
27/06/2014,3.2,1844,1346,1637,,1609.0,1229.6,2036
28/06/2014,0.1,1834,1337,1600,,1590.3,1188.2,2037.4
29/06/2014,16.8,1825,1302,1537,,1554.7,1167.6,2040.4
30/06/2014,2.2,1831,1283,1552,,1555.3,1173.2,2046.4
01/07/2014,0,1846,1295,1602,,1581.0,1189.4,2057.2
02/07/2014,0,1856,1307,1644,,1602.3,1202.6,2063.6
03/07/2014,0,1859,1321,1668,,1616.0,1217.8,2066.6
04/07/2014,0,1871,1326,1674,,1623.7,1230,2074.4
05/07/2014,1.1,1875,1335,1679,,1629.7,1225.2,2080.2
06/07/2014,9.2,1862,1331,1683,,1625.3,1183.4,2082.2
07/07/2014,0,1834,1300,1598,,1577.3,1160.2,2075.2
08/07/2014,17.4,1748,1113,1425,,1428.7,999.6,2031.8
09/07/2014,21.1,1659,931,1354,,1314.7,904,1986.6000000000001
10/07/2014,7.6,1649,895,1345,,1296.3,888.4,1980.2
11/07/2014,3.8,1658,876,1339,,1291.0,878.4,1978.4
12/07/2014,0,1667,946,1362,,1325.0,913.6,1979
13/07/2014,0,1701,1010,1387,,1366.0,949.4,1996.2
14/07/2014,0.3,1724,1058,1411,,1397.7,972.8,2011.4
15/07/2014,2.1,1738,1090,1438,,1422.0,991.6,2020.6000000000001
16/07/2014,0,1757,1124,1473,,1451.3,1015.4,2035.4
17/07/2014,0,1774,1158,1513,,1481.7,1038,2045.8
18/07/2014,0,1799,1195,1560,,1518.0,1065.4,2059.4
19/07/2014,0,1820,1215,1582,,1539.0,1071,2072.6
20/07/2014,0.1,1829,1211,1547,,1529.0,1052,2081
21/07/2014,4,1840,1179,1556,,1525.0,1060.2,2089.6
22/07/2014,0,1862,1208,1619,,1563.0,1083.2,2102.6
23/07/2014,0,1886,1233,1659,,1592.7,1107.6,2115.8
24/07/2014,0.3,1884,1230,1644,,1586.0,1118.4,2119.2
25/07/2014,3.6,1871,1230,1644,,1581.7,1122,2116.4
26/07/2014,0.8,1883,1249,1671,,1601.0,1375.6,2167.9
27/07/2014,0,1870,1170,1605,,1548.3,1300.5,2141.6
28/07/2014,40.5,1801,861,1375,,1345.7,1015.2,2095.7000000000003
29/07/2014,1.3,1816,918,1373,,1369.0,1054.5,2100.2000000000003
30/07/2014,0,1834,987,1412,,1411.0,1114.5,2107.7000000000003
31/07/2014,0,1848,1039,1462,,1449.7,1165.9,2116.1
01/08/2014,0,1869,1083,1500,,1484.0,1208.1,2128
02/08/2014,1.2,1891,1122,1525,,1512.7,1242.9,2145.8
03/08/2014,0,1909,1159,1563,,1543.7,1280.2,2163.1
04/08/2014,0,1923,1191,1598,,1570.7,1313.1,2175
05/08/2014,0,1925,1211,1621,,1585.7,1334,2179.1
06/08/2014,2,1930,1228,1624,,1594.0,1346.8,2186.9
07/08/2014,0,1924,1240,1628,,1597.3,1356.4,2187.9
08/08/2014,15.4,1888,1226,1517,,1543.7,1313.3,2181.3
09/08/2014,1.8,1876,1234,1537,,1549.0,1324.9,2179.1
10/08/2014,14.8,1822,1210,1366,,1466.0,1256.8,2165
11/08/2014,1.5,1807,1200,1382,,1463.0,1254.6,2162.6
12/08/2014,6.5,1799,1186,1407,,1464.0,1252.3,2164.4
13/08/2014,0,1805,1195,1404,,1468.0,1257.7,2170.4
14/08/2014,6.7,1791,1199,1358,,1449.3,1246.7,2171.1
15/08/2014,7.4,1791,1216,1355,,1454.0,1257.7,2173.2000000000003
16/08/2014,0.1,1770,1213,1353,,1445.3,1255,2162.7000000000003
17/08/2014,15.8,1670,1099,1294,,1354.3,1157.5,2124.3
18/08/2014,8.5,1593,968,1300,,1287.0,1067.6,2087.2000000000003
19/08/2014,11,1555,927,1312,,1264.7,1042.5,2059.7000000000003
20/08/2014,1.4,1563,927,1322,,1270.7,1045.5,2043.9
21/08/2014,0.1,1573,972,1340,,1295.0,1082.4,2035.7
22/08/2014,4.2,1562,947,1346,,1285.0,1066.7,2026.1000000000001
23/08/2014,3.1,1561,983,1351,,1298.3,1093.4,2020.2
24/08/2014,2.2,1499,996,1357,,1284.0,1104.3,1993.9
25/08/2014,3.9,1352,920,1335,,1202.3,1044.5,1944.2000000000003
26/08/2014,8.1,1345,936,1352,,1211.0,1058.7,1936.5000000000002
27/08/2014,0,1397,993,1362,,1250.7,1103.7,1939.5000000000002
28/08/2014,6.3,1406,969,1354,,1243.0,1084.5,1934.5000000000002
29/08/2014,0.2,1314,917,1337,,1189.3,1036.1,1901.9
30/08/2014,17.1,1127,829,1331,,1095.7,918.4,1879.1000000000001
31/08/2014,2.9,1222,880,1340,,1147.3,982.6,1860.1000000000001
01/09/2014,0,1285,930,1346,,1187.0,1036.5,1844.4
02/09/2014,0,1333,979,1365,,1225.7,1085.2,1837.5
03/09/2014,0,1370,1016,1387,,1257.7,1122.2,1833.6000000000001
04/09/2014,0,1401,1036,1397,,1278.0,1144.3,1831.5
05/09/2014,0,1430,1055,1399,,1294.7,1158.2,1836.7
06/09/2014,0.4,1439,1077,1400,,1305.3,1173.9,1839.4
07/09/2014,0,1473,1106,1421,,1333.3,1200.5,1853.8000000000002
08/09/2014,0,1502,1127,1428,,1352.3,1217.3,1866
09/09/2014,0.1,1521,1144,1429,,1364.7,1229.5,1877.3000000000002
10/09/2014,0,1547,1165,1444,,1385.3,1248.7,1890.7
11/09/2014,0,1576,1184,1465,,1408.3,1268.3,1907.8000000000002
12/09/2014,0,1598,1201,1484,,1427.7,1285.9,1920
13/09/2014,0,1606,1208,1485,,1433.0,1291.1,1925.9
14/09/2014,0,1621,1213,1486,,1440.0,1294.9,1936
15/09/2014,0,1636,1224,1502,,1454.0,1307.4,1944.7
16/09/2014,0,1652,1231,1529,,1470.7,1320.4,1954.4
17/09/2014,0,1670,1245,1553,,1489.3,1337.4,1964
18/09/2014,0,1685,1250,1554,,1496.3,1341.2,1974.8000000000002
19/09/2014,0.1,1691,1252,1540,,1494.3,1338.4,1982.2
20/09/2014,0.9,1694,1259,1539,,1497.3,1343,1989.4
21/09/2014,1.9,1703,1274,1560,,1512.3,1359.8,1997.7
22/09/2014,0.3,1718,1283,1580,,1527.0,1372.1,2004.3000000000002
23/09/2014,0,1711,1285,1579,,1525.0,1373.2,2003.6000000000001
24/09/2014,2.9,1735,1297,1590,,1540.7,1384.9,2018.5
25/09/2014,0.2,1744,1308,1616,,1556.0,1400.4,2026.8000000000002
26/09/2014,0.1,1753,1313,1647,,1571.0,1413.2,2030.2
27/09/2014,0,1751,1319,1658,,1576.0,1420.7,2033.8000000000002
28/09/2014,0,1761,1326,1664,,1583.7,1427.4,2041.7
29/09/2014,1.8,1765,1329,1663,,1585.7,1429.2,2048.5
30/09/2014,0.4,1772,1335,1668,,1591.7,1434.9,2054.8
01/10/2014,0,1776,1343,1676,,1598.3,1442.9,2061.6
02/10/2014,0,1772,1344,1683,,1599.7,1445.7,2061.1
03/10/2014,0,1772,1348,1691,,1603.7,1450.9,2064.6
04/10/2014,0,1785,1351,1689,,1608.3,1452.4,2074.1
05/10/2014,0.9,1773,1343,1677,,1597.7,1443.2,2067.7000000000003
06/10/2014,0,1765,1334,1613,,1570.7,1417.7,2068.1
07/10/2014,8.2,1782,1335,1603,,1573.3,1415.4,2076.7000000000003
08/10/2014,5.1,1768,1329,1603,,1566.7,1411.2,2076.7000000000003
09/10/2014,0,1783,1335,1624,,1580.7,1421.7,2087.5
10/10/2014,0,1774,1323,1584,,1560.3,1401.3,2088.3
11/10/2014,4.1,1767,1316,1497,,1526.7,1370.3,2090.4
12/10/2014,3.6,1746,1295,1445,,1495.3,1340,2084.8
13/10/2014,1.1,1747,1283,1422,,1484.0,1324.7,2087.9
14/10/2014,0,1750,1279,1418,,1482.3,1320.7,2093
15/10/2014,0.7,1743,1271,1405,,1473.0,1311.2,2093.7000000000003
16/10/2014,4.6,1747,1269,1399,,1471.7,1308,2100.5
17/10/2014,0,1744,1275,1407,,1475.3,1314.6,2101.7000000000003
18/10/2014,0,1731,1273,1412,,1472.0,1314.7,2102
19/10/2014,9.7,1728,1268,1415,,1470.3,1312.1,2103.2000000000003
20/10/2014,0.2,1696,1246,1392,,1444.7,1289.8,2092.9
21/10/2014,18,1616,1207,1300,,1374.3,1234.9,2064.7000000000003
22/10/2014,6.5,1542,1222,1313,,1359.0,1249.3,2032
23/10/2014,0.1,1526,1206,1324,,1352.0,1241.4,2018.1000000000001
24/10/2014,1.5,1517,1197,1324,,1346.0,1235.1,2011.2
25/10/2014,1.2,1512,1196,1329,,1345.7,1235.9,2005.5
26/10/2014,0,1521,1205,1335,,1353.7,1244,2004.7
27/10/2014,0,1523,1211,1337,,1357.0,1248.8,1999.7
28/10/2014,0,1544,1222,1342,,1369.3,1258,2004.6000000000001
29/10/2014,3.1,1538,1224,1338,,1366.7,1258.2,2000.7
30/10/2014,0.1,1529,1223,1338,,1363.3,1257.5,1997.3000000000002
31/10/2014,0,1529,1231,1341,,1367.0,1264,1995.9
01/11/2014,0,1529,1236,1345,,1370.0,1268.7,1991.7
02/11/2014,0,1317,1199,1312,,1276.0,1232.9,1924.6000000000001
03/11/2014,14.1,1226,1137,1301,,1221.3,1163.7,1919.1000000000001
04/11/2014,2,1279,1115,1309,,1234.3,1164.2,1921.5000000000002
05/11/2014,0,1329,1127,1314,,1256.7,1183.1,1922.6000000000001
06/11/2014,0,1351,1139,1319,,1269.7,1193,1922.2000000000003
07/11/2014,0,1398,1171,1326,,1298.3,1217.5,1934.2
08/11/2014,0,1419,1188,1331,,1312.7,1230.9,1937.7
09/11/2014,0,1437,1202,1332,,1323.7,1241,1941.7
10/11/2014,1.3,1444,1204,1332,,1326.7,1242.4,1940.3000000000002
11/11/2014,0.7,1455,1199,1329,,1327.7,1238,1943.6000000000001
12/11/2014,0.2,1480,1214,1335,,1343.0,1250.3,1952.5
13/11/2014,0,1479,1214,1336,,1343.0,1250.6,1949.4
14/11/2014,0,1483,1222,1336,,1347.0,1256.2,1951.3000000000002
15/11/2014,0.2,1360,1124,1301,,1261.7,1177.1,1911.6000000000001
16/11/2014,14.4,1224,993,1293,,1170.0,1062.3,1891.5000000000002
17/11/2014,0.4,1283,1012,1302,,1199.0,1093.3,1894.9
18/11/2014,0.1,1336,1054,1306,,1232.0,1129.6,1903.7
19/11/2014,0.1,1362,1081,1309,,1250.7,1149.4,1908.7
20/11/2014,0,1378,1099,1312,,1263.0,1162.9,1908.6000000000001
21/11/2014,0,1400,1121,1313,,1278.0,1178.6,1909.6000000000001
22/11/2014,0,1418,1136,1314,,1289.3,1189.4,1912.9
23/11/2014,0,1443,1150,1310,,1301.0,1198,1921.8000000000002
24/11/2014,2.5,1447,1153,1316,,1305.3,1201.9,1920.2
25/11/2014,0,1446,1154,1318,,1306.0,1203.2,1916.4
26/11/2014,0.2,1455,1168,1319,,1314.0,1213.3,1915.6000000000001
27/11/2014,1.6,1469,1189,1322,,1326.7,1228.9,1922.6000000000001
28/11/2014,0,1486,1203,1324,,1337.7,1239.3,1931.2
29/11/2014,0,1489,1208,1327,,1341.3,1243.7,1930.7
30/11/2014,0.1,1507,1222,1332,,1353.7,1255,1939.6000000000001
01/12/2014,0,1525,1237,1337,,1366.3,1267,1949.9
02/12/2014,0,1542,1251,1342,,1378.3,1278.3,1959.2
03/12/2014,0,1539,1255,1342,,1378.7,1281.1,1958.3000000000002
04/12/2014,0,1550,1262,1341,,1384.3,1285.7,1964.4
05/12/2014,0.3,1564,1273,1346,,1394.3,1294.9,1975.6000000000001
06/12/2014,0.1,1542,1265,1341,,1382.7,1287.8,1967.6000000000001
07/12/2014,3.2,1530,1257,1327,,1371.3,1278,1968.9
08/12/2014,0.1,1544,1267,1329,,1380.0,1285.6,1978
09/12/2014,0,1466,1212,1303,,1327.0,1239.3,1950.4
10/12/2014,6.2,1345,1143,1281,,1256.3,1184.4,1912.0000000000002
11/12/2014,5.1,1107,907,1184,,1066.0,967,1850.4
12/12/2014,17.2,1035,804,1237,,1025.3,873.3,1853.7000000000003
13/12/2014,0.3,1120,873,1280,,1091.0,947.1,1851.2000000000003
14/12/2014,0,1115,875,1281,,1090.3,947,1837.5000000000002
15/12/2014,5.1,1090,873,1280,,1081.0,938.1,1823.9
16/12/2014,0.1,1095,839,1273,,1069.0,915.8,1806.4
17/12/2014,4.5,1068,818,1267,,1051.0,893,1792.7
18/12/2014,2.9,926,668,1163,,919.0,745.4,1743.3000000000002
19/12/2014,13.7,940,702,1248,,963.3,773.4,1741.5
20/12/2014,7.3,972,736,1268,,992.0,806.8,1711.1000000000001
21/12/2014,0,1024,776,1273,,1024.3,850.4,1676.9
22/12/2014,1.8,1066,807,1277,,1050.0,884.7,1654.3000000000002
23/12/2014,0,1074,771,1263,,1036.0,861.9,1633.3000000000002
24/12/2014,4.8,1073,774,1268,,1038.3,863.7,1625
25/12/2014,1.1,1136,841,1283,,1086.7,929.5,1613.4
26/12/2014,0.4,1123,868,1292,,1094.3,944.5,1605.6000000000001
27/12/2014,0.5,1216,947,1299,,1154.0,1027.7,1613.3000000000002
28/12/2014,0,1236,973,1295,,1168.0,1051.9,1607.9
29/12/2014,1.3,1225,977,1290,,1164.0,1051.4,1601.5
30/12/2014,1.2,1223,985,1288,,1165.3,1056.4,1599.5
31/12/2014,0.2,1249,995,1289,,1177.7,1071.2,1594.2
01/01/2015,0,1212,958,1282,,1150.7,1034.2,1594.2
02/01/2015,4.3,1206,962,1283,,1150.3,1035.2,1589.6000000000001
03/01/2015,0.5,1275,1019,1291,,1195.0,1095.8,1600.4
04/01/2015,0,1289,1035,1293,,1205.7,1111.2,1591.9
05/01/2015,0,1298,1042,1295,,1211.7,1117.9,1588.5
06/01/2015,1.5,1296,1051,1290,,1212.3,1122.7,1590
07/01/2015,0,1149,899,1236,,1094.7,974,1562.2
08/01/2015,19,917,696,1232,,948.3,762.3,1535.1000000000001
09/01/2015,5.1,899,624,1222,,915.0,706.5,1504.8000000000002
10/01/2015,5.1,954,681,1248,,961.0,762.9,1481.8
11/01/2015,2,985,728,1261,,991.3,805.1,1451.4
12/01/2015,0.9,940,667,1243,,950.0,748.9,1422.2
13/01/2015,7,902,672,1249,,941.0,741,1400.9
14/01/2015,2.5,899,673,1252,,941.3,740.8,1371.7
15/01/2015,3.5,977,737,1260,,991.3,809,1360.1
16/01/2015,0.1,1067,824,1271,,1054.0,896.9,1354.3
17/01/2015,0,1061,842,1272,,1058.3,907.7,1346.9
18/01/2015,2.8,1010,863,1269,,1047.3,907.1,1340.4
19/01/2015,0.1,1076,905,1274,,1085.0,956.3,1339.1
20/01/2015,0,1145,939,1276,,1120.0,1000.8,1342.5
21/01/2015,0,1210,978,1272,,1153.3,1047.6,1354.6
22/01/2015,0,1241,1005,1274,,1173.3,1075.8,1362.9
23/01/2015,0,1239,1013,1270,,1174.0,1080.8,1367.3
24/01/2015,6.1,1212,1014,1269,,1165.0,1073.4,1378.2
25/01/2015,0.7,1020,846,1234,,1033.3,898.2,1353.7
26/01/2015,5.2,1009,825,1238,,1024.0,880.2,1336.7
27/01/2015,1,993,786,1231,,1003.3,848.1,1298.9
28/01/2015,9.1,841,634,1194,,889.7,696.1,1245.8
29/01/2015,15,787,536,1147,,823.3,611.3,1172.9
30/01/2015,5.5,822,562,1208,,864.0,640,1182.2
31/01/2015,0.2,863,637,1236,,912.0,704.8,1194
01/02/2015,1.2,875,638,1245,,919.3,709.1,1193.4
02/02/2015,2.8,854,657,1250,,920.3,716.1,1193.9
03/02/2015,0.1,946,741,1259,,982.0,802.5,1202.6000000000001
04/02/2015,0,1024,815,1267,,1035.3,877.7,1215.4
05/02/2015,0.9,1090,872,1273,,1078.3,937.4,1226.5
06/02/2015,0,1134,908,1272,,1104.7,975.2,1230.6
07/02/2015,0.1,1099,911,1268,,1092.7,967.4,1232.3
08/02/2015,0.1,1120,914,1265,,1099.7,975.8,1232.9
09/02/2015,0.3,1141,918,1267,,1108.7,984.9,1237
10/02/2015,0.8,1160,930,1270,,1120.0,999,1239.4
11/02/2015,0,1202,954,1273,,1143.0,1019.7,1251.7
12/02/2015,0,1223,969,1275,,1155.7,1030.5,1259.4
13/02/2015,0,1253,989,1278,,1173.3,1048.7,1270.5
14/02/2015,0,1297,1015,1282,,1198.0,1072.9,1292.5
15/02/2015,0,1322,1034,1282,,1212.7,1090.4,1310
16/02/2015,0,1358,1062,1283,,1234.3,1118.1,1335.5
17/02/2015,0.1,1352,1073,1283,,1236.0,1128.5,1331.3
18/02/2015,0,1328,1066,1280,,1224.7,1121.8,1313.6
19/02/2015,0,1282,1039,1277,,1199.3,1098.4,1280.5
20/02/2015,12.5,958,798,1216,,990.7,846,1210.3
21/02/2015,7.2,1023,784,1245,,1017.3,855.7,1215.9
22/02/2015,0.1,980,781,1248,,1003.0,840.7,1206.3
23/02/2015,4.5,1037,851,1256,,1048.0,906.8,1210.7
24/02/2015,1.2,1106,894,1263,,1087.7,957.6,1217.7
25/02/2015,1.2,1125,903,1265,,1097.7,960.9,1223
26/02/2015,3.8,1005,754,1241,,1000.0,829.3,1193.6000000000001
27/02/2015,3.8,1078,810,1259,,1049.0,882.9,1204.7
28/02/2015,0,1114,841,1263,,1072.7,903.4,1218.3
01/03/2015,4.5,1124,843,1259,,1075.3,912.3,1218.5
02/03/2015,1.6,1111,841,1258,,1070.0,912.4,1213.9
03/03/2015,5.8,1072,788,1252,,1037.3,872,1198
04/03/2015,0.6,1163,855,1268,,1095.3,922.8,1236.5
05/03/2015,0,1201,898,1272,,1123.7,953.5,1250.7
06/03/2015,0,1231,927,1275,,1144.3,975.6,1261.8
07/03/2015,0,1272,955,1279,,1168.7,1000.9,1276.9
08/03/2015,0,1310,988,1284,,1194.0,1031.2,1302.2
09/03/2015,0,1328,1008,1285,,1207.0,1052.7,1315.1
10/03/2015,0.4,1353,1027,1288,,1222.7,1071.7,1333.5
11/03/2015,0,1375,1046,1294,,1238.3,1089.2,1350.7
12/03/2015,0,1392,1064,1298,,1251.3,1106.6,1363.8
13/03/2015,0,1415,1082,1296,,1264.3,1124.6,1379.3
14/03/2015,0.2,1420,1096,1299,,1271.7,1138.3,1383.7
15/03/2015,0.1,1427,1102,1298,,1275.7,1146.4,1388.3
16/03/2015,0,1445,1113,1302,,1286.7,1159.2,1402.1
17/03/2015,0,1458,1123,1302,,1294.3,1170.1,1411.2
18/03/2015,0,1467,1133,1304,,1301.3,1180.1,1418.1000000000001
19/03/2015,0,1467,1138,1304,,1303.0,1184.8,1418.1000000000001
20/03/2015,0,1427,1117,1291,,1278.3,1169.2,1387.4
21/03/2015,14.9,1375,1119,1289,,1261.0,1167.6,1349.2
22/03/2015,0,1385,1109,1290,,1261.3,1155.2,1356.5
23/03/2015,0,1414,1119,1295,,1276.0,1163.1,1378.3
24/03/2015,0,1374,1108,1286,,1256.0,1158.7,1347.6
25/03/2015,6.8,1307,1102,1282,,1230.3,1154.8,1299.5
26/03/2015,2.2,1311,1106,1278,,1231.7,1157.6,1307.7
27/03/2015,0.7,1319,1092,1283,,1231.3,1148.7,1308.2
28/03/2015,3.5,1151,911,1230,,1097.3,983,1234.2
29/03/2015,16.1,995,763,1220,,992.7,832.6,1204.1
30/03/2015,3.3,904,621,1185,,903.3,705.9,1154.1
31/03/2015,11.6,981,620,1224,,941.7,728.3,1168.8
01/04/2015,1.6,901,556,1220,,892.3,659.5,1161.5
02/04/2015,6,1002,686,1248,,978.7,780.8,1176.9
03/04/2015,0,1100,784,1263,,1049.0,859.3,1214.1000000000001
04/04/2015,0,1180,859,1271,,1103.3,921.7,1243.7
05/04/2015,0,1236,902,1277,,1138.3,961.4,1264.7
06/04/2015,0.3,1277,935,1280,,1164.0,991.4,1279.1
07/04/2015,0,1303,956,1283,,1180.7,1011.8,1297
08/04/2015,0,1320,970,1285,,1191.7,1024.3,1309.5
09/04/2015,0,1341,984,1284,,1203.0,1037.4,1323.9
10/04/2015,0,1377,1004,1285,,1222.0,1057.7,1349.4
11/04/2015,2.6,1384,1026,1288,,1232.7,1079.1,1355.2
12/04/2015,0,1424,1051,1293,,1256.0,1103.2,1384.7
13/04/2015,0.1,1429,1064,1291,,1261.3,1114.4,1387.6
14/04/2015,0,1443,1075,1292,,1270.0,1125.7,1397.7
15/04/2015,0,1476,1097,1299,,1290.7,1146.8,1422.9
16/04/2015,0,1504,1124,1303,,1310.3,1172,1443.7
17/04/2015,0,1527,1147,1310,,1328.0,1193.8,1461.9
18/04/2015,0,1531,1158,1310,,1333.0,1203.6,1466.8
19/04/2015,0,1557,1177,1314,,1349.3,1218.1,1491.6000000000001
20/04/2015,0,1566,1190,1314,,1356.7,1227.2,1502.7
21/04/2015,0,1561,1198,1313,,1357.3,1232.5,1502.5
22/04/2015,0,1562,1206,1310,,1359.3,1237.2,1505.9
23/04/2015,0,1569,1214,1310,,1364.3,1242.8,1513.2
24/04/2015,0,1578,1224,1306,,1369.3,1248.6,1522.8
25/04/2015,3.9,1536,1188,1289,,1337.7,1218.3,1497.9
26/04/2015,8.7,1512,1199,1292,,1334.3,1226.9,1485.6
27/04/2015,0.1,1539,1228,1298,,1355.0,1249,1509
28/04/2015,1.1,1545,1246,1304,,1365.0,1263.4,1515.6
29/04/2015,0,1552,1250,1302,,1368.0,1265.6,1523.5
30/04/2015,1.3,1568,1262,1305,,1378.3,1274.9,1538.9
01/05/2015,0,1590,1275,1313,,1392.7,1286.4,1557.6
02/05/2015,0,1582,1274,1309,,1388.3,1284.5,1553.8
03/05/2015,5,1591,1280,1306,,1392.3,1287.8,1564
04/05/2015,4.8,1573,1260,1294,,1375.7,1270.2,1554.7
05/05/2015,3.3,1588,1269,1304,,1387.0,1279.5,1570.3
06/05/2015,1.4,1578,1288,1308,,1391.3,1294,1568.7
07/05/2015,2.8,1549,1299,1314,,1387.3,1303.5,1556
08/05/2015,0,1563,1302,1315,,1393.3,1305.9,1571.4
09/05/2015,0.7,1600,1322,1328,,1416.7,1323.8,1597.6
10/05/2015,0,1601,1330,1334,,1421.7,1331.2,1601.7
11/05/2015,0,1612,1338,1335,,1428.3,1335.9,1616.2
12/05/2015,0,1628,1353,1344,,1441.7,1346.7,1630.8
13/05/2015,0,1641,1364,1347,,1450.7,1352.1,1643.8
14/05/2015,0,1665,1377,1354,,1465.3,1360.9,1665.7
15/05/2015,0,1671,1382,1348,,1467.0,1358.2,1677.3
16/05/2015,1,1672,1393,1354,,1473.0,1365.7,1687.4
17/05/2015,0,1653,1395,1352,,1466.7,1364.9,1687.3
18/05/2015,3.2,1675,1403,1353,,1477.0,1368,1731.7
19/05/2015,0.1,1701,1419,1368,,1496.0,1383.3,1739.5
20/05/2015,0.3,1713,1431,1390,,1511.3,1402.3,1752.2
21/05/2015,0,1712,1440,1412,,1521.3,1420.4,1745.6
22/05/2015,0,1716,1449,1416,,1527.0,1425.9,1760.1
23/05/2015,0.3,1717,1456,1435,,1536.0,1441.3,1767.4
24/05/2015,0.1,1726,1463,1451,,1546.7,1454.6,1781.3
25/05/2015,0.5,1742,1472,1467,,1560.3,1468.5,1798.7
26/05/2015,1.1,1743,1479,1481,,1567.7,1479.6,1804.6
27/05/2015,0,1740,1483,1483,,1568.7,1483,1812.1
28/05/2015,4.5,1744,1487,1493,,1574.7,1488.8,1820.3
29/05/2015,1.9,1766,1497,1504,,1589.0,1499.1,1839.5
30/05/2015,1.7,1762,1503,1510,,1591.7,1505.1,1844.6
31/05/2015,6.6,1767,1511,1513,,1597.0,1511.6,1855.9
01/06/2015,0,1760,1512,1523,,1598.3,1515.3,1859.4
02/06/2015,0.3,1796,1523,1543,,1620.7,1529,1886.3
03/06/2015,0.1,1803,1536,1566,,1635.0,1545,1896.1
04/06/2015,0,1802,1543,1586,,1643.7,1555.9,1901.4
05/06/2015,2.2,1824,1552,1598,,1658.0,1565.8,1922
06/06/2015,0,1838,1564,1620,,1674.0,1580.8,1936.7
07/06/2015,0,1848,1574,1633,,1685.0,1591.7,1950.2
08/06/2015,0,1857,1582,1647,,1695.3,1601.5,1960.6
09/06/2015,0,1868,1589,1661,,1706.0,1610.6,1971.6
10/06/2015,0,1888,1598,1681,,1722.3,1622.9,1982.5
11/06/2015,0,1901,1604,1698,,1734.3,1632.2,1992
12/06/2015,0,1911,1608,1703,,1740.7,1636.5,2004.8
13/06/2015,0.9,1922,1617,1712,,1750.3,1645.5,2018.6
14/06/2015,0,1944,1630,1727,,1767.0,1659.1,2037.1
15/06/2015,0,1944,1638,1736,,1772.7,1667.4,2044.1
16/06/2015,0,1942,1641,1741,,1774.7,1671,2048.4
17/06/2015,3.7,1934,1647,1733,,1771.3,1672.8,2055.1
18/06/2015,0.9,1938,1653,1741,,1777.3,1679.4,2064.7
19/06/2015,3.4,1947,1658,1739,,1781.3,1682.3,2075.1
20/06/2015,0,1925,1659,1722,,1768.7,1677.9,2072.7
21/06/2015,10.9,1876,1653,1690,,1739.7,1664.1,2061.5
22/06/2015,11.3,1866,1650,1672,,1729.3,1656.6,2068.3
23/06/2015,3.4,1868,1652,1671,,1730.3,1657.7,2071.7
24/06/2015,0,1874,1659,1669,,1734.0,1662,2080.5
25/06/2015,0,1885,1666,,,1775.5,1709.8,2116.2
26/06/2015,0,1891,1671,,,1781.0,1715,2125.4
27/06/2015,2.4,1910,1676,,,1793.0,1722.8,2134.8
28/06/2015,0.6,1922,1680,,,1801.0,1728.4,2147.6
29/06/2015,0,1942,1692,,,1817.0,1742,2156.4
30/06/2015,0,1959,1700,,,1829.5,1751.8,2164.6
01/07/2015,0,1977,1706,,,1841.5,1760.2,2179.4
02/07/2015,0.1,1978,1713,,,1845.5,1766,2188.4
03/07/2015,0,1985,1718,,,1851.5,1771.4,2195.4
04/07/2015,0,1993,1721,,,1857.0,1775.4,2202.6
05/07/2015,0.7,2006,1725,,,1865.5,1781.2,2212.4
06/07/2015,0,2001,1730,,,1865.5,1784.2,2215.4
07/07/2015,0,2005,1731,,,1868.0,1785.8,2223.4
08/07/2015,12.3,1994,1738,,,1866.0,1789.2,2232.4
09/07/2015,0.1,2007,1744,,,1875.5,1796.6,2238.2
10/07/2015,0,2015,1749,,,1882.0,1802.2,2245.4
11/07/2015,0,2022,1750,,,1886.0,1804.4,2252.4
12/07/2015,0.6,2013,1748,,,1880.5,1801,2254.6
13/07/2015,4.7,2007,1751,,,1879.0,1802.2,2260.6
14/07/2015,1.7,2012,1755,,,1883.5,1806.4,2266.4
15/07/2015,1.4,2018,1761,,,1889.5,1812.4,2271.6
16/07/2015,0,2031,1765,,,1898.0,1818.2,2280.6
17/07/2015,1.8,2026,1768,,,1897.0,1819.6,2286
18/07/2015,11.5,2020,1767,,,1893.5,1817.6,2290.4
19/07/2015,3.2,2028,1770,,,1899.0,1821.6,2294.4
20/07/2015,1.9,2032,1774,,,1903.0,1825.6,2302.4
21/07/2015,1.4,2045,1780,,,1912.5,1833,2312.2
22/07/2015,0,2054,1787,,,1920.5,1840.4,2320.4
23/07/2015,0,2050,1792,,,1921.0,1843.6,2321.2
24/07/2015,1.3,2040,1784,,,1912.0,1835.2,2325.6
25/07/2015,10.9,2028,1791,,,1909.5,1838.4,2325.6
26/07/2015,2,1994,1783,,,1888.5,1825.2,2321.2
27/07/2015,20,1959,1777,,,1868.0,1813.4,2319
28/07/2015,0.8,1955,1772,,,1863.5,1808.6,2324.6
29/07/2015,6,1963,1777,,,1870.0,1814.2,2334.2
30/07/2015,0.1,1970,1780,,,1875.0,1818,2339.6
31/07/2015,0,1980,1786,,,1883.0,1824.8,2346.4
01/08/2015,0,2002,1792,,,1897.0,1834,2355.6
02/08/2015,0,2022,1799,,,1910.5,1843.6,2362.8
03/08/2015,0,2032,1796,,,1914.0,1843.2,2372
04/08/2015,6.9,2034,1799,,,1916.5,1846,2376.4
05/08/2015,0,2057,1804,,,1930.5,1854.6,2387.4
06/08/2015,0,2062,1810,,,1936.0,1860.4,2395.6
07/08/2015,6.8,2069,1814,,,1941.5,1865,2404.2
08/08/2015,0,2069,1814,,,1941.5,1865,2405.8
09/08/2015,0,2071,1814,,,1942.5,1865.4,2409.4
10/08/2015,0.6,2077,1817,,,1947.0,1869,2417.8
11/08/2015,0,2088,1822,,,1955.0,1875.2,2425.6
12/08/2015,0,2088,1825,,,1956.5,1877.6,2429.6
13/08/2015,0,2092,1823,,,1957.5,1876.8,2432
14/08/2015,6.5,2091,1826,,,1958.5,1879,2439.8
15/08/2015,11,1986,1813,,,1899.5,1847.6,2418
16/08/2015,38.9,1711,1679,,,1695.0,1685.4,2315.8
17/08/2015,27,1436,1494,,,1465.0,1447.6,2231.6
18/08/2015,1.1,1469,1452,,,1460.5,960.6,2115.1000000000004
19/08/2015,0,1518,1438,,,1478.0,980.2,2117.9
20/08/2015,0,1556,1433,,,1494.5,999.7,2122.3
21/08/2015,0,1586,1431,,,1508.5,1010.3000000000001,2126.4
22/08/2015,0,1611,1432,,,1521.5,1020.4000000000001,2128.3
23/08/2015,1.2,1618,1428,,,1523.0,1029.7,2126.9
24/08/2015,10.2,1614,1429,,,1521.5,1029.3,2131.3
25/08/2015,5.8,1578,1430,,,1504.0,1014.2,2118.4
26/08/2015,0.4,1592,1429,,,1510.5,1016.7,2125.4
27/08/2015,4.9,1587,1431,,,1509.0,1020.8000000000001,2130.2000000000003
28/08/2015,0,1605,1440,,,1522.5,1022.8000000000001,2137.7000000000003
29/08/2015,0,1608,1438,,,1523.0,1026.4,2131.6000000000004
30/08/2015,40.5,1234,1321,,,1277.5,565.5,2002.1000000000001
31/08/2015,3.5,1265,1282,,,1273.5,730.9000000000001,1977.1000000000001
01/09/2015,0.1,1331,1273,,,1302.0,783,1975.0000000000002
02/09/2015,0.6,1361,1271,,,1316.0,806.9000000000001,1972.1000000000001
03/09/2015,0.2,1390,1274,,,1332.0,826.7,1972.4
04/09/2015,8.1,1239,1251,,,1245.0,772.8000000000001,1927.2000000000003
05/09/2015,8.4,1215,1233,,,1224.0,747.4000000000001,1916.2000000000003
06/09/2015,2.2,1239,1216,,,1227.5,764.5,1913.1000000000001
07/09/2015,2.9,1284,1203,,,1243.5,771.1,1918.2000000000003
08/09/2015,0.6,1336,1218,,,1277.0,786.8000000000001,1926.8000000000002
09/09/2015,0,1394,1251,,,1322.5,810.7,1937.2
10/09/2015,0,1430,1270,,,1350.0,834.6,1941.7
11/09/2015,0,1459,1284,,,1371.5,857,1944.8000000000002
12/09/2015,2,1466,1288,,,1377.0,875,1944.1000000000001
13/09/2015,0.2,1391,1285,,,1338.0,887.4000000000001,1919.5000000000002
14/09/2015,22.5,1227,1283,,,1255.0,850.4000000000001,1880.1000000000001
15/09/2015,3.3,1185,1242,,,1213.5,829.4000000000001,1860.1000000000001
16/09/2015,5.9,1128,1191,,,1159.5,794.8,1842.0000000000002
17/09/2015,5.6,1126,1168,,,1147.0,745.2,1826.7000000000003
18/09/2015,0,1217,1147,,,1182.0,815.2,1833.0000000000002
19/09/2015,3.1,1259,1115,,,1187.0,846.9,1832.3000000000002
20/09/2015,0.2,1287,1124,,,1205.5,872,1828.8000000000002
21/09/2015,1,1237,1071,,,1154.0,859.6,1804.0000000000002
22/09/2015,20,1099,840,1277,,1072.0,703.2,1709
23/09/2015,11.6,1191,897,1289,,1125.7,753.6,1681.4
24/09/2015,0.5,1255,955,1309,,1173.0,820,1673.2
25/09/2015,1.6,1313,1005,1331,,1216.3,867.6,1670.6000000000001
26/09/2015,0.1,1364,1056,1357,,1259.0,911.4,1679
27/09/2015,0,1394,1092,1379,,1288.3,940.2,1687.4
28/09/2015,0,1422,1124,1401,,1315.7,960.8,1698
29/09/2015,0,1450,1154,1420,,1341.3,981.2,1711
30/09/2015,0,1480,1176,1431,,1362.3,999.6,1726
01/10/2015,0,1497,1194,1438,,1376.3,1013.4,1732.8
02/10/2015,0,1510,1202,1442,,1384.7,1024.4,1739.2
03/10/2015,0,1537,1222,1449,,1402.7,1039,1758.4
04/10/2015,0,1545,1234,1451,,1410.0,1045,1764
05/10/2015,1.1,1517,1222,1421,,1386.7,1045.6,1757
06/10/2015,4,1520,1230,1406,,1385.3,1050,1768.4
07/10/2015,0.8,1515,1234,1392,,1380.3,1057,1776.6000000000001
08/10/2015,4.3,1492,1224,1377,,1364.3,1047,1773.4
09/10/2015,0,1512,1231,1385,,1376.0,1045,1786.8
10/10/2015,0,1546,1254,1411,,1403.7,1053,1806.4
11/10/2015,0,1572,1267,1430,,1423.0,1063.6,1822.8
12/10/2015,0,1593,1276,1444,,1437.7,1076.8,1839.6
13/10/2015,0,1570,1266,1417,,1417.7,1075.8,1835.8
14/10/2015,8.9,1432,1201,1346,,1326.3,1007.2,1786.6000000000001
15/10/2015,8.1,1265,1070,1279,,1204.7,830.6,1726
16/10/2015,14.3,1097,889,1248,,1078.0,655.6,1698
17/10/2015,0,1180,918,1268,,1122.0,718.8,1689.8000000000002
18/10/2015,2.8,1212,928,1271,,1137.0,755.2,1679.6000000000001
19/10/2015,0.1,1252,969,1278,,1166.3,798.6,1672.2
20/10/2015,0.1,1277,997,1279,,1184.3,830.2,1659.4
21/10/2015,0.1,1295,1021,1286,,1200.7,880,1663.4
22/10/2015,1.2,1312,1055,1293,,1220.0,913.4,1669.6000000000001
23/10/2015,0,1331,1072,1297,,1233.3,934.6,1673
24/10/2015,0,1379,1109,1318,,1268.7,967.4,1697
25/10/2015,0.3,1392,1124,1322,,1279.3,976.4,1698.6000000000001
26/10/2015,0,1413,1138,1328,,1293.0,997,1705.8
27/10/2015,0,1431,1151,1332,,1304.7,1015.4,1714.2
28/10/2015,0,1464,1173,1344,,1327.0,1034.4,1735.2
29/10/2015,0,1488,1193,1355,,1345.3,1045.4,1750.8
30/10/2015,0,1496,1205,1358,,1353.0,1052.6,1757
31/10/2015,0,1512,1217,1364,,1364.3,1062.8,1769.4
01/11/2015,0,1513,1224,1360,,1365.7,1065,1770.4
02/11/2015,0,1515,1226,1357,,1366.0,1065.2,1771.2
03/11/2015,0,1526,1235,1362,,1374.3,1069.4,1778
04/11/2015,0.1,1535,1244,1363,,1380.7,1071.8,1785.2
05/11/2015,3.9,1487,1236,1341,,1354.7,1068,1770.8
06/11/2015,2.1,1436,1211,1316,,1321.0,1046.6,1755.2
07/11/2015,3.3,1363,1141,1289,,1264.3,932.8,1724.8
08/11/2015,0,1348,1113,1290,,1250.3,928.8,1721.2
09/11/2015,3.7,1347,1115,1289,,1250.3,929,1721.4
10/11/2015,3.2,1280,1100,1280,,1220.0,919.4,1692.2
11/11/2015,0.7,1317,1106,1283,,1235.3,923.6,1702.8000000000002
12/11/2015,0,1352,1124,1287,,1254.3,936.2,1711.4
13/11/2015,1.3,1353,1136,1277,,1255.3,944,1705.8
14/11/2015,4.6,1112,921,1221,,1084.7,648,1639.8000000000002
15/11/2015,11.6,1077,851,1227,,1051.7,602,1626.6000000000001
16/11/2015,1.2,1039,820,1221,,1026.7,661.6,1608.6000000000001
17/11/2015,7.8,1036,822,1223,,1027.0,673.2,1595
18/11/2015,1.6,1103,875,1232,,1070.0,718.4,1583
19/11/2015,6.1,1051,872,1224,,1049.0,720.2,1561.2
20/11/2015,0.1,1045,912,1236,,1064.3,747,1554.6000000000001
21/11/2015,4.6,1114,936,1240,,1096.7,765,1550.8
22/11/2015,0,1196,987,1248,,1143.7,797.4,1543.2
23/11/2015,0,1160,976,1236,,1124.0,807.4,1524.6000000000001
24/11/2015,5.2,1033,908,1219,,1053.3,734.6,1516
25/11/2015,1.1,1134,967,1235,,1112.0,778,1518.2
26/11/2015,0,1173,992,1231,,1132.0,811.4,1502.8
27/11/2015,0.1,1115,977,1229,,1107.0,797.6,1499
28/11/2015,4.1,961,873,1202,,1012.0,543.6,1479.2
29/11/2015,20,853,674,1119,,882.0,375.20000000000005,1411.2
30/11/2015,19.7,794,612,1113,,839.7,327.6,1324.8
01/12/2015,2,879,696,1191,,922.0,399,1303.2
02/12/2015,0,968,776,1210,,984.7,512,1283.2
03/12/2015,0,967,766,1214,,982.3,557.2,1276.4
04/12/2015,5.1,1013,810,1212,,1011.7,601.8,1260.6
05/12/2015,0,1092,863,1231,,1062.0,677,1268.8
06/12/2015,0,1142,906,1247,,1098.3,735.6,1283
07/12/2015,0.5,1159,919,1252,,1110.0,767.8,1285.6
08/12/2015,5.3,1098,885,1243,,1075.3,764.4,1290.4
09/12/2015,0,1152,917,1238,,1102.3,779,1278.2
10/12/2015,0,1059,817,1216,,1030.7,651.4,1263.4
11/12/2015,10.5,963,741,1198,,967.3,457.8,1240
12/12/2015,2.8,968,733,1200,,967.0,512.2,1231.8
13/12/2015,1,1052,816,1225,,1031.0,599.4,1229.8
14/12/2015,0,1124,877,1239,,1080.0,678.4,1236.2
15/12/2015,0,1107,867,1228,,1067.3,708,1231
16/12/2015,3.5,1077,832,1213,,1040.7,703.6,1220.8
17/12/2015,0.1,1134,894,1226,,1084.7,739.8,1229.6
18/12/2015,0.2,1175,929,1229,,1111.0,761.6,1231.4
19/12/2015,0,1209,934,1238,,1127.0,777.4,1241
20/12/2015,0.1,1214,,1248,,1231.0,852.8,1252.9
21/12/2015,8.1,1175,,1236,,1205.5,850.2,1247.9
22/12/2015,0.8,1217,,1248,,1232.5,875.4000000000001,1262.7
23/12/2015,1,1241,,1252,,1246.5,888.9000000000001,1262.5
24/12/2015,1.5,1261,,1269,,1265.0,908.2,1280.9
25/12/2015,0.1,1271,,1270,,1270.5,921.4000000000001,1286.4
26/12/2015,0.1,1309,,1284,,1296.5,935.4000000000001,1310.4
27/12/2015,0,1332,,1289,,1310.5,941.1,1328.4
28/12/2015,0,1358,,1299,,1328.5,956.7,1351.1
29/12/2015,0,1362,,1295,,1328.5,957.6,1354.5
30/12/2015,0,1362,,1298,,1330.0,976.7,1359.6
31/12/2015,1.3,1376,,1298,,1337.0,983,1373
01/01/2016,0,1359,,1293,,1326.0,981.5,1363.9
02/01/2016,1,1249,,1261,,1255.0,957.8,1328.2
03/01/2016,6.2,1067,,1231,,1149.0,808.7,1302.4
04/01/2016,7.7,1065,880,1245,,1063.3,725.8,1279.8
05/01/2016,0.5,1128,910,1261,,1099.7,748.6,1276
06/01/2016,0.4,1110,899,1249,,1086.0,686.6,1256.8
07/01/2016,7.8,1016,806,1224,,1015.3,555.8,1236.6
08/01/2016,0,1101,861,1244,,1068.7,708.6,1232.4
09/01/2016,0,1149,896,1256,,1100.3,762.8,1237.2
10/01/2016,0.1,1166,926,1261,,1117.7,789.8,1241.4
11/01/2016,3.8,1122,892,1258,,1090.7,781,1248
12/01/2016,1,1143,898,1260,,1100.3,795.4,1261.2
13/01/2016,2.6,1077,876,1243,,1065.3,755.4,1235.4
14/01/2016,5.6,993,821,1238,,1017.3,560.6,1229.2
15/01/2016,1.8,1067,869,1240,,1058.7,670.4,1224.4
16/01/2016,1.6,1125,916,1254,,1098.3,752.2,1233.6
17/01/2016,0.1,1182,944,1257,,1127.7,795.8,1232.2
18/01/2016,0,1248,981,1268,,1165.7,847.2,1260
19/01/2016,0.1,1270,1013,1271,,1184.7,891.2,1270.6
20/01/2016,0.1,1274,1038,1276,,1196.0,915.6,1275.2
21/01/2016,0,1291,1042,1271,,1201.3,922.6,1286.6
22/01/2016,3.5,1182,977,1255,,1138.0,869.6,1282
23/01/2016,0,1155,933,1242,,1110.0,837.6,1273.8
24/01/2016,1,1160,926,1243,,1109.7,844.4,1268.2
25/01/2016,0,1205,952,1245,,1134.0,859.6,1262.4
26/01/2016,1.6,1147,908,1237,,1097.3,828.8,1252.6
27/01/2016,8.9,993,744,1202,,979.7,607.2,1221.2
28/01/2016,2.5,1065,799,1220,,1028.0,643.6,1205.6
29/01/2016,0.3,924,656,1166,,915.3,476.6,1151.2
30/01/2016,22.9,850,598,1185,,877.7,397,1127.8
31/01/2016,2,891,594,1201,,895.3,419.4,1123.4
01/02/2016,1.9,943,678,1213,,944.7,497.4,1124.6
02/02/2016,2.1,1013,757,1235,,1001.7,586.6,1146.2
03/02/2016,0.5,1032,752,1232,,1005.3,627.2,1152
04/02/2016,3.5,1018,732,1222,,990.7,637.2,1140.4
05/02/2016,1,1048,765,1221,,1011.3,673.8,1151.8
06/02/2016,0,1113,812,1233,,1052.7,720.2,1185
07/02/2016,0,1078,734,1228,,1013.3,667.4,1168
08/02/2016,10.2,931,596,1192,,906.3,512.6,1087.6
09/02/2016,15.7,815,502,1171,,829.3,361.6,1046.6
10/02/2016,2.8,899,595,1207,,900.3,446.2,1083.8
11/02/2016,0,977,686,1221,,961.3,543.8,1123.4
12/02/2016,0,1035,742,1229,,1002.0,628.6,1151.4
13/02/2016,0.9,991,746,1236,,991.0,664.4,1138
14/02/2016,9.5,895,654,1210,,919.7,468,1084
15/02/2016,1.9,987,757,1218,,987.3,527.8,1125.6
16/02/2016,0,1036,790,1219,,1015.0,611.2,1145.8
17/02/2016,0,1089,825,1235,,1049.7,669.6,1176.6
18/02/2016,0,1125,856,1237,,1072.7,690.4,1192.2
19/02/2016,0,1088,805,1220,,1037.7,670,1167.2
20/02/2016,4.5,936,618,1184,,912.7,520.2,1084.8
21/02/2016,5.2,839,480,1145,,821.3,567.6,1053.2
22/02/2016,13.4,851,560,1184,,865.0,617.3,1084.1000000000001
23/02/2016,0.5,927,675,1206,,936.0,703.2,1122.3
24/02/2016,0.5,1002,742,1221,,988.3,760,1155.3
25/02/2016,1.1,1056,782,1227,,1021.7,796.1,1175.7
26/02/2016,0.1,1116,826,1239,,1060.3,837.1,1202.1
27/02/2016,0,1187,872,1250,,1103.0,881.3,1231.1
28/02/2016,0,1225,899,1254,,1126.0,907.7,1245.3
29/02/2016,0,1214,888,1244,,1115.3,895.8,1235
01/03/2016,2.2,1021,759,1222,,1000.7,790.2,1161.7
02/03/2016,5.6,994,711,1222,,975.7,749.1,1153.6000000000001
03/03/2016,1.6,996,695,1208,,966.3,724.1,1144.4
04/03/2016,10.4,905,619,1197,,907.0,653.2,1109.4
05/03/2016,0,981,720,1219,,973.3,732.6,1147.6000000000001
06/03/2016,0,1023,770,1229,,1007.3,781.7,1167.2
07/03/2016,0.9,1091,824,1235,,1050.0,831.2,1191.8
08/03/2016,0.9,1119,848,1239,,1068.7,853.4,1203
09/03/2016,0,1208,902,1257,,1122.3,906.8,1242.3
10/03/2016,0,1248,929,1262,,1146.3,934.7,1257.8
11/03/2016,0,1278,945,1267,,1163.3,952.2,1274.7
12/03/2016,0,1312,965,1278,,1185.0,971.9,1301.8
13/03/2016,0,1329,976,1280,,1195.0,984.4,1314.3
14/03/2016,0,1342,987,1282,,1203.7,996,1324
15/03/2016,0,1369,1007,1286,,1220.7,1015.1,1344.1
16/03/2016,0,1379,1015,1285,,1226.3,1024.6,1350.8
17/03/2016,0,1380,1023,1283,,1228.7,1033.2,1350.9
18/03/2016,0,1394,1038,1285,,1239.0,1048.8,1361.3
19/03/2016,0,1402,1046,1282,,1243.3,1057.7,1366
20/03/2016,1.6,1394,1057,1271,,1240.7,1068.7,1357.1
21/03/2016,0.7,1404,1065,1267,,1245.3,1076.7,1362.9
22/03/2016,0.1,1419,1076,1274,,1256.3,1088.3,1375.5
23/03/2016,0,1435,1089,1280,,1268.0,1099.8,1388.5
24/03/2016,0.8,1346,1051,1264,,1220.3,1075.3,1321.4
25/03/2016,8.3,1261,1010,1242,,1171.0,1040.3,1255.3
26/03/2016,0,1269,986,1246,,1167.0,1022.3,1262.1
27/03/2016,5.1,1230,965,1242,,1145.7,1002.5,1238.4
28/03/2016,2,1233,976,1250,,1153.0,1018,1244.9
29/03/2016,3.4,1266,967,1249,,1160.7,1016.2,1260.9
30/03/2016,0.1,1345,1011,1262,,1206.0,1052.1,1320.1
31/03/2016,0,1398,1048,1274,,1240.0,1081.6,1360.8
01/04/2016,0,1414,1064,1275,,1251.0,1094,1372.3
02/04/2016,0,1428,1074,1278,,1260.0,1102.8,1383
03/04/2016,0,1450,1086,1285,,1273.7,1115.1,1400.5
04/04/2016,0,1459,1102,1292,,1284.3,1130.2,1408.9
05/04/2016,3.4,1438,1109,1281,,1276.0,1137.5,1390.9
06/04/2016,0.5,1447,1120,1286,,1284.3,1150.3,1398.7
07/04/2016,1.2,1437,1125,1283,,1281.7,1158.6,1390.8
08/04/2016,0.6,1457,1132,1290,,1293.0,1167.1,1406.9
09/04/2016,0,1496,1144,1306,,1315.3,1181.2,1439
10/04/2016,0.1,1516,1154,1315,,1328.3,1191.5,1455.7
11/04/2016,0,1523,1157,1316,,1332.0,1198.1,1460.9
12/04/2016,2.7,1507,1153,1307,,1322.3,1199.2,1447.3
13/04/2016,0,1516,1168,1309,,1331.0,1210.3,1456.3
14/04/2016,1.1,1485,1154,1291,,1310.0,1195.1,1434.9
15/04/2016,10.5,1398,1098,1257,,1251.0,1145.7,1378.2
16/04/2016,2.3,1426,1117,1273,,1272.0,1163.8,1403.8
17/04/2016,0.5,1459,1140,1280,,1293.0,1182,1429.6
18/04/2016,0,1494,1163,1294,,1317.0,1202.3,1458.9
19/04/2016,0.1,1525,1179,1305,,1336.3,1216.8,1483.6
20/04/2016,0,1534,1186,1309,,1343.0,1222.9,1492.3
21/04/2016,0,1546,1193,1316,,1351.7,1229.9,1503.1
22/04/2016,0.1,1557,1199,1319,,1358.3,1235,1513.8
23/04/2016,0.7,1566,1205,1321,,1364.0,1239.8,1523.1
24/04/2016,1,1549,1198,1311,,1352.7,1231.9,1511.2
25/04/2016,6.1,1508,1155,1280,,1314.3,1192.5,1485.5
26/04/2016,13.1,1490,1058,1245,,1264.3,1114.1,1474.4
27/04/2016,0.8,1497,1033,1259,,1263.0,1100.8,1478.1
28/04/2016,1.1,1504,1040,1270,,1271.3,1109,1482.1
29/04/2016,1.9,1526,1048,1280,,1284.7,1117.6,1503.2
30/04/2016,0.6,1548,1072,1286,,1302.0,1136.2,1521
01/05/2016,0,1550,1088,1286,,1308.0,1147.4,1521.8
02/05/2016,0,1573,1113,1313,,1333.0,1173,1543
03/05/2016,2.3,1596,1143,1339,,1359.3,1201.8,1561.2
04/05/2016,0,1600,1161,1348,,1369.7,1217.1,1564.9
05/05/2016,0,1601,1173,1354,,1376.0,1227.3,1567.1
06/05/2016,0,1623,1197,1367,,1395.7,1248,1586.4
07/05/2016,0,1647,1221,1379,,1415.7,1268.4,1608
08/05/2016,0,1663,1243,1388,,1431.3,1286.5,1623.1
09/05/2016,0,1666,1256,1390,,1437.3,1296.2,1628.8
10/05/2016,0,1675,1272,1397,,1448.0,1309.5,1638.7
11/05/2016,0,1693,1290,1417,,1466.7,1328.1,1656.1
12/05/2016,0,1718,1311,1445,,1491.3,1351.2,1679.9
13/05/2016,0,1733,1324,1464,,1507.0,1366,1696.7
14/05/2016,1.8,1741,1339,1471,,1517.0,1378.6,1707.1
15/05/2016,1.2,1747,1350,1477,,1524.7,1388.1,1715.2
16/05/2016,0.9,1747,1358,1478,,1527.7,1394,1719.7
17/05/2016,0,1747,1368,1487,,1534.0,1403.7,1717
18/05/2016,1.3,1769,1377,1503,,1549.7,1414.8,1740.5
19/05/2016,0,1775,1386,1505,,1555.3,1421.7,1748.6
20/05/2016,2.6,1772,1396,1508,,1558.7,1429.6,1748.6
21/05/2016,0,1777,1406,1525,,1569.3,1441.7,1756
22/05/2016,1.4,1780,1395,1490,,1555.0,1423.5,1764.4
23/05/2016,7.6,1765,1361,1434,,1520.0,1382.9,1757.2
24/05/2016,0,1766,1365,1453,,1528.0,1391.4,1760.9
25/05/2016,0,1779,1381,1487,,1549.0,1412.8,1774.2
26/05/2016,0,1787,1390,1502,,1559.7,1423.6,1783.1
27/05/2016,1.6,1785,1395,1509,,1563.0,1429.2,1784.4
28/05/2016,0.1,1789,1400,1520,,1569.7,1436,1791.8
29/05/2016,0.5,1778,1384,1460,,1540.7,1406.8,1792.7
30/05/2016,16.8,1728,1289,1305,,1440.7,1293.8,1781.2
31/05/2016,0,1710,1289,1322,,1440.3,1298.9,1781.4
01/06/2016,2.4,1687,1286,1237,,1403.3,1251.7,1768.2
02/06/2016,15.9,1610,1254,1238,,1367.3,1242.8,1719.9
03/06/2016,0,1625,1272,1299,,1398.7,1280.1,1713.2
04/06/2016,0,1665,1307,1332,,1434.7,1314.5,1725.2
05/06/2016,0,1695,1330,1362,,1462.3,1339.6,1739.1
06/06/2016,0,1717,1350,1389,,1485.3,1361.7,1754.1
07/06/2016,0,1735,1368,1406,,1503.0,1379.4,1772.1
08/06/2016,0,1751,1383,1418,,1517.3,1393.5,1786
09/06/2016,0,1768,1401,1436,,1535.0,1411.5,1798.8
10/06/2016,0,1788,1416,1447,,1550.3,1425.3,1812.5
11/06/2016,0.1,1793,1422,1443,,1552.7,1428.3,1820.3
12/06/2016,1.9,1770,1416,1381,,1522.3,1145.8,1811.4
13/06/2016,9.5,1762,1419,1344,,1508.3,1158.6,1812.4
14/06/2016,1.8,1765,1424,1318,,1502.3,1157.2,1814.2
15/06/2016,14.9,1753,1431,1313,,1499.0,1158.2,1810
16/06/2016,0.1,1760,1436,1315,,1503.7,1165,1815.8
17/06/2016,13.3,1767,1434,1313,,1504.7,1167.2,1811.4
18/06/2016,5,1772,1426,1311,,1503.0,1170,1806.8
19/06/2016,0,1752,1413,1309,,1491.3,1166.8,1786.8
20/06/2016,10.9,1700,1376,1285,,1453.7,1157.8,1759.4
21/06/2016,2,1651,1370,1302,,1441.0,1156.8,1735
22/06/2016,0.1,1644,1383,1325,,1450.7,1159.4,1725.6
23/06/2016,23.7,1515,1274,1236,,1341.7,952.2,1638.6
24/06/2016,6.1,1479,1194,1256,,1309.7,932.4,1594.2
25/06/2016,6.2,1450,1130,1262,,1280.7,897.2,1565.2
26/06/2016,3.1,1415,1103,1264,,1260.7,878.6,1538
27/06/2016,6.6,1344,1057,1266,,1222.3,831.4,1496.4
28/06/2016,1.4,1378,1061,1279,,1239.3,851.6,1502.8
29/06/2016,3,1416,1083,1291,,1263.3,880.8,1513.2
30/06/2016,0.7,1422,1072,1284,,1259.3,889,1517.4
01/07/2016,18.9,1239,922,1256,,1139.0,671.8,1440.8
02/07/2016,1.8,1290,911,1266,,1155.7,702.2,1442.4
03/07/2016,7,1324,963,1274,,1187.0,738,1444.6
04/07/2016,0,1370,1017,1285,,1224.0,810,1459.4
05/07/2016,1.5,1421,1078,1315,,1271.3,863.8,1488.2
06/07/2016,0,1465,1127,1346,,1312.7,924.2,1514.8
07/07/2016,0,1498,1146,1353,,1332.3,958.2,1538.8
08/07/2016,0.4,1539,1177,1371,,1362.3,974.8,1567.8
09/07/2016,0,1560,1204,1392,,1385.3,993.4,1584.6
10/07/2016,0,1602,1235,1419,,1418.7,1016.6,1614
11/07/2016,0,1632,1254,1394,,1426.7,1032.6,1638.6
12/07/2016,3.8,1631,1240,1317,,1396.0,1033,1650.8
13/07/2016,5.2,1626,1213,1318,,1385.7,1025.2,1660.2
14/07/2016,0.4,1649,1230,1331,,1403.3,1032,1677.8
15/07/2016,0,1663,1247,1343,,1417.7,1038.2,1693
16/07/2016,0,1679,1266,1369,,1438.0,1053.6,1709
17/07/2016,0,1705,1298,1408,,1470.3,1071.8,1729.6
18/07/2016,0,1729,1325,1448,,1500.7,1085.6,1750.6
19/07/2016,0,1745,1356,1480,,1527.0,1108.2,1767.8
20/07/2016,1.1,1771,1503,1499,,1591.0,1188.2,1791.4
21/07/2016,0,1753,1496,1466,,1571.7,1187,1788.4
22/07/2016,14.4,1734,1485,1445,,1554.7,1172,1791
23/07/2016,0,1741,1497,1450,,1562.7,1169.8,1802.2
24/07/2016,0,1755,1514,1474,,1581.0,1180,1818
25/07/2016,0,1777,1532,1511,,1606.7,1197.8,1837.6
26/07/2016,0,1787,1544,1536,,1622.3,1209,1849.4
27/07/2016,2.1,1785,1550,1512,,1615.7,1198.8,1857
28/07/2016,9.4,1780,1557,1501,,1612.7,1198,1861.6
29/07/2016,0.5,1789,1567,1518,,1624.7,1206.6,1874.8
30/07/2016,1.9,1785,1571,1513,,1623.0,1209.4,1882.8
31/07/2016,0.7,1750,1581,1513,,1614.7,1208.8,1876
01/08/2016,3.3,1657,1581,1494,,1577.3,1190.4,1844.2
02/08/2016,5.5,1572,1557,1426,,1518.3,1126.6,1813.2
03/08/2016,18.9,1416,1512,1348,,1425.3,988.6,1791.6000000000001
04/08/2016,4.7,1431,1519,1332,,1427.3,999,1802.8
05/08/2016,0.1,1479,1516,1309,,1434.7,1001.8,1808.2
06/08/2016,0.1,1494,1512,1324,,1443.3,1012.6,1807.8
07/08/2016,0.1,1525,1520,1354,,1466.3,1034.2,1819.6000000000001
08/08/2016,0,1567,1542,1388,,1499.0,1053.8,1843.6000000000001
09/08/2016,0,1587,1551,1402,,1513.3,1067.8,1858.2
10/08/2016,4.5,1596,1550,1399,,1515.0,1068.4,1866.6000000000001
11/08/2016,6.5,1586,1530,1368,,1494.7,1060.2,1871
12/08/2016,0.9,1586,1520,1365,,1490.3,1057.2,1877
13/08/2016,0,1612,1527,1394,,1511.0,1070.6,1896.4
14/08/2016,0,1636,1544,1427,,1535.7,1086.8,1913.2
15/08/2016,0,1654,1557,1456,,1555.7,1101.4,1926.4
16/08/2016,0,1676,1574,1488,,1579.3,1119.6,1939.4
17/08/2016,0,1699,1587,1522,,1602.7,1142.8,1954.6000000000001
18/08/2016,0,1724,1599,1543,,1622.0,1160.2,1970.6
19/08/2016,3.4,1742,1605,1551,,1632.7,1175.4,1984.4
20/08/2016,0.1,1756,1612,1565,,1644.3,1190.6,1998.4
21/08/2016,19.2,1740,1610,1551,,1633.7,1133.4,1999.2
22/08/2016,1,1739,1621,1570,,1643.3,1115.8,2004.2
23/08/2016,0,1752,1638,1602,,1664.0,1127.4,2012.4
24/08/2016,0,1767,1647,1626,,1680.0,1138.8,2021.4
25/08/2016,0,1791,1657,1651,,1699.7,1157.2,2039.4
26/08/2016,0,1804,1666,1665,,1711.7,1161.6,2049.4
27/08/2016,4.1,1807,1669,1661,,1712.3,1165.4,2055.4
28/08/2016,0.5,1833,1677,1682,,1730.7,1173.6,2074.8
29/08/2016,0,1842,1687,1692,,1740.3,1174.6,2084.4
30/08/2016,0,1842,1694,1705,,1747.0,1182.8,2088.6
31/08/2016,0,1854,1700,1705,,1753.0,1193.6,2098.8
01/09/2016,0,1853,1704,1707,,1754.7,1200,2102
02/09/2016,0.8,1854,1709,1715,,1759.3,1211.6,2106
03/09/2016,0.2,1853,1711,1718,,1760.7,1223.8,2109.2
04/09/2016,0.7,1887,1722,1738,,1782.3,1242,2131.2
05/09/2016,0.1,1893,1733,1747,,1791.0,1253,2139.6
06/09/2016,0,1891,1740,1756,,1795.7,1264.2,2144.2
07/09/2016,0,1901,1746,1776,,1807.7,1279.8,2152.4
08/09/2016,0,1922,1752,1784,,1819.3,1290,2165.6
09/09/2016,0,1920,1759,1792,,1823.7,1298.8,2170.2
10/09/2016,0,1930,1765,1800,,1831.7,1309.6,2180.8
11/09/2016,0,1933,1771,1778,,1827.3,1315.6,2186.2
12/09/2016,0,1941,1779,1784,,1834.7,1323.6,2194.2
13/09/2016,0,1956,1788,1804,,1849.3,1335.6,2205.6
14/09/2016,0,1962,1796,1820,,1859.3,1343.6,2212.8
15/09/2016,3.5,1937,1797,1817,,1850.3,1348.8,2207
16/09/2016,1.5,1944,1796,1813,,1851.0,1355.6,2217
17/09/2016,0,1948,1800,1814,,1854.0,1360.2,2223.4
18/09/2016,0,1962,1808,1829,,1866.3,1367,2232.6
19/09/2016,0,1966,1810,1831,,1869.0,1370.8,2238.4
20/09/2016,0,1978,1818,1843,,1879.7,1378.2,2246.8
21/09/2016,0,1985,1825,1851,,1887.0,1387,2253.8
22/09/2016,0,1991,1828,1856,,1891.7,1394.8,2261
23/09/2016,0.6,1992,1836,1863,,1897.0,1397.4,2263.2
24/09/2016,0,2001,1842,1876,,1906.3,1405.2,2271
25/09/2016,0,2014,1849,1886,,1916.3,1414.6,2283.4
26/09/2016,0,2015,1851,1889,,1918.3,1417.8,2287.4
27/09/2016,0,2016,1855,1895,,1922.0,1423.6,2290.2
28/09/2016,0,2012,1856,1899,,1922.3,1428.2,2291
29/09/2016,0.8,2020,1862,1904,,1928.7,1436,2298.4
30/09/2016,0,2018,1867,1910,,1931.7,1444,2300
01/10/2016,2.4,2017,1865,1903,,1928.3,1449.2,2305
02/10/2016,4.4,2032,1869,1870,,1923.7,1455.6,2317
03/10/2016,6.4,2040,1877,1889,,1935.3,1457.6,2323.2
04/10/2016,0,2038,1884,1911,,1944.3,1461.6,2324.8
05/10/2016,0,2026,1885,1912,,1941.0,1466.2,2322.4
06/10/2016,0,2035,1886,1918,,1946.3,1467.8,2327.8
07/10/2016,0,2046,1890,1927,,1954.3,1471.2,2336.4
08/10/2016,0,2044,1893,1926,,1954.3,1474.2,2338
09/10/2016,0,2045,1895,1927,,1955.7,1472.6,2340.8
10/10/2016,0,2041,1894,1923,,1952.7,1474,2343.4
11/10/2016,0.4,2049,1899,1928,,1958.7,1475.4,2348.4
12/10/2016,0.1,2050,1904,1934,,1962.7,1474.4,2350.6
13/10/2016,0,2050,1906,1940,,1965.3,1475.8,2353.6
14/10/2016,0,2059,1906,1945,,1970.0,1483,2360.2
15/10/2016,0.2,2063,1909,1944,,1972.0,1482.4,2364.2
16/10/2016,0,2066,1913,1950,,1976.3,1486.4,2369.6
17/10/2016,0,2048,1913,1942,,1967.7,1482.8,2364.2
18/10/2016,10.6,1965,1899,1833,,1899.0,1431.6,2334.6
19/10/2016,20.2,1896,1868,1708,,1824.0,1331.2,2305.8
20/10/2016,3.4,1859,1840,1723,,1807.3,1316.8,2291.6
21/10/2016,4.1,1823,1816,1729,,1789.3,1297.6,2278.4
22/10/2016,0,1810,1797,1729,,1778.7,1286.2,2274.4
23/10/2016,0,1807,1785,1733,,1775.0,1289.6,2276.2
24/10/2016,0.5,1808,1773,1730,,1770.3,1292,2278.4
25/10/2016,0.7,1792,1763,1721,,1758.7,1287.8,2273.8
26/10/2016,0,1779,1752,1717,,1749.3,1286.2,2268.6
27/10/2016,0.4,1769,1742,1713,,1741.3,1286.4,2267.6
28/10/2016,0.5,1765,1737,1710,,1737.3,1285.2,2267.8
29/10/2016,0,1759,1729,1708,,1732.0,1284.4,2266
30/10/2016,0,1754,1723,1704,,1727.0,1282.2,2264
31/10/2016,0,1742,1716,1696,,1718.0,1279.6,2259.8
01/11/2016,0.4,1743,1709,1694,,1715.3,1282.4,2262
02/11/2016,1.2,1757,1706,1688,,1717.0,1280,2267
03/11/2016,0.1,1746,1701,1676,,1707.7,1265.6,2261.4
04/11/2016,0.2,1742,1694,1674,,1703.3,1264.8,2261
05/11/2016,3.3,1753,1690,1672,,1705.0,1265.2,2266
06/11/2016,0,1775,1690,1671,,1712.0,1269.6,2280.2000000000003
07/11/2016,6.2,1752,1678,1643,,1691.0,1242.2,2270.4
08/11/2016,1.6,1739,1666,1615,,1673.3,1221.4,2265.8
09/11/2016,3.1,1717,1651,1586,,1651.3,1195.4,2258.2000000000003
10/11/2016,13,1495,1633,1527,,1551.7,1008.4000000000001,2215.6
11/11/2016,4,1454,1603,1431,,1496.0,1035.6,2191
12/11/2016,0,1488,1581,1396,,1488.3,1064.2,2175
13/11/2016,0,1500,1565,1370,,1478.3,1068.8,2160.8
14/11/2016,1.1,1425,1547,1338,,1436.7,1040.4,2147
15/11/2016,4.3,1326,1517,1265,,1369.3,959.6,2128.4
16/11/2016,2.6,1281,1487,1217,,1328.3,938,2109.2000000000003
17/11/2016,3.6,1168,1432,1157,,1252.3,820.4,2079.4
18/11/2016,12.1,1202,1366,1137,,1235.0,861,2041.6000000000001
19/11/2016,0.1,1226,1333,1151,,1236.7,897.8,2015.2
20/11/2016,4.7,1209,1311,1133,,1217.7,882.8,1995
21/11/2016,1.5,1254,1296,1151,,1233.7,911,1982.4
22/11/2016,0,1310,1301,1186,,1265.7,955,1982
23/11/2016,0,1349,1315,1213,,1292.3,978.4,1989.2
24/11/2016,0,1375,1326,1230,,1310.3,991.8,1992.4
25/11/2016,0,1394,1333,1242,,1323.0,1008,1992.8000000000002
26/11/2016,0,1417,1347,1251,,1338.3,1021.2,1999
27/11/2016,0.1,1455,1370,1270,,1365.0,1031.8,2012.4
28/11/2016,0,1468,1379,1279,,1375.3,1037.2,2015.2
29/11/2016,0,1472,1381,1285,,1379.3,1046.2,2013.8000000000002
30/11/2016,0,1459,1379,1250,,1362.7,1032.2,2006.2
01/12/2016,0,1470,1388,1239,,1365.7,1030.2,2013
02/12/2016,0.3,1490,1398,1258,,1382.0,1037.8,2022.8000000000002
03/12/2016,0,1509,1407,1281,,1399.0,1047.6,2031.6000000000001
04/12/2016,0,1523,1412,1300,,1411.7,1058.8,2039
05/12/2016,0,1549,1423,1323,,1431.7,1070.4,2051.8
06/12/2016,0,1545,1422,1307,,1424.7,1066.4,2048.4
07/12/2016,0,1535,1423,1264,,1407.3,1050.4,2046.2
08/12/2016,0.3,1529,1425,1247,,1400.3,1047.2,2044.4
09/12/2016,0.1,1515,1418,1230,,1387.7,1038.6,2038.2
10/12/2016,4.4,1436,1350,1129,,1305.0,982.6,2010.2
11/12/2016,5.9,1417,1337,1119,,1291.0,952.2,2003.2
12/12/2016,0,1420,1328,1139,,1295.7,959,2003.8000000000002
13/12/2016,0.6,1426,1329,1150,,1301.7,968.2,2006.2
14/12/2016,0.7,1436,1332,1163,,1310.3,968.6,2009.6000000000001
15/12/2016,0,1463,1343,1190,,1332.0,982.4,2022.8000000000002
16/12/2016,0,1487,1361,1211,,1353.0,997.4,2033.6000000000001
17/12/2016,0.1,1481,1362,1203,,1348.7,998.4,2028.2
18/12/2016,0,1489,1364,1209,,1354.0,1000.8,2028.4
19/12/2016,0,1499,1370,1221,,1363.3,1005,2030
20/12/2016,0,1519,1379,1234,,1377.3,1013.2,2036.2
21/12/2016,1.7,1412,1346,1139,,1299.0,930.8,1994.6000000000001
22/12/2016,6.6,1328,1299,1086,,1237.7,873,1956.8000000000002
23/12/2016,0.5,1339,1276,1090,,1235.0,892.6,1958.2
24/12/2016,0.4,1342,1256,1082,,1226.7,900.2,1955.8000000000002
25/12/2016,2.7,1309,1220,1039,,1189.3,884.8,1945.6000000000001
26/12/2016,1.8,1347,1231,1089,,1222.3,901.2,1960.2
27/12/2016,0.5,1375,1252,1123,,1250.0,912.4,1967.8000000000002
28/12/2016,0,1389,1265,1143,,1265.7,923.4,1970.4
29/12/2016,0,1414,1282,1174,,1290.0,944.2,1976.2
30/12/2016,0,1420,1295,1177,,1297.3,950.2,1973.8000000000002
31/12/2016,0,1411,1295,1148,,1284.7,944,1966
01/01/2017,2.1,1406,1299,1127,,1277.3,944.6,1964.6000000000001
02/01/2017,2,1315,1277,1111,,1234.3,931,1924
03/01/2017,0.6,1258,1239,1077,,1191.3,909.6,1903
04/01/2017,4.5,1255,1267,1136,,1219.3,892.4,1908.4
05/01/2017,0,1332,1289,1196,,1272.3,918.8,1929
06/01/2017,0,1362,1298,1219,,1293.0,943,1937.4
07/01/2017,1.5,1371,1306,1214,,1297.0,956,1939.8000000000002
08/01/2017,0,1303,1285,1122,,1236.7,913.2,1903
09/01/2017,0.8,1232,1230,1049,,1170.3,853.4,1872.8000000000002
10/01/2017,2.9,1207,1184,1024,,1138.3,822.4,1859.2
11/01/2017,1.4,1220,1173,1025,,1139.3,821.6,1860.2
12/01/2017,9,1079,1076,945,,1033.3,672,1802
13/01/2017,15.7,975,985,848,,936.0,512.6,1750.6000000000001
14/01/2017,2.4,1028,998,914,,980.0,620.6,1746.2
15/01/2017,0.1,1130,1058,1003,,1063.7,731.2,1765.4
16/01/2017,0,1190,1106,1049,,1115.0,789.8,1773.2
17/01/2017,0,1225,1138,1073,,1145.3,829.4,1773.4
18/01/2017,0,1257,1164,1091,,1170.7,855.2,1775.4
19/01/2017,0,1292,1189,1119,,1200.0,875.4,1782.2
20/01/2017,0,1320,1212,1136,,1222.7,892.4,1785.6000000000001
21/01/2017,0,1349,1233,1153,,1245.0,912.4,1793
22/01/2017,0,1386,1259,1176,,1273.7,934.2,1806
23/01/2017,0,1401,1281,1173,,1285.0,943.2,1813.8000000000002
24/01/2017,0,1401,1298,1170,,1289.7,945,1814.4
25/01/2017,0,1415,1307,1191,,1304.3,953.4,1815.8000000000002
26/01/2017,0,1438,1316,1211,,1321.7,966.2,1824.4
27/01/2017,0,1449,1328,1197,,1324.7,966.6,1830.6000000000001
28/01/2017,0.3,1312,1328,1110,,1250.0,898.8,1780.4
29/01/2017,0.2,1114,1252,972,,1112.7,724.2,1750
30/01/2017,4.5,1126,1169,960,,1085.0,688.2,1715.6000000000001
31/01/2017,0,1182,1147,994,,1107.7,719.2,1713.6000000000001
01/02/2017,0.1,1205,1141,1007,,1117.7,749,1716.8000000000002
02/02/2017,0.1,1238,1149,1015,,1134.0,774.4,1725.2
03/02/2017,0.9,1261,1160,1022,,1147.7,797,1730.8000000000002
04/02/2017,3,1198,1131,991,,1106.7,796,1703.8000000000002
05/02/2017,1.2,1266,1159,1053,,1159.3,823.2,1729.8000000000002
06/02/2017,0,1291,1181,1056,,1176.0,826.8,1735
07/02/2017,1.1,1273,1187,1048,,1169.3,830.8,1729
08/02/2017,0.1,1314,1187,1103,,1201.3,854,1741.2
09/02/2017,0,1342,1205,1136,,1227.7,873.8,1748.2
10/02/2017,0,1364,1229,1151,,1248.0,888.2,1753.4
11/02/2017,2.7,1352,1229,1114,,1231.7,877.6,1749.8000000000002
12/02/2017,0.7,1287,1211,1074,,1190.7,855.6,1720.8000000000002
13/02/2017,0,1305,1229,1077,,1203.7,857.4,1726.8000000000002
14/02/2017,0,1338,1248,1094,,1226.7,867.2,1737.6000000000001
15/02/2017,0,1344,1252,1085,,1227.0,869,1738.8000000000002
16/02/2017,0,1342,1250,1054,,1215.3,863.8,1739.2
17/02/2017,2.5,1346,1240,1055,,1213.7,860.6,1738.4
18/02/2017,0,1353,1236,1061,,1216.7,863.6,1738.2
19/02/2017,1.2,1343,1227,1040,,1203.3,855.2,1732.4
20/02/2017,3.9,1266,1152,995,,1137.7,792.2,1700.4
21/02/2017,0.2,1159,1064,935,,1052.7,741.2,1650.4
22/02/2017,17.6,852,849,793,,831.3,545.2,1500.6000000000001
23/02/2017,17.7,863,789,822,,824.7,450,1455.8000000000002
24/02/2017,2.2,946,873,927,,915.3,533.4,1433.2
25/02/2017,0.4,985,910,947,,947.3,592,1415.2
26/02/2017,1.3,1011,928,958,,965.7,646,1400.4
27/02/2017,4.2,989,920,928,,945.7,677.6,1380.2
28/02/2017,2.5,1005,940,947,,964.0,702.4,1378.2
01/03/2017,3.7,970,826,909,,901.7,659.2,1355.2
02/03/2017,4,1010,828,958,,932.0,646.2,1351.4
03/03/2017,0.8,1062,892,1006,,986.7,697,1356
04/03/2017,7.8,963,806,925,,898.0,622.4,1303.8
05/03/2017,1.8,1032,887,997,,972.0,681.8,1323.6000000000001
06/03/2017,0.2,1113,951,1049,,1037.7,739.2,1349.4
07/03/2017,0.5,1033,888,963,,961.3,674.4,1306
08/03/2017,10.1,943,810,891,,881.3,545.4,1258.6000000000001
09/03/2017,0.8,1040,904,984,,976.0,625.6,1286
10/03/2017,0,1106,960,1028,,1031.3,695.4,1300.4
11/03/2017,0,1167,1002,1068,,1079.0,753,1322.4
12/03/2017,0,1232,1047,1106,,1128.3,811.2,1362.2
13/03/2017,0,1258,1075,1114,,1149.0,847,1378.6
14/03/2017,0,1285,1097,1121,,1167.7,873.8,1396.6
15/03/2017,0,1294,1109,1116,,1173.0,891.8,1397.2
16/03/2017,0,1312,1121,1123,,1185.3,911,1406.2
17/03/2017,2,1196,1014,1001,,1070.3,869,1365.2
18/03/2017,6.8,1128,978,965,,1023.7,818,1336.8
19/03/2017,3.6,1127,959,958,,1014.7,805.6,1330.4
20/03/2017,7.2,989,889,929,,935.7,553.6,1247.6000000000001
21/03/2017,7,1088,969,1031,,1029.3,601.8,1272.2
22/03/2017,0,1186,1042,1086,,1104.7,697.6,1310.2
23/03/2017,0,1262,1098,1126,,1162.0,787.2,1349.6
24/03/2017,0,1299,1129,1139,,1189.0,844,1366.8
25/03/2017,0,1335,1152,1148,,1211.7,882.8,1387.2
26/03/2017,0,1364,1169,1155,,1229.3,904.8,1405.4
27/03/2017,0,1387,1187,1162,,1245.3,928,1424.8
28/03/2017,0.1,1412,1205,1168,,1261.7,943,1446.2
29/03/2017,0.1,1423,1219,1168,,1270.0,952.6,1455.4
30/03/2017,0,1426,1223,1159,,1269.3,957.4,1460.8
31/03/2017,0.2,1452,1241,1166,,1286.3,974.6,1482
01/04/2017,1.7,1474,1262,1181,,1305.7,990.8,1508.2
02/04/2017,0,1492,1278,1196,,1322.0,998.6,1525.6
03/04/2017,0,1506,1291,1200,,1332.3,1005.6,1540.2
04/04/2017,0,1522,1302,1208,,1344.0,1017.2,1556.8
05/04/2017,0,1535,1315,1210,,1353.3,1019.2,1569.8
06/04/2017,0,1541,1325,1207,,1357.7,1017.4,1580
07/04/2017,0,1556,1338,1210,,1368.0,1019.2,1593.2
08/04/2017,0,1560,1347,1210,,1372.3,1015,1600.8
09/04/2017,0,1575,1356,1221,,1384.0,1024.2,1617.6
10/04/2017,0,1590,1369,1231,,1396.7,1022.2,1630.8
11/04/2017,0,1575,1368,1214,,1385.7,1013,1628.4
12/04/2017,2.1,1585,1381,1200,,1388.7,1011.6,1642.6
13/04/2017,0.1,1595,1392,1225,,1404.0,1014.4,1652
14/04/2017,0,1599,1398,1222,,1406.3,1018.6,1662.6
15/04/2017,0.6,1616,1412,1237,,1421.7,1023.4,1678.4
16/04/2017,0.2,1612,1422,1209,,1414.3,1013.4,1687
17/04/2017,1.2,1637,1434,1257,,1442.7,1035,1708.4
18/04/2017,0,1651,1446,1280,,1459.0,1044.8,1723.6
19/04/2017,0,1649,1449,1281,,1459.7,1045.2,1727.6
20/04/2017,0,1640,1449,1270,,1453.0,1048,1729.4
21/04/2017,0.9,1648,1456,1249,,1451.0,1045,1739.8
22/04/2017,0.4,1656,1462,1268,,1462.0,1053.8,1748.4
23/04/2017,0.1,1638,1459,1255,,1450.7,1046.8,1742.4
24/04/2017,2,1650,1462,1247,,1453.0,1052,1756.2
25/04/2017,0.1,1675,1477,1287,,1479.7,1069.2,1775.2
26/04/2017,0,1683,1483,1296,,1487.3,1074.6,1784.4
27/04/2017,0,1685,1489,1293,,1489.0,1076.4,1792.4
28/04/2017,0.1,1694,1498,1302,,1498.0,1082.4,1803.2
29/04/2017,0,1692,1504,1306,,1500.7,1082.8,1804.8
30/04/2017,0,1707,1508,1309,,1508.0,1094.8,1820.4
01/05/2017,5.4,1699,1511,1211,,1473.7,1062.2,1826.2
02/05/2017,3.8,1690,1511,1189,,1463.3,1054,1828.6
03/05/2017,1.5,1678,1515,1209,,1467.3,1063.8,1830.4
04/05/2017,0.5,1675,1518,1232,,1475.0,1073.6,1833.4
05/05/2017,0.1,1666,1518,1248,,1477.3,1078.2,1832.2
06/05/2017,0,1685,1525,1287,,1499.0,1098.6,1848.8
07/05/2017,0,1701,1532,1311,,1514.7,1108.2,1861.8
08/05/2017,0,1701,1537,1321,,1519.7,1108.6,1864.2
09/05/2017,0,1696,1539,1323,,1519.3,1108.2,1862.8
10/05/2017,0,1700,1542,1328,,1523.3,1110.8,1866.2
11/05/2017,5.6,1721,1543,1275,,1513.0,1093.8,1881.8
12/05/2017,1,1737,1551,1254,,1514.0,1089,1898.4
13/05/2017,0.4,1749,1560,1292,,1533.7,1104.8,1911.6
14/05/2017,0.1,1757,1569,1332,,1552.7,1126.2,1920.8
15/05/2017,0,1758,1576,1350,,1561.3,1133.4,1925.4
16/05/2017,0,1752,1584,1354,,1563.3,1130.2,1923
17/05/2017,0,1762,1590,1377,,1576.3,1147.8,1933
18/05/2017,0.5,1768,1595,1387,,1583.3,1152.4,1939
19/05/2017,1.1,1790,1605,1408,,1601.0,1165,1965.2
20/05/2017,0,1800,1618,1428,,1615.3,1171.8,1972.2
21/05/2017,0,1802,1626,1438,,1622.0,1175.2,1977.2
22/05/2017,0,1820,1637,1462,,1639.7,1151.2,1765.1000000000001
23/05/2017,0,1835,1648,1480,,1654.3,1158.7,1778.9
24/05/2017,0,1844,1659,1495,,1666.0,1167.4,1788.5
25/05/2017,0,1854,1673,1517,,1681.3,1176.8,1799.7
26/05/2017,0,1865,1685,1545,,1698.3,1192.2,1811
27/05/2017,0,1858,1694,1552,,1701.3,1202.7,1808.8
28/05/2017,6,1861,1705,1567,,1711.0,1210,1814.2
29/05/2017,1.8,1880,1712,1583,,1725.0,1223.2,1829.6000000000001
30/05/2017,0.1,1900,1724,1605,,1743.0,1234.7,1847.2
31/05/2017,0,1906,1736,1623,,1755.0,1242.9,1855
01/06/2017,0,1911,1745,1641,,1765.7,1252.5,1861.2
02/06/2017,0,1918,1750,1650,,1772.7,1265,1867.6000000000001
03/06/2017,1.5,1930,1759,1656,,1781.7,1271.7,1878.7
04/06/2017,0.1,1932,1768,1669,,1789.7,1270.7,1882.8
05/06/2017,0,1929,1771,1672,,1790.7,1277.2,1881.6000000000001
06/06/2017,6.5,1926,1752,1662,,1780.0,1281.9,1873.8
07/06/2017,10,1926,1760,1657,,1781.0,1274.1,1876.2
08/06/2017,0.6,1917,1768,1661,,1782.0,1279.5,1872.3
09/06/2017,8.1,1919,1778,1666,,1787.7,1278.9,1876.7
10/06/2017,0,1924,1783,1685,,1797.3,1285.3,1881.7
11/06/2017,0.8,1933,1786,1696,,1805.0,1294.2,1888.9
12/06/2017,0,1946,1795,1712,,1817.7,1301.1,1900.7
13/06/2017,0,1954,1804,1726,,1828.0,1306.7,1909
14/06/2017,0,1957,1810,1746,,1837.7,1316.9,1912.9
15/06/2017,0,1975,1815,1763,,1851.0,1333.2,1927
16/06/2017,0,1981,1822,1765,,1856.0,1331.7,1933.3
17/06/2017,0,1990,1829,1779,,1866.0,1339.4,1941.7
18/06/2017,0,1998,1838,1801,,1879.0,1348.8,1950
19/06/2017,0,2017,1848,1825,,1896.7,1363.7,1966.3
20/06/2017,0,2024,1854,1839,,1905.7,1370,1973
21/06/2017,0,2031,1859,1855,,1915.0,1385.3,1979.4
22/06/2017,0.2,2056,1866,1873,,1931.7,1396.3,2001.1000000000001
23/06/2017,0,2056,1865,1865,,1928.7,1397.4,1998.7
24/06/2017,0,2038,1864,1850,,1917.3,1397.8,1985.8
25/06/2017,4.3,2053,1873,1870,,1932.0,1409.4,1999
26/06/2017,2.9,2059,1882,1892,,1944.3,1409.5,2008.9
27/06/2017,4.9,2025,1878,1853,,1918.7,1407.1,1980.9
28/06/2017,21.5,2000,1875,1767,,1880.7,1383.4,1962.5
29/06/2017,7.5,2008,1880,1728,,1872.0,1368.2,1969.6
30/06/2017,0.5,2006,1882,1714,,1867.3,1364.7,1968.8
01/07/2017,6.6,2009,1884,1706,,1866.3,1357.4,1971.5
02/07/2017,0.4,2018,1890,1737,,1881.7,1361.8,1979.6
03/07/2017,0.1,2034,1899,1775,,1902.7,1373.9,1993.5
04/07/2017,0,2047,1907,1816,,1923.3,1389.7,2005
05/07/2017,0,2057,1913,1850,,1940.0,1399.2,2013.8
06/07/2017,2.2,2011,1917,1869,,1932.3,1404.9,1982.8
07/07/2017,12.1,1912,1923,1873,,1902.7,1366.9,1919.7
08/07/2017,0.1,1913,1930,1889,,1910.7,1362.6,1924.9
09/07/2017,0,1918,1932,1900,,1916.7,1370.1,1927.8
10/07/2017,0.8,1923,1933,1902,,1919.3,1374.2,1930
11/07/2017,5.6,1883,1922,1852,,1885.7,1348,1910.3
12/07/2017,22.2,1842,1901,1747,,1830.0,1273.1,1883.3
13/07/2017,0,1831,1892,1739,,1820.7,1272.1,1873.7
14/07/2017,3.1,1833,1890,1738,,1820.3,1270.4,1872.9
15/07/2017,0.5,1830,1887,1739,,1818.7,1266.5,1869.9
16/07/2017,1.6,1834,1889,1746,,1823.0,1270,1872.5
17/07/2017,1,1850,1899,1785,,1844.7,1281,1884.3
18/07/2017,0,1863,1906,1831,,1866.7,1296.9,1893.1
19/07/2017,8.1,1857,1904,1828,,1863.0,1296,1889.9
20/07/2017,9.4,1866,1912,1813,,1863.7,1290.8,1898.2
21/07/2017,0,1880,1920,1835,,1878.3,1308.6,1908
22/07/2017,9.9,1873,1920,1821,,1871.3,1302.3,1905.9
23/07/2017,9.3,1817,1918,1773,,1836.0,1251.5,1887.7
24/07/2017,5.2,1645,1907,1726,,1759.3,1165.5,1852.7
25/07/2017,10.5,1579,1901,1678,,1719.3,1124,1834.1000000000001
26/07/2017,0.1,1603,1900,1686,,1729.7,1125.6,1835.8
27/07/2017,0.1,1637,1902,1708,,1749.0,1137.9,1843.8
28/07/2017,0.7,1653,1906,1720,,1759.7,1138.5,1850.2
29/07/2017,0,1671,1912,1743,,1775.3,1154.4,1861.3
30/07/2017,0.7,1699,1927,1774,,1800.0,1164.9,1881.1000000000001
31/07/2017,0,1718,1935,1800,,1817.7,1177.6,1894.5
01/08/2017,0,1732,1938,1816,,1828.7,1182.5,1901.4
02/08/2017,0.9,1731,1937,1829,,1832.3,1182.2,1904.6
03/08/2017,0.7,1757,1943,1855,,1851.7,1195.6,1916.6
04/08/2017,0,1772,1948,1860,,1860.0,1208.5,1921.6
05/08/2017,3.8,1788,1951,1853,,1864.0,1212.6,1921.6
06/08/2017,0,1794,1957,1877,,1876.0,1213,1933
07/08/2017,0,1795,1961,1890,,1882.0,1216.1,1939.7
08/08/2017,2.9,1818,1961,1895,,1891.3,1228.6000000000001,1941.2
09/08/2017,0,1832,1969,1909,,1903.3,1239.8,1951
10/08/2017,0.9,1825,1967,1902,,1898.0,1241.9,1947.5
11/08/2017,0.1,1822,1961,1892,,1891.7,1245.2,1940.3
12/08/2017,3.9,1840,1968,1900,,1902.7,1254.1000000000001,1947.6
13/08/2017,1.4,1847,1976,1921,,1914.7,1254.1000000000001,1959.5
14/08/2017,0,1850,1978,1932,,1920.0,1263.4,1964.2
15/08/2017,0.1,1864,1982,1937,,1927.7,1266.9,1968.5
16/08/2017,0.1,1851,1980,1933,,1921.3,1265.8,1965.9
17/08/2017,2,1840,1978,1926,,1914.7,1265.3,1962.4
18/08/2017,12.5,1809,1976,1914,,1899.7,1253.9,1957.4
19/08/2017,0.1,1820,1978,1917,,1905.0,1258.6,1959.7
20/08/2017,0.1,1832,1983,1930,,1915.0,1258.7,1967.1
21/08/2017,0,1842,1989,1948,,1926.3,1267.3,1976.7
22/08/2017,0,1853,1993,1960,,1935.3,1273.4,1983.1
23/08/2017,0,1870,1992,1969,,1943.7,1289,1985.1
24/08/2017,0,1884,1998,1976,,1952.7,1293.9,1991.4
25/08/2017,0,1893,2000,1985,,1959.3,1301.5,1995.5
26/08/2017,0,1912,2005,1995,,1970.7,1310.7,2002
27/08/2017,0,1920,2009,2004,,1977.7,1315.9,2007.5
28/08/2017,0,1928,2012,2012,,1984.0,1323.2,2012
29/08/2017,0,1915,2013,2014,,1980.7,1324.9,2013.7
30/08/2017,13,1902,2008,1991,,1967.0,1330.1,2002.9
31/08/2017,1.5,1905,2012,1972,,1963.0,1320.5,2000
01/09/2017,0.5,1903,2012,1970,,1961.7,1320.6,1999.4
02/09/2017,1.4,1904,2017,1985,,1968.7,1316.7,2007.4
03/09/2017,0,1920,2021,2008,,1983.0,1326.4,2017.1
04/09/2017,0,1926,2021,2015,,1987.3,1327.5,2019.2
05/09/2017,0.6,1911,2020,2009,,1980.0,1331.4,2016.7
06/09/2017,2.7,1908,2022,2009,,1979.7,1331.2,2018.1
07/09/2017,0.2,1864,2015,1999,,1959.3,1310.3,2010.2
08/09/2017,15.7,1739,2002,1945,,1895.3,1232.2,1984.9
09/09/2017,9.3,1685,1994,1893,,1857.3,1172.6,1963.7
10/09/2017,0.1,1697,1985,1885,,1855.7,1169.2,1955
11/09/2017,2.5,1717,1982,1888,,1862.3,1178,1953.8
12/09/2017,0.1,1631,1971,1880,,1827.3,1138.9,1943.7
13/09/2017,15.6,1575,1957,1862,,1798.0,1117.9,1928.5
14/09/2017,5.4,1497,1945,1836,,1759.3,1074.9,1912.3
15/09/2017,1,1511,1925,1818,,1751.3,1067.2,1892.9
16/09/2017,0,1545,1906,1812,,1754.3,1064.1,1877.8
17/09/2017,2.6,1370,1889,1798,,1685.7,983.6,1861.7
18/09/2017,11.5,1286,1870,1768,,1641.3,887.7,1839.4
19/09/2017,1.2,1352,1852,1747,,1650.3,883.7,1820.5
20/09/2017,0,1406,1839,1746,,1663.7,916.7,1811.1
21/09/2017,0,1453,1827,1743,,1674.3,963,1801.8
22/09/2017,0,1488,1818,1739,,1681.7,989.6,1794.3
23/09/2017,0,1516,1810,1739,,1688.3,1009.9000000000001,1788.7
24/09/2017,0,1540,1802,1736,,1692.7,1019.9000000000001,1782.2
25/09/2017,0,1565,1795,1735,,1698.3,1033.7,1777
26/09/2017,0,1584,1791,1736,,1703.7,1041.5,1774.5
27/09/2017,0,1599,1785,1734,,1706.0,1049.5,1769.7
28/09/2017,0.6,1593,1779,1731,,1701.0,1047.7,1764.6
29/09/2017,8.2,1382,1772,1699,,1617.7,819.9000000000001,1750.1
30/09/2017,22.1,1162,1760,1606,,1509.3,620.2,1713.8
01/10/2017,0,1247,1744,1553,,1514.7,719.2,1686.7
02/10/2017,0.3,1336,1731,1533,,1533.3,818.7,1671.6000000000001
03/10/2017,0.6,1373,1715,1511,,1533.0,862,1653.8
04/10/2017,0.4,1243,1701,1481,,1475.0,768.4000000000001,1635
05/10/2017,13.7,1197,1686,1430,,1437.7,710.5,1609.2
06/10/2017,6.8,1199,1661,1378,,1412.7,684.5,1576.1000000000001
07/10/2017,9.6,1067,1638,1288,,1331.0,543.4000000000001,1533
08/10/2017,1,1125,1606,1237,,1322.7,598.6,1495.3000000000002
09/10/2017,3.4,1082,1577,1224,,1294.3,574.5,1471.1000000000001
10/10/2017,0.3,1163,1551,1254,,1322.7,628.9000000000001,1461.9
11/10/2017,0.1,1241,1534,1305,,1360.0,697.1,1465.3
12/10/2017,0.4,1291,1522,1328,,1380.3,744.3000000000001,1463.8
13/10/2017,0,1325,1515,1342,,1394.0,780.4000000000001,1463.1000000000001
14/10/2017,0,1354,1511,1356,,1407.0,803.8000000000001,1464.5
15/10/2017,0,1383,1509,1371,,1421.0,819.4000000000001,1471.2
16/10/2017,0,1404,1507,1377,,1429.3,835.2,1476.1
17/10/2017,0,1417,1510,1382,,1436.3,842.3000000000001,1482.1
18/10/2017,0,1435,1511,1389,,1445.0,845.8000000000001,1488.2
19/10/2017,0,1434,1510,1381,,1441.7,849,1487.2
20/10/2017,5.3,1407,1512,1349,,1422.7,828.9000000000001,1480.5
21/10/2017,2.6,1372,1507,1328,,1402.3,808.6,1466.5
22/10/2017,5.5,1313,1500,1295,,1369.3,759.5,1443.9
23/10/2017,0.5,1338,1490,1297,,1375.0,755.9000000000001,1444.4
24/10/2017,1.1,1353,1479,1304,,1378.7,780.4000000000001,1441.2
25/10/2017,0,1381,1476,1323,,1393.3,863.1,1447.5
26/10/2017,0.1,1405,1474,1339,,1406.0,903.6,1453.3
27/10/2017,0.4,1385,1465,1326,,1392.0,903.2,1441
28/10/2017,5.4,1318,1468,1270,,1352.0,829,1423
29/10/2017,1.4,1358,1464,1285,,1369.0,853.8000000000001,1432.2
30/10/2017,0,1384,1458,1298,,1380.0,881.5,1435.8
31/10/2017,0.1,1401,1453,1298,,1384.0,889.2,1437.4
01/11/2017,0,1422,1453,1315,,1396.7,902,1443.7
02/11/2017,1.2,1448,1453,1324,,1408.3,917.3000000000001,1451.5
03/11/2017,0.1,1442,1448,1317,,1402.3,917.3,1446.2
04/11/2017,1.9,1432,1449,1303,,1394.7,925.7,1443.9
05/11/2017,1,1459,1457,1325,,1413.7,934.4000000000001,1458.4
06/11/2017,0,1464,1456,1331,,1417.0,935.5,1461.6
07/11/2017,0,1477,1454,1336,,1422.3,950.3,1470.1
08/11/2017,0,1485,1455,1339,,1426.3,955.4000000000001,1476
09/11/2017,2.3,1414,1450,1295,,1386.3,940.8,1439.2
10/11/2017,3.2,1285,1441,1231,,1319.0,899.9000000000001,1394.2
11/11/2017,2.6,1287,1429,1205,,1307.0,869,1386.4
12/11/2017,0.7,1351,1418,1226,,1331.7,887.9000000000001,1397.9
13/11/2017,0.4,1376,1404,1236,,1338.7,898.6,1395.6
14/11/2017,0,1400,1398,1256,,1351.3,910.9000000000001,1399.4
15/11/2017,0,1405,1393,1260,,1352.7,919.8,1401.4
16/11/2017,0.3,1418,1398,1268,,1361.3,930.6,1412
17/11/2017,0,1399,1391,1259,,1349.7,927.2,1396.6
18/11/2017,4.1,1323,1390,1233,,1315.3,914.5,1369.9
19/11/2017,0.4,1249,1379,1219,,1282.3,857.1,1340
20/11/2017,14.1,975,1288,1079,,1114.0,569.7,1225.3
21/11/2017,3.2,1047,1225,1067,,1113.0,670.4000000000001,1177.6000000000001
22/11/2017,0.1,1133,1223,1117,,1157.7,774.7,1196
23/11/2017,2.3,1065,1204,1075,,1114.7,711.5,1165.3
24/11/2017,7.2,1088,1179,1075,,1114.0,732.7,1151.7
25/11/2017,0.4,1093,1175,1089,,1119.0,733.4000000000001,1150.4
26/11/2017,6.4,952,1099,1015,,1022.0,580.3,1073.8
27/11/2017,10.1,899,1028,987,,971.3,547.6,1015.7
28/11/2017,0.8,998,1058,1054,,1036.7,674.6,1056.8
29/11/2017,0.1,1054,1092,1091,,1079.0,735.5,1091.7
30/11/2017,0.1,1138,1141,1141,,1140.0,810.4000000000001,1141
01/12/2017,0,1178,1174,1158,,1170.0,840.2,1176.8
02/12/2017,0,1146,1172,1132,,1150.0,828.2,1164.2
03/12/2017,2.3,1101,1142,1107,,1116.7,786,1131.5
04/12/2017,2.4,1100,1119,1108,,1109.0,790.6,1115.7
05/12/2017,0,1160,1136,1131,,1142.3,827.2,1152.8
06/12/2017,0,1164,,1122,,1143.0,785.2,1155.6
07/12/2017,3.9,1059,,1030,,1044.5,700.4,1053.2
08/12/2017,5.4,986,,977,,981.5,601,984.2
09/12/2017,8.7,877,,890,,883.5,475.4,887.4
10/12/2017,10.2,849,,866,,857.5,415.4,862.6
11/12/2017,5.7,841,,862,,851.5,410.6,857.8
12/12/2017,2.7,758,,809,,783.5,299.6,798.8
13/12/2017,21.5,674,,713,,693.5,203.60000000000002,705.2
14/12/2017,8.7,724,,811,,767.5,288.8,793.6
15/12/2017,0.7,808,,928,,868.0,459.2,904
16/12/2017,0.1,897,,987,,942.0,580.2,969
17/12/2017,2.6,865,,895,,880.0,515.4,889
18/12/2017,2.9,925,,960,,942.5,609.8,953
19/12/2017,0.9,971,,990,,980.5,663.8,986.2
20/12/2017,0.3,993,,995,,994.0,692.2,994.6
21/12/2017,0.6,1033,,1014,,1023.5,715.6,1029.2
22/12/2017,0,1056,,1021,,1038.5,737.8,1049
23/12/2017,0.1,1085,,1029,,1057.0,753.8,1073.8
24/12/2017,0,1109,,1034,,1071.5,761.2,1094
25/12/2017,0.1,1132,,1043,,1087.5,771.8,1114.2
26/12/2017,0.4,1134,,1046,,1090.0,778.8,1116.4
27/12/2017,1.3,1183,,1086,,1134.5,808.4,1163.6
28/12/2017,0,1185,,1069,,1127.0,806.6,1161.8
29/12/2017,3.7,1039,,967,,1003.0,674.2,1024.6
30/12/2017,3.1,938,,873,,905.5,541,925
31/12/2017,10.1,897,,852,,874.5,494.4,888
01/01/2018,8.2,872,,824,,848.0,436,862.4
02/01/2018,4.5,763,,723,,743.0,312.6,755
03/01/2018,20,748,,743,,745.5,313.4,747
04/01/2018,2.6,815,,860,,837.5,408.6,851
05/01/2018,1.3,910,,948,,929.0,512.4,940.4
06/01/2018,0,1003,,1006,,1004.5,632.6,1005.4
07/01/2018,0,1052,,1020,,1036.0,691.2,1045.6
08/01/2018,0,1080,,1021,,1050.5,724.2,1068.2
09/01/2018,0,1092,,1021,,1056.5,743.4,1077.8
10/01/2018,2.1,1128,,1036,,1082.0,756,1109.6
11/01/2018,0,1170,,1050,,1110.0,782,1146
12/01/2018,0,1188,,1051,,1119.5,792.6,1160.6
13/01/2018,0,1213,,1059,,1136.0,800.6,1182.2
14/01/2018,0,1169,,1002,,1085.5,770.8,1135.6
15/01/2018,8.8,936,,872,,904.0,532,923.2
16/01/2018,3.8,921,,845,,883.0,517,905.8
17/01/2018,5.4,841,,788,,814.5,421.6,830.4
18/01/2018,7.4,875,,881,,878.0,482.2,879.8
19/01/2018,2.6,886,,875,,880.5,530.2,883.8
20/01/2018,3.1,950,,904,,927.0,576.8,940.8
21/01/2018,0.5,961,,920,,940.5,628.8,952.8
22/01/2018,1.6,1018,,959,,988.5,660.6,1006.2
23/01/2018,0.3,1022,,947,,984.5,684.6,1007
24/01/2018,3,1032,,968,,1000.0,696.8,1019.2
25/01/2018,0.3,1095,,1010,,1052.5,722,1078
26/01/2018,0,1135,,1024,,1079.5,752.8,1112.8
27/01/2018,0.5,1137,,989,,1063.0,766.6,1107.4
28/01/2018,0.7,1144,,994,,1069.0,774,1114
29/01/2018,3.1,1091,,982,,1036.5,732.4,1069.2
30/01/2018,0,938,,863,,900.5,547.8,923
31/01/2018,13.4,831,,833,,832.0,435.8,832.6
01/02/2018,0.2,820,,790,,805.0,398.8,814
02/02/2018,11.2,858,,871,,864.5,454,868.4
03/02/2018,1.8,941,,949,,945.0,539.4,947.4
04/02/2018,0.1,994,,978,,986.0,617.2,990.8
05/02/2018,0.4,1046,,999,,1022.5,675,1036.6
06/02/2018,0,1119,,1036,,1077.5,738.4,1102.4
07/02/2018,0,1185,,1055,,1120.0,783.8,1159
08/02/2018,0,1212,,1055,,1133.5,811,1180.6
09/02/2018,0,1204,,1048,,1126.0,829.6,1172.8
10/02/2018,0.2,1054,,946,,1000.0,726.8,1032.4
11/02/2018,5.9,981,,917,,949.0,679.4,968.2
12/02/2018,1.5,1019,,973,,996.0,696.2,1009.8
13/02/2018,0,1116,,1019,,1067.5,749.4,1096.6
14/02/2018,0,1114,,991,,1052.5,783.8,1089.4
15/02/2018,2.2,1141,,1015,,1078.0,796.6,1115.8
16/02/2018,0,1180,,1031,,1105.5,814.2,1150.2
17/02/2018,0,1219,,1047,,1133.0,834.2,1184.6
18/02/2018,0,1227,,1045,,1136.0,849.8,1190.6
19/02/2018,0,1257,,1066,,1161.5,870,1218.8
20/02/2018,0,1288,,1079,,1183.5,885.4,1246.2
21/02/2018,0,1300,,1082,,1191.0,896.4,1256.4
22/02/2018,0,1318,,1088,,1203.0,905.6,1272
23/02/2018,0,1357,,1107,,1232.0,918.2,1307
24/02/2018,0,1382,,1116,,1249.0,933.6,1328.8
25/02/2018,0,1396,,1114,,1255.0,946.8,1339.6
26/02/2018,0,1408,,1114,,1261.0,953.2,1349.2
27/02/2018,0,1437,,1132,,1284.5,959.2,1376
28/02/2018,0,1447,,1131,,1289.0,957.4,1383.8
01/03/2018,0,1469,,1137,,1303.0,967.4,1402.6
02/03/2018,0,1488,,1140,,1314.0,979.2,1418.4
03/03/2018,0,1490,,1117,,1303.5,977.8,1415.4
04/03/2018,1.2,1477,,1089,,1283.0,978.6,1399.4
05/03/2018,0,1448,,1068,,1258.0,978.4,1372
06/03/2018,0,1420,,1057,,1238.5,975.4,1347.4
07/03/2018,1.5,1355,,995,,1175.0,939,1283
08/03/2018,4.1,1305,,1014,,1159.5,898.8,1246.8
09/03/2018,2.1,1218,,952,,1085.0,812,1164.8
10/03/2018,2.7,1223,,986,,1104.5,797.2,1175.6
11/03/2018,0.1,1273,,1017,,1145.0,829,1221.8
12/03/2018,0.7,1214,,933,,1073.5,789.8,1157.8
13/03/2018,7.8,1187,,948,,1067.5,744,1139.2
14/03/2018,0,1246,,1001,,1123.5,781.8,1197
15/03/2018,1.9,1165,,884,,1024.5,707.2,1108.8
16/03/2018,10.5,1158,,934,,1046.0,677.2,1113.2
17/03/2018,0,1263,,1029,,1146.0,781,1216.2
18/03/2018,0,1321,,1062,,1191.5,850.8,1269.2
19/03/2018,0,1351,,1067,,1209.0,891,1294.2
20/03/2018,0.2,1362,,1061,,1211.5,901,1301.8
21/03/2018,0,1323,,1012,,1167.5,897.6,1260.8
22/03/2018,1.7,1322,,1022,,1172.0,890.8,1262
23/03/2018,0,1362,,1056,,1209.0,904,1300.8
24/03/2018,0,1404,,1084,,1244.0,924.8,1340
25/03/2018,0,1431,,1093,,1262.0,937.8,1363.4
26/03/2018,0.1,1423,,1078,,1250.5,934,1354
27/03/2018,1,1379,,1012,,1195.5,916,1305.6
28/03/2018,11.6,1208,,946,,1077.0,772.4,1155.6
29/03/2018,0,1229,,991,,1110.0,784.6,1181.4
30/03/2018,2.3,1226,,1024,,1125.0,812.8,1185.6
31/03/2018,2.6,1283,,1022,,1152.5,834,1230.8
01/04/2018,0.1,1307,,1036,,1171.5,840.8,1252.8
02/04/2018,1.4,1313,,1035,,1174.0,854.2,1257.4
03/04/2018,0,1349,,1064,,1206.5,866.4,1292
04/04/2018,4.4,1309,,1053,,1181.0,863.4,1257.8
05/04/2018,0.7,1346,,1089,,1217.5,851.4,1294.6
06/04/2018,0,1382,,1104,,1243.0,860.8,1326.4
07/04/2018,0,1416,,1114,,1265.0,876.4,1355.6
08/04/2018,0,1438,,1120,,1279.0,888,1374.4
09/04/2018,0,1462,,1133,,1297.5,901,1396.2
10/04/2018,0.4,1488,,1148,,1318.0,912.8,1420
11/04/2018,0,1491,,1146,,1318.5,919.6,1422
12/04/2018,0.2,1519,,1162,,1340.5,941.2,1447.6
13/04/2018,0,1540,,1170,,1355.0,945.2,1466
14/04/2018,0,1508,,1116,,1312.0,920,1429.6
15/04/2018,3.8,1520,,1158,,1339.0,942.8,1447.6
16/04/2018,0,1555,,1182,,1368.5,946.8,1480.4
17/04/2018,0,1571,,1186,,1378.5,954,1494
18/04/2018,0,1575,,1184,,1379.5,951.2,1496.8
19/04/2018,0,1583,,1190,,1386.5,959.6,1504.4
20/04/2018,0,1598,,1198,,1398.0,963.6,1518
21/04/2018,0,1597,,1182,,1389.5,956.4,1514
22/04/2018,6.3,1611,,1171,,1391.0,966.2,1523
23/04/2018,0,1616,,1197,,1406.5,961.8,1532.2
24/04/2018,0.1,1621,,1195,,1408.0,970.2,1535.8
25/04/2018,0.9,1617,,1132,,1374.5,958.4,1520
26/04/2018,7.4,1607,,1159,,1383.0,950.2,1517.4
27/04/2018,0,1626,,1198,,1412.0,962.8,1540.4
28/04/2018,0,1626,,1185,,1405.5,957,1537.8
29/04/2018,3.2,1567,,1017,,1292.0,895.4,1457
30/04/2018,12.8,1526,,1036,,1281.0,864.8,1428
01/05/2018,4.4,1511,,1116,,1313.5,845.6,1432
02/05/2018,0,1550,,1176,,1363.0,874.4,1475.2
03/05/2018,0,1578,,1204,,1391.0,879.2,1503.2
04/05/2018,0,1602,,1224,,1413.0,888.8,1526.4
05/05/2018,0,1623,,1242,,1432.5,902.8,1546.8
06/05/2018,0,1638,,1253,,1445.5,919.4,1561
07/05/2018,0,1650,,1265,,1457.5,933,1573
08/05/2018,0,1669,,1284,,1476.5,958.4,1592
09/05/2018,0,1692,,1295,,1493.5,994.2,1612.6
10/05/2018,0.1,1706,,1303,,1504.5,997.4,1625.4
11/05/2018,0,1712,,1323,,1517.5,1012.6,1634.2
12/05/2018,0,1709,,1319,,1514.0,1019,1631
13/05/2018,12.7,1676,,1248,,1462.0,944,1590.4
14/05/2018,0.1,1695,,1330,,1512.5,934.8,1622
15/05/2018,0,1713,,1367,,1540.0,957.4,1643.8
16/05/2018,0.2,1728,,1384,,1556.0,972.8,1659.2
17/05/2018,0,1742,,1401,,1571.5,994.6,1673.8
18/05/2018,0,1761,,1416,,1588.5,1010.4,1692
19/05/2018,0,1773,,1435,,1604.0,1030.2,1705.4
20/05/2018,0,1784,,1460,,1622.0,1048.8,1719.2
21/05/2018,0,1801,,1472,,1636.5,1069.6,1735.2
22/05/2018,2.1,1821,,1494,,1657.5,1088.4,1755.6
23/05/2018,0.6,1830,,1514,,1672.0,1095.6,1766.8
24/05/2018,0,1840,,1527,,1683.5,1113.4,1777.4
25/05/2018,0.1,1858,,1554,,1706.0,1135.6,1797.2
26/05/2018,0,1863,,1575,,1719.0,1153.4,1805.4
27/05/2018,0,1875,,1595,,1735.0,1169.4,1819
28/05/2018,0,1834,,1612,,1723.0,1171.2,1789.6
29/05/2018,2.8,1668,,1620,,1644.0,1168.8,1658.4
30/05/2018,0,1691,,1644,,1667.5,1182.4,1681.6
31/05/2018,0,1697,,1630,,1663.5,1186.8,1683.6
01/06/2018,5.4,1689,,1613,,1651.0,1189.8,1673.8
02/06/2018,1,1699,,1638,,1668.5,1188.4,1686.8
03/06/2018,0,1710,,1654,,1682.0,1194,1698.8
04/06/2018,0,1727,,1665,,1696.0,1204.2,1714.6
05/06/2018,0,1751,,1692,,1721.5,1216.8,1739.2
06/06/2018,0,1775,,1717,,1746.0,1237,1763.4
07/06/2018,0,1741,,1698,,1719.5,1238,1732.4
08/06/2018,11.8,1664,,1695,,1679.5,1210.4,1688.8
09/06/2018,0,1675,,1731,,1703.0,1210.2,1719.8
10/06/2018,0,1695,,1750,,1722.5,1215.8,1739
11/06/2018,0,1718,,1761,,1739.5,1234,1752.4
12/06/2018,0,1740,,1769,,1754.5,1251.2,1763.2
13/06/2018,0,1756,,1777,,1766.5,1249.6,1772.8
14/06/2018,1.5,1776,,1786,,1781.0,1262.4,1784
15/06/2018,0,1793,,1802,,1797.5,1272.2,1800.2
16/06/2018,0,1814,,1815,,1814.5,1290,1814.8
17/06/2018,0.1,1828,,1821,,1824.5,1298.6,1826.6
18/06/2018,0.5,1842,,1825,,1833.5,1307.4,1838.6
19/06/2018,0,1843,,1834,,1838.5,1313.2,1841.2
20/06/2018,0,1858,,1848,,1853.0,1336,1856
21/06/2018,2.7,1870,,1851,,1860.5,1342.2,1866.2
22/06/2018,4.7,1878,,1859,,1868.5,1339,1874.2
23/06/2018,0,1886,,1866,,1876.0,1346.8,1882
24/06/2018,0.5,1896,,1870,,1883.0,1354.8,1890.8
25/06/2018,0,1913,,1888,,1900.5,1361.6,1908
26/06/2018,0,1930,,1903,,1916.5,1372.6,1924.6
27/06/2018,0,1947,,1921,,1934.0,1381,1941.8
28/06/2018,0,1960,,1936,,1948.0,1395.2,1955.2
29/06/2018,0,1981,,1956,,1968.5,1407.2,1976
30/06/2018,0,1995,,1974,,1984.5,1419.6,1990.8
01/07/2018,0,2014,,1988,,2001.0,1436,2008.8
02/07/2018,0,2029,,1998,,2013.5,1442.8,2022.8
03/07/2018,0,2046,,2011,,2028.5,1453.4,2039
04/07/2018,0,2060,,2024,,2042.0,1468,2052.8
05/07/2018,0,2072,,2034,,2053.0,1476.4,2064.4
06/07/2018,0,2094,,2046,,2070.0,1486,2084.4
07/07/2018,0,2107,,2055,,2081.0,1492.6,2096.6
08/07/2018,0,2113,,2059,,2086.0,1498.2,2102.2
09/07/2018,0.7,2110,,2057,,2083.5,1498.6,2099.4
10/07/2018,0.9,2133,,2070,,2101.5,1500.4,2120.4
11/07/2018,1.4,2141,,2075,,2108.0,1402.2,2127.8
12/07/2018,0,2157,,2091,,2124.0,1350.2,2143.8
13/07/2018,0,2168,,2102,,2135.0,1396.4,2154.8
14/07/2018,0,2179,,2111,,2145.0,1412.6,2165.4
15/07/2018,0,2188,,2123,,2155.5,1438.2,2175
16/07/2018,0,2205,,2134,,2169.5,1467.6,2190.8
17/07/2018,0,2219,,2144,,2181.5,1486.4,2204
18/07/2018,0,2231,,2154,,2192.5,1502,2215.6
19/07/2018,0,2243,,2161,,2202.0,1513,2226.6
20/07/2018,0,2255,,2171,,2213.0,1528.6,2238.2
21/07/2018,2,2264,,2178,,2221.0,1543.6,2246.8
22/07/2018,0,2278,,2184,,2231.0,1548,2259.2
23/07/2018,0,2287,,2192,,2239.5,1560.8,2268
24/07/2018,0,2305,,2203,,2254.0,1575.8,2284.6
25/07/2018,0.1,2316,,2209,,2262.5,1582.6,2294.6
26/07/2018,0,2329,,2216,,2272.5,1584.8,2306.4
27/07/2018,0,2338,,2226,,2282.0,1610.8,2315.6
28/07/2018,0.6,2343,,2229,,2286.0,1608.2,2320.2
29/07/2018,0,2354,,2237,,2295.5,1617.8,2330.6
30/07/2018,0,2361,,2242,,2301.5,1635.6,2337.2
31/07/2018,0,2372,,2249,,2310.5,1626.6,2347.4
01/08/2018,0,2379,,2256,,2317.5,1601.6,2354.4
02/08/2018,0,2384,,2260,,2322.0,1613.6,2359.2
03/08/2018,0,2397,,2267,,2332.0,1631.8,2371
04/08/2018,0,2401,,2273,,2337.0,1636.2,2375.4
05/08/2018,0,2404,,2279,,2341.5,1640.6,2379
06/08/2018,0,2412,,2287,,2349.5,1651.8,2387
07/08/2018,0,2421,,2297,,2359.0,1671.4,2396.2
08/08/2018,0.7,2412,,2300,,2356.0,1668,2389.6
09/08/2018,7.6,2420,,2303,,2361.5,1683.8,2396.6
10/08/2018,1.1,2420,,2306,,2363.0,1686.8,2397.2
11/08/2018,1.9,2423,,2309,,2366.0,1681,2400.2
12/08/2018,0,2422,,2316,,2369.0,1695.2,2400.8
13/08/2018,2.2,2427,,2321,,2374.0,1709.8,2405.8
14/08/2018,2.6,2432,,2324,,2378.0,1704.8,2410.4
15/08/2018,0,2433,,2327,,2380.0,1707.8,2411.8
16/08/2018,0,2431,,2335,,2383.0,1715,2411.8
17/08/2018,3.7,2436,,2335,,2385.5,1683.8,2415.8
18/08/2018,0,2435,,2338,,2386.5,1672.4,2415.6
19/08/2018,0,2439,,2345,,2392.0,1685.8,2420.2
20/08/2018,0.3,2444,,2348,,2396.0,1687.2,2424.8
21/08/2018,0,2444,1955,2351,,2250.0,1660.3,2416.1
22/08/2018,0,2445,1950,2354,,2249.7,1661.6,2417.7
23/08/2018,9,2442,1950,2358,,2250.0,1667.9,2416.8
24/08/2018,0,2442,,2362,,2402.0,1718.8,2426
25/08/2018,19.4,2443,,2359,,2401.0,1707.8,2426.2
26/08/2018,0.8,2448,,2364,,2406.0,1718.4,2431.2
27/08/2018,1,2453,1921,2365,,2246.3,1663.4,2426.6
28/08/2018,0,2452,1925,2365,,2247.3,1668.1,2425.9
29/08/2018,11.7,2452,1927,2368,,2249.0,1677.8,2426.8
30/08/2018,0.1,2458,1921,2368,,2249.0,1671.1,2431
31/08/2018,0,2462,1923,2366,,2250.3,1671.7,2433.2
01/09/2018,0,2461,1926,2371,,2252.7,1669.1,2434
02/09/2018,0,2461,1930,2371,,2254.0,1674.5,2434
03/09/2018,0.4,2465,1929,2375,,2256.3,1678.4,2438
04/09/2018,0.4,2470,1932,2381,,2261.0,1678.6,2443.3
05/09/2018,0,2465,1934,2381,,2260.0,1682.7,2439.8
06/09/2018,18.2,2437,1883,2379,,2233.0,1672.3,2419.6
07/09/2018,6.8,2444,1855,2380,,2226.3,1662.5,2424.8
08/09/2018,0,2453,1840,2384,,2225.7,1656.6,2432.3
09/09/2018,0,2463,1832,2389,,2228.0,1658.4,2440.8
10/09/2018,0,2463,1822,2389,,2224.7,1653.3,2440.8
11/09/2018,0,2467,1816,2394,,2225.7,1655.7,2445.1
12/09/2018,1.6,2464,1809,2390,,2221.0,1652.2,2441.8
13/09/2018,0,2469,1803,2396,,2222.7,1651.1,2447.1
14/09/2018,0,2476,1800,2403,,2226.3,1655.8,2454.1
15/09/2018,0.3,2473,1793,2404,,2223.3,1645.3,2452.3
16/09/2018,0,2477,1794,2410,,2227.0,1647,2456.9
17/09/2018,0,2480,1801,2415,,2232.0,1656.1,2460.5
18/09/2018,0,2484,1808,2421,,2237.7,1660.3,2465.1
19/09/2018,0,2484,1809,2422,,2238.3,1655,2465.4
20/09/2018,0,2484,1812,2427,,2241.0,1668.5,2466.9
21/09/2018,5.7,2485,1813,2435,,2244.3,1668.8,2470
22/09/2018,3.7,2471,1806,2435,,2237.3,1672.3,2460.2
23/09/2018,12.7,2464,1806,2419,,2229.7,1676.5,2450.5
24/09/2018,0.7,2469,1799,2418,,2228.7,1661.8,2453.7
25/09/2018,0,2466,1796,2418,,2226.7,1659.5,2451.6
26/09/2018,0,2470,1800,2424,,2231.3,1656.5,2456.2
27/09/2018,0,2487,1808,2438,,2244.3,1672.2,2472.3
28/09/2018,0,2482,1803,2433,,2239.3,1656.7,2467.3
29/09/2018,0,2474,1802,2436,,2237.3,1657.8,2462.6
30/09/2018,0,2477,1811,2441,,2243.0,1671.7,2466.2
01/10/2018,3.5,2464,1801,2434,,2233.0,1658.9,2455
02/10/2018,1.3,2476,1808,2438,,2240.7,1666.6,2464.6
03/10/2018,0,2480,1803,2443,,2242.0,1656,2468.9
04/10/2018,0.3,2475,1803,2444,,2240.7,1650.4,2465.7
05/10/2018,0,2476,1812,2449,,2245.7,1660.8,2467.9
06/10/2018,0.4,2495,1822,2460,,2259.0,1672.2,2484.5
07/10/2018,0,2490,1819,2457,,2255.3,1662.9,2480.1
08/10/2018,0,2488,1819,2460,,2255.7,1661.5,2479.6
09/10/2018,0,2488,1822,2462,,2257.3,1658.2,2480.2
10/10/2018,0,2493,1822,2465,,2260.0,1662.4,2484.6
11/10/2018,0,2500,1832,2471,,2267.7,1667.5,2491.3
12/10/2018,0,2497,1839,2471,,2269.0,1663.3,2489.2
13/10/2018,0,2498,1846,2477,,2273.7,1668.9,2491.7
14/10/2018,0,2504,1860,2486,,2283.3,1683.6,2498.6
15/10/2018,0,2505,1865,2487,,2285.7,1685.8,2499.6
16/10/2018,0,2506,1870,2491,,2289.0,1692.2,2501.5
17/10/2018,0,2507,1867,2494,,2289.3,1694.1,2503.1
18/10/2018,0.1,2508,1864,2494,,2288.7,1693.2,2503.8
19/10/2018,0,2507,1867,2496,,2290.0,1696.9,2503.7
20/10/2018,0,2502,1862,2495,,2286.3,1691.9,2499.9
21/10/2018,0,2509,1874,2501,,2294.7,1704.6,2506.6
22/10/2018,0.5,2489,1874,2491,,2284.7,1698.3,2490.4
23/10/2018,0.2,2495,1873,2493,,2287.0,1704.3,2494.4
24/10/2018,0.5,2491,1864,2488,,2281.0,1693.2,2490.1
25/10/2018,1,2476,1859,2483,,2272.7,1687.5,2480.9
26/10/2018,2.3,2492,1863,2489,,2281.3,1700.6,2491.1
27/10/2018,0,2500,1862,2499,,2287.0,1694,2499.7
28/10/2018,0,2481,1860,2490,,2277.0,1681.5,2487.3
29/10/2018,0,2455,1850,2487,,2264.0,1688.3,2477.4
30/10/2018,16.7,2461,1852,2482,,2265.0,1674.9,2475.7
31/10/2018,0,2454,1851,2479,,2261.3,1662,2471.5
01/11/2018,3.3,2463,1862,2479,,2268.0,1673,2474.2
02/11/2018,0.1,2458,1854,2467,,2259.7,1651.7,2464.3
03/11/2018,0,2448,1845,2461,,2251.3,1642.7,2457.1
04/11/2018,0,2443,1842,2454,,2246.3,1643.2,2450.7
05/11/2018,0,2443,1836,2446,,2241.7,1637.2,2445.1
06/11/2018,0,2447,1832,2448,,2242.3,1633.2,2447.7
07/11/2018,0.2,2454,1840,2446,,2246.7,1636.3,2451.6
08/11/2018,0,2444,1827,2436,,2235.7,1619.8,2441.6
09/11/2018,0.1,2434,1818,2430,,2227.3,1616.4,2432.8
10/11/2018,4.4,2429,1816,2425,,2223.3,1619.3,2427.8
11/11/2018,7,2418,1815,2415,,2216.0,1617.6,2417.1
12/11/2018,2.8,2416,1810,2406,,2210.7,1612.6,2413
13/11/2018,0.1,2412,1800,2395,,2202.3,1599.1,2406.9
14/11/2018,0,2410,1791,2389,,2196.7,1595,2403.7
15/11/2018,0,2412,1784,2383,,2193.0,1590.8,2403.3
16/11/2018,0,2413,1777,2378,,2189.3,1583.1,2402.5
17/11/2018,0,2405,1773,2369,,2182.3,1574.2,2394.2
18/11/2018,0,2395,1767,2365,,2175.7,1564.7,2386
19/11/2018,0.1,2394,1752,2365,,2170.3,1556,2385.3
20/11/2018,1.1,2401,1752,2364,,2172.3,1563,2389.9
21/11/2018,0,2396,1748,2354,,2166.0,1555.5,2383.4
22/11/2018,0,2390,1742,2348,,2160.0,1546,2377.4
23/11/2018,0,2386,1741,2344,,2157.0,1547.8,2373.4
24/11/2018,1.7,2384,1737,2339,,2153.3,1545.9,2370.5
25/11/2018,0,2389,1732,2339,,2153.3,1545.8,2374
26/11/2018,0,2392,1726,2333,,2150.3,1539.1,2374.3
27/11/2018,0,2385,1711,2327,,2141.0,1524.1,2367.6
28/11/2018,0.3,2372,1711,2321,,2134.7,1523.4,2356.7
29/11/2018,3.9,2371,1715,2321,,2135.7,1533.7,2356
30/11/2018,0,2365,1706,2314,,2128.3,1519.1,2349.7
01/12/2018,1.3,2352,1704,2309,,2121.7,1521.3,2339.1
02/12/2018,6.1,2342,1708,2306,,2118.7,1526,2331.2
03/12/2018,9.1,2357,1711,2311,,2126.3,1533.9,2343.2
04/12/2018,0,2340,1682,2297,,2106.3,1498.6,2327.1
05/12/2018,0.6,2326,1682,2292,,2100.0,1506.3,2315.8
06/12/2018,0.7,2303,1668,2279,,2083.3,1489.5,2295.8
07/12/2018,8.5,2281,1653,2271,,2068.3,1464.7,2278
08/12/2018,13.9,2256,1646,2271,,2057.7,1422.7,2266.5
09/12/2018,10.4,2211,1606,2252,,2023.0,1360.3,2239.7
10/12/2018,1.9,2179,1563,2238,,1993.3,1332,2220.3
11/12/2018,0.6,2160,1519,2227,,1968.7,1305.5,2206.9
12/12/2018,0.1,2139,1486,2214,,1946.3,1281.6,2191.5
13/12/2018,0,2120,1469,2201,,1930.0,1274.4,2176.7
14/12/2018,0,2093,1438,2184,,1905.0,1244.1,2156.7
15/12/2018,0,2073,1423,2175,,1890.3,1237.5,2144.4
16/12/2018,0.6,2060,1419,2165,,1881.3,1240.5,2133.5
17/12/2018,3.1,2037,1394,2150,,1860.3,1207.1,2116.1
18/12/2018,0,2021,1379,2145,,1848.3,1199.1,2107.8
19/12/2018,0.2,2006,1365,2133,,1834.7,1192.1,2094.9
20/12/2018,2,1964,1342,2120,,1808.7,1109.6,2073.2
21/12/2018,12.1,1846,1278,2115,,1746.3,967.9,2034.3
22/12/2018,14.9,1715,1180,2095,,1663.3,876.2,1981
23/12/2018,11.7,1495,1070,2072,,1545.7,763.4,1898.9
24/12/2018,0.1,1476,1025,2004,,1501.7,811.5,1845.6000000000001
25/12/2018,0,1487,1022,1894,,1467.7,833,1771.9
26/12/2018,0.2,1497,1027,1779,,1434.3,845,1694.4
27/12/2018,0,1526,1060,1693,,1426.3,874.5,1642.9
28/12/2018,0,1524,1071,1631,,1408.7,872.2,1598.9
29/12/2018,1.3,1537,1077,1596,,1403.3,879.6,1578.3
30/12/2018,0.7,1534,1077,1563,,1391.3,874,1554.3
31/12/2018,0.1,1517,1083,1532,,1377.3,878.6,1527.5
01/01/2019,0.8,1549,1110,1521,,1393.3,905.6,1540.6
02/01/2019,0,1559,1122,1505,,1395.3,910.6,1542.8
03/01/2019,0.2,1548,1127,1488,,1387.7,907.9,1530
04/01/2019,0.2,1530,1107,1474,,1370.3,897.7,1513.2
05/01/2019,2,1516,1043,1460,,1339.7,859.6,1499.2
06/01/2019,1.7,1479,1016,1425,,1306.7,829.8,1462.8
07/01/2019,4.7,1399,975,1391,,1255.0,732.8,1396.6
08/01/2019,3.2,1368,958,1358,,1228.0,736.8,1365
09/01/2019,0.1,1389,978,1338,,1235.0,793.2,1373.7
10/01/2019,1.7,1354,946,1311,,1203.7,769.6,1341.1
11/01/2019,1.4,1308,909,1279,,1165.3,729.1,1299.3
12/01/2019,6.2,1149,856,1239,,1081.3,592.1,1212
13/01/2019,8.6,1086,841,1208,,1045.0,608.6,1171.4
14/01/2019,3.2,1145,857,1202,,1068.0,685.5,1184.9
15/01/2019,0,1192,871,1220,,1094.3,717.7,1211.6
16/01/2019,1.2,1145,860,1219,,1074.7,678,1196.8
17/01/2019,6,1162,833,1197,,1064.0,695.1,1186.5
18/01/2019,0,1227,868,1225,,1106.7,734.3,1226.4
19/01/2019,0,1293,934,1277,,1168.0,791.9,1288.2
20/01/2019,0,1333,982,1308,,1207.7,816.1,1325.5
21/01/2019,0,1339,984,1308,,1210.3,805.5,1329.7
22/01/2019,0.7,1375,1033,1335,,1247.7,839.1,1363
23/01/2019,0,1407,1075,1359,,1280.3,860.8,1392.6
24/01/2019,0,1394,1085,1350,,1276.3,858.2,1380.8
25/01/2019,1.9,1261,1005,1235,,1167.0,750.9,1253.2
26/01/2019,1.8,1158,931,1169,,1086.0,693.7,1165.7
27/01/2019,2.7,1143,905,1163,,1070.3,715.3,1157
28/01/2019,3.3,1172,860,1153,,1061.7,711.6,1166.3
29/01/2019,0.1,1217,876,1184,,1092.3,745.1,1207.1
30/01/2019,1.9,1254,907,1208,,1123.0,772.6,1240.2
31/01/2019,0.1,1257,904,1208,,1123.0,770.3,1242.3
01/02/2019,0.4,1246,929,1209,,1128.0,771.5,1234.9
02/02/2019,7.6,1198,908,1156,,1087.3,733.7,1185.4
03/02/2019,0,1249,894,1146,,1096.3,752.6,1218.1
04/02/2019,0.6,1272,917,1161,,1116.7,784.7,1238.7
05/02/2019,0.1,1269,912,1170,,1117.0,823.8,1239.3
06/02/2019,5.1,1078,814,1094,,995.3,657.9,1089.2
07/02/2019,3.4,1112,809,1091,,1004.0,727.8,1105.7
08/02/2019,3.2,1100,813,1095,,1002.7,733.9,1098.5
09/02/2019,2.3,1015,755,1056,,942.0,599.6,1043.7
10/02/2019,20.3,954,714,1000,,889.3,559.3,986.2
11/02/2019,0.4,1046,755,1048,,949.7,678.7,1047.4
12/02/2019,0,1108,799,1094,,1000.3,738.1,1103.8
13/02/2019,0,1158,838,1131,,1042.3,779.9,1149.9
14/02/2019,0,1191,868,1154,,1071.0,805.7,1179.9
15/02/2019,0,1221,904,1175,,1100.0,833.3,1207.2
16/02/2019,0,1247,925,1202,,1124.7,846.6,1233.5
17/02/2019,0,1269,950,1220,,1146.3,862.5,1254.3
18/02/2019,0,1293,988,1240,,1173.7,890.7,1277.1
19/02/2019,0.1,1314,1013,1260,,1195.7,905.9,1297.8
20/02/2019,0,1335,1037,1273,,1215.0,924.3,1316.4
21/02/2019,0.5,1347,1061,1277,,1228.3,932.9,1326
22/02/2019,0.8,1350,1056,1276,,1227.3,924.4,1327.8
23/02/2019,0,1368,1073,1287,,1242.7,940.7,1343.7
24/02/2019,0,1382,1086,1295,,1254.3,947.4,1355.9
25/02/2019,0,1389,1091,1295,,1258.3,949.6,1360.8
26/02/2019,0,1378,1086,1284,,1249.3,941.8,1349.8
27/02/2019,0,1384,1093,1282,,1253.0,946,1353.4
28/02/2019,0.2,1407,1122,1296,,1275.0,963.1,1373.7
01/03/2019,0.1,1405,1118,1292,,1271.7,949.3,1371.1
02/03/2019,0.4,1359,1092,1250,,1233.7,923.3,1326.3
03/03/2019,3.9,1282,1068,1203,,1184.3,893.7,1258.3
04/03/2019,7.4,1272,1097,1240,,1203.0,887.7,1262.4
05/03/2019,0.5,1253,1054,1217,,1174.7,846.1,1242.2
06/03/2019,1.5,1241,1052,1203,,1165.3,857.4,1229.6
07/03/2019,3.6,1219,1067,1218,,1168.0,860.5,1218.7
08/03/2019,2.4,1124,997,1160,,1093.7,760.4,1149.2
09/03/2019,10.9,985,903,1079,,989.0,590.1,1050.8
10/03/2019,14.4,909,737,987,,877.7,521.4,963.6
11/03/2019,4,922,665,999,,862.0,541.1,975.9
12/03/2019,2,936,716,1025,,892.3,570.4,998.3000000000001
13/03/2019,7.8,858,675,966,,833.0,481.1,933.6
14/03/2019,9.2,881,651,953,,828.3,473.9,931.4
15/03/2019,6.3,876,601,921,,799.3,446.3,907.5
16/03/2019,4.8,901,653,978,,844.0,520,954.9
17/03/2019,2.9,968,729,1054,,917.0,613.5,1028.2
18/03/2019,1.3,1052,784,1105,,980.3,679.7,1089.1
19/03/2019,0,1102,829,1129,,1020.0,720.5,1120.9
20/03/2019,0.1,1141,858,1144,,1047.7,746.7,1143.1
21/03/2019,0,1175,878,1153,,1068.7,758.3,1168.4
22/03/2019,0,1222,920,1177,,1106.3,789.8,1208.5
23/03/2019,0,1242,939,1181,,1120.7,798.3,1223.7
24/03/2019,0,1227,957,1145,,1109.7,798.8,1202.4
25/03/2019,2.4,1267,965,1157,,1129.7,804.7,1234
26/03/2019,0.2,1305,983,1184,,1157.3,820.6,1268.7
27/03/2019,0,1328,999,1200,,1175.7,828.2,1289.6
28/03/2019,0,1337,1002,1202,,1180.3,827,1296.5
29/03/2019,0,1357,1009,1214,,1193.3,836.8,1314.1
30/03/2019,0,1403,1041,1248,,1230.7,871.6,1356.5
31/03/2019,0,1410,1040,1257,,1235.7,870.6,1364.1000000000001
01/04/2019,0,1403,1031,1246,,1226.7,865.8,1355.9
02/04/2019,0.7,1423,1060,1248,,1243.7,875.9,1370.5
03/04/2019,0.7,1442,1084,1255,,1260.3,862.8,1385.9
04/04/2019,0.4,1456,1103,1264,,1274.3,860.8,1398.4
05/04/2019,0,1461,1107,1268,,1278.7,856.4,1403.1000000000001
06/04/2019,0,1482,1118,1285,,1295.0,871.6,1422.9
07/04/2019,0,1507,1135,1324,,1322.0,890.7,1452.1000000000001
08/04/2019,0,1531,1145,1357,,1344.3,904.9,1478.8
09/04/2019,0,1556,1167,1380,,1367.7,931.8,1503.2
10/04/2019,0,1573,1176,1391,,1380.0,945.7,1518.4
11/04/2019,0,1580,1184,1395,,1386.3,955.8,1524.5
12/04/2019,0,1586,1192,1395,,1391.0,963.8,1528.7
13/04/2019,0.1,1601,1202,1395,,1399.3,971.7,1539.2
14/04/2019,0,1604,1197,1392,,1397.7,970.2,1540.4
15/04/2019,0,1611,1202,1402,,1405.0,980.8,1548.3
16/04/2019,0,1636,1222,1417,,1425.0,1004.3,1570.3
17/04/2019,0,1649,1229,1425,,1434.3,1012,1581.8
18/04/2019,0,1663,1239,1438,,1446.7,1026.2,1595.5
19/04/2019,0,1673,1249,1445,,1455.7,1041.8,1604.6000000000001
20/04/2019,0,1662,1246,1441,,1449.7,1037.4,1595.7
21/04/2019,0,1665,1242,1439,,1448.7,1039.7,1597.2
22/04/2019,0,1671,1248,1449,,1456.0,1048.5,1604.4
23/04/2019,0,1671,1267,1441,,1459.7,1073.8,1602
24/04/2019,10.9,1649,1243,1372,,1421.3,1064.5,1565.9
25/04/2019,4.2,1648,1281,1359,,1429.3,1094.1,1561.3
26/04/2019,1.2,1640,1282,1360,,1427.3,1118.2,1556
27/04/2019,5.5,1654,1299,1387,,1446.7,1131.7,1573.9
28/04/2019,0.8,1664,1309,1421,,1464.7,1138.9,1591.1000000000001
29/04/2019,0,1668,1310,1434,,1470.7,1135.7,1597.8
30/04/2019,0,1665,1305,1436,,1468.7,1125.1,1596.3
01/05/2019,0,1665,1308,1439,,1470.7,1126.7,1597.2
02/05/2019,2.3,1676,1322,1448,,1482.0,1136.5,1607.6000000000001
03/05/2019,2.6,1681,1334,1451,,1488.7,1142.2,1612
04/05/2019,0.6,1689,1348,1470,,1502.3,1150.6,1623.3
05/05/2019,0.8,1686,1347,1473,,1502.0,1141.9,1622.1000000000001
06/05/2019,1,1678,1341,1454,,1491.0,1131,1610.8
07/05/2019,0,1654,1317,1435,,1468.7,1100,1588.3
08/05/2019,1.5,1671,1346,1440,,1485.7,1129,1601.7
09/05/2019,3.5,1688,1358,1416,,1487.3,1148,1606.4
10/05/2019,0.2,1711,1375,1462,,1516.0,1167.8,1636.3
11/05/2019,0,1732,1395,1500,,1542.3,1196.2,1662.4
12/05/2019,0,1738,1392,1512,,1547.3,1191.8,1670.2
13/05/2019,0,1741,1392,1517,,1550.0,1185.5,1673.8
14/05/2019,0,1746,1392,1525,,1554.3,1189,1679.7
15/05/2019,0,1747,1394,1536,,1559.0,1191.7,1683.7
16/05/2019,0.1,1739,1393,1535,,1555.7,1197.7,1677.8
17/05/2019,0.8,1751,1406,1546,,1567.7,1212.8,1689.5
18/05/2019,0.3,1765,1422,1563,,1583.3,1226.7,1704.4
19/05/2019,3.1,1768,1440,1571,,1593.0,1242.6,1708.9
20/05/2019,0,1776,1450,1583,,1603.0,1258.2,1718.1000000000001
21/05/2019,0.1,1784,1451,1586,,1607.0,1261.3,1724.6000000000001
22/05/2019,0.1,1794,1456,1596,,1615.3,1260.7,1734.6000000000001
23/05/2019,0,1813,1468,1616,,1632.3,1276.2,1753.9
24/05/2019,0,1827,1479,1629,,1645.0,1283,1767.6000000000001
25/05/2019,0,1826,1486,1634,,1648.7,1280.2,1768.4
26/05/2019,2.4,1832,1494,1639,,1655.0,1293.1,1774.1000000000001
27/05/2019,0.3,1823,1496,1597,,1638.7,1300.7,1755.2
28/05/2019,14.6,1842,1494,1568,,1634.7,1301.5,1759.8
29/05/2019,0,1839,1503,1593,,1645.0,1306.3,1765.2
30/05/2019,0,1858,1516,1622,,1665.3,1315.8,1787.2
31/05/2019,0,1883,1519,1644,,1682.0,1311.8,1811.3
01/06/2019,0,1891,1524,1661,,1692.0,1312.6,1822
02/06/2019,1,1891,1540,1684,,1705.0,1337.7,1828.9
03/06/2019,0.3,1890,1541,1686,,1705.7,1328.2,1828.8
04/06/2019,0,1913,1562,1718,,1731.0,1356.9,1854.5
05/06/2019,0.3,1905,1567,1718,,1730.0,1369.6,1848.9
06/06/2019,3.7,1905,1565,1718,,1729.3,1350.8,1848.9
07/06/2019,0.4,1912,1574,1732,,1739.3,1373.8,1858
08/06/2019,0.2,1933,1594,1757,,1761.3,1380.5,1880.2
09/06/2019,0,1931,1600,1766,,1765.7,1372.5,1881.5
10/06/2019,2.6,1936,1599,1773,,1769.3,1375.7,1887.1000000000001
11/06/2019,0.4,1928,1596,1774,,1766.0,1383.2,1881.8
12/06/2019,4.2,1948,1589,1777,,1771.3,1386,1896.7
13/06/2019,0.5,1977,1606,1798,,1793.7,1390.4,1923.3
14/06/2019,0.3,1940,1619,1803,,1787.3,1407.6,1898.9
15/06/2019,5.8,1965,1626,1803,,1798.0,1423,1916.4
16/06/2019,0,1996,1634,1817,,1815.7,1427.5,1942.3
17/06/2019,0,2006,1645,1834,,1828.3,1421,1954.4
18/06/2019,0,1988,1651,1844,,1827.7,1392,1944.8
19/06/2019,7.6,1993,1662,1853,,1836.0,1382,1951
20/06/2019,0.6,2014,1671,1868,,1851.0,1378.4,1970.2
21/06/2019,0,2024,1678,1881,,1861.0,1418.3,1981.1
22/06/2019,0,2033,1682,1894,,1869.7,1437.7,1991.3
23/06/2019,0,2031,1690,1917,,1879.3,1465.3,1996.8
24/06/2019,0,2035,1704,1944,,1894.3,1487.7,2007.7
25/06/2019,0,2073,1725,1971,,1923.0,1518.5,2042.4
26/06/2019,0,2087,1729,1979,,1931.7,1512.7,2054.6
27/06/2019,0,2092,1733,1989,,1938.0,1519.5,2061.1
28/06/2019,0,2102,1737,2002,,1947.0,1520,2072
29/06/2019,0,2126,1755,2032,,1971.0,1527.5,2097.8
30/06/2019,0,2139,1764,2043,,1982.0,1516.9,2110.2
01/07/2019,0,2155,1771,2055,,1993.7,1504.3,2125
02/07/2019,0,2170,1777,2065,,2004.0,1532,2138.5
03/07/2019,0,2177,1782,2074,,2011.0,1538.4,2146.1
04/07/2019,0,2194,1790,2089,,2024.3,1550.6,2162.5
05/07/2019,0,2203,1792,2098,,2031.0,1561,2171.5
06/07/2019,3,2203,1799,2102,,2034.7,1570.8,2172.7
07/07/2019,0,2218,1807,2112,,2045.7,1575.3,2186.2
08/07/2019,0.6,2232,1812,2119,,2054.3,1578.9,2198.1
09/07/2019,0,2238,1813,2122,,2057.7,1577.1,2203.2
10/07/2019,0.6,2227,1807,2117,,2050.3,1563.4,2194
11/07/2019,10,2223,1815,2119,,2052.3,1554.6,2191.8
12/07/2019,5.9,2238,1823,2126,,2062.3,1558.4,2204.4
13/07/2019,0,2254,1827,2133,,2071.3,1563.1,2217.7
14/07/2019,0,2256,1832,2140,,2076.0,1564.6,2221.2
15/07/2019,0,2258,1834,2142,,2078.0,1535.1,2223.2
16/07/2019,0,2265,1830,2141,,2078.7,1549.3,2227.8
17/07/2019,0.1,2279,1836,2149,,2088.0,1523.1,2240
18/07/2019,0,2291,1844,2162,,2099.0,1557,2252.3
19/07/2019,0,2289,1845,2169,,2101.0,1578.3,2253
20/07/2019,1.7,2311,1855,2180,,2115.3,1600.9,2271.7
21/07/2019,0,2319,1861,2186,,2122.0,1607.6,2279.1
22/07/2019,0,2336,1861,2194,,2130.3,1614.6,2293.4
23/07/2019,0,2353,1866,2207,,2142.0,1628.7,2309.2
24/07/2019,0,2371,1873,2225,,2156.3,1646.2,2327.2
25/07/2019,0,2390,1877,2242,,2169.7,1653.7,2345.6
26/07/2019,0,2404,1884,2263,,2183.7,1669.1,2361.7
27/07/2019,0,2407,1896,2281,,2194.7,1692.3,2369.2
28/07/2019,0,2420,1899,2288,,2202.3,1700.9,2380.4
29/07/2019,0,2431,1901,2296,,2209.3,1716.2,2390.5
30/07/2019,0,2441,1905,2310,,2218.7,1719.5,2401.7
31/07/2019,0.6,2447,1910,2315,,2224.0,1725.9,2407.4
01/08/2019,0,2443,1890,2321,,2218.0,1723.4,2406.4
02/08/2019,5.9,2444,1851,2327,,2207.3,1678.8,2408.9
03/08/2019,0.1,2455,1850,2323,,2209.3,1694.6,2415.4
04/08/2019,0,2467,1858,2335,,2220.0,1705.4,2427.4
05/08/2019,0.1,2483,1865,2344,,2230.7,1712.4,2441.3
06/08/2019,0,2492,1874,2355,,2240.3,1725.6,2450.9
07/08/2019,0,2506,1881,2366,,2251.0,1735.4,2464
08/08/2019,0,2493,1876,2368,,2245.7,1730.4,2455.5
09/08/2019,3.8,2502,1881,2375,,2252.7,1745.9,2463.9
10/08/2019,0.2,2522,1890,2387,,2266.3,1749.3,2481.5
11/08/2019,0,2510,1895,2397,,2267.3,1755,2476.1
12/08/2019,14.6,2448,1894,2398,,2246.7,1752.6,2433
13/08/2019,7.8,2448,1885,2390,,2241.0,1730.3,2430.6
14/08/2019,4.7,2438,1887,2396,,2240.3,1730.2,2425.4
15/08/2019,7.1,2445,1886,2388,,2239.7,1713.1,2427.9
16/08/2019,0.2,2444,1883,2389,,2238.7,1709.4,2427.5
17/08/2019,7,2407,1879,2373,,2219.7,1690.7,2396.8
18/08/2019,8.9,2416,1878,2365,,2219.7,1676.4,2400.7
19/08/2019,1.3,2433,1880,2369,,2227.3,1671.4,2413.8
20/08/2019,0.1,2445,1883,2366,,2231.3,1663.9,2421.3
21/08/2019,0,2462,1885,2373,,2240.0,1660.3,2435.3
22/08/2019,0,2480,1891,2385,,2252.0,1663.5,2451.5
23/08/2019,0,2499,1893,2395,,2262.3,1665.5,2467.8
24/08/2019,0,2516,1898,2409,,2274.3,1676.1,2483.9
25/08/2019,0,2530,1902,2422,,2284.7,1682.9,2497.6
26/08/2019,0,2534,1901,2430,,2288.3,1685.4,2502.8
27/08/2019,0,2540,1905,2443,,2296.0,1697.1,2510.9
28/08/2019,1,2525,1907,2445,,2292.3,1706.8,2501
29/08/2019,9.9,2534,1905,2438,,2292.3,1704.1,2505.2
30/08/2019,0,2543,1907,2440,,2296.7,1704,2512.1
31/08/2019,0.3,2546,1915,2447,,2302.7,1727.4,2516.3
01/09/2019,0.1,2549,1914,2441,,2301.3,1727.1,2516.6
02/09/2019,0,2541,1915,2438,,2298.0,1728.1,2510.1
03/09/2019,0,2539,1914,2432,,2295.0,1730.6,2506.9
04/09/2019,1.4,2545,1924,2437,,2302.0,1748.3,2512.6
05/09/2019,0.3,2547,1919,2436,,2300.7,1731.4,2513.7
06/09/2019,0,2551,1926,2449,,2308.7,1742.6,2520.4
07/09/2019,5.8,2550,1925,2450,,2308.3,1741.6,2520
08/09/2019,0.6,2556,1917,2445,,2306.0,1735.7,2522.7
09/09/2019,0,2560,1922,2454,,2312.0,1742.8,2528.2
10/09/2019,0,2547,1920,2453,,2306.7,1738,2518.8
11/09/2019,3.8,2553,1924,2453,,2310.0,1744.1,2523
12/09/2019,0,2569,1931,2468,,2322.7,1749.7,2538.7
13/09/2019,0.2,2572,1930,2471,,2324.3,1738.9,2541.7
14/09/2019,0,2570,1933,2480,,2327.7,1746.1,2543
15/09/2019,0,2547,1931,2477,,2318.3,1751.1,2526
16/09/2019,7.8,2545,1934,2472,,2317.0,1751.3,2523.1
17/09/2019,0.2,2561,1935,2470,,2322.0,1751.6,2533.7
18/09/2019,0.1,2570,1932,2471,,2324.3,1750,2540.3
19/09/2019,0,2572,1930,2477,,2326.3,1743.8,2543.5
20/09/2019,0,2575,1926,2480,,2327.0,1734.2,2546.5
21/09/2019,0,2582,1929,2493,,2334.7,1743.5,2555.3
22/09/2019,0,2569,1938,2500,,2335.7,1753.9,2548.3
23/09/2019,4.4,2561,1929,2496,,2328.7,1737.9,2541.5
24/09/2019,1.4,2558,,2499,,2528.5,1830.2,2546.2
25/09/2019,1.4,2546,,2494,,2520.0,1826,2535.6
26/09/2019,10.4,2526,,2485,,2505.5,1809,2517.8
27/09/2019,0,2541,,2490,,2515.5,1813.2,2530.8
28/09/2019,1,2519,,2482,,2500.5,1786,2511.6
29/09/2019,20.4,2493,,2479,,2486.0,1789.4,2490.2
30/09/2019,1.7,2469,1905,2460,,2278.0,1673.3,2466.3
01/10/2019,19.4,2451,1896,2450,,2265.7,1646.1,2450.7
02/10/2019,0.8,2442,1861,2424,,2242.3,1609.7,2436.6
03/10/2019,1.8,2414,1826,2389,,2209.7,1586.6,2406.5
04/10/2019,5.7,2403,1810,2362,,2191.7,1572,2390.7
05/10/2019,0,2384,1776,2330,,2163.3,1535.9,2367.8
06/10/2019,3.7,2372,1766,2317,,2151.7,1528,2355.5
07/10/2019,0.1,2350,1750,2300,,2133.3,1507.1,2335
08/10/2019,5.2,2332,1732,2281,,2115.0,1492.6,2316.7
09/10/2019,6.8,2317,1716,2267,,2100.0,1473.1,2302
10/10/2019,0.1,2301,1692,2248,,2080.3,1441.4,2285.1
11/10/2019,0.9,2291,1678,2237,,2068.7,1437.9,2274.8
12/10/2019,0.1,2274,1657,2217,,2049.3,1421.1,2256.9
13/10/2019,2.8,2265,1642,2200,,2035.7,1405.4,2245.5
14/10/2019,0,2254,1631,2187,,2024.0,1406.3,2233.9
15/10/2019,5.1,2231,1611,2164,,2002.0,1385.6,2210.9
16/10/2019,9.9,2213,1598,2145,,1985.3,1339.7,2192.6
17/10/2019,4.1,2188,1566,2112,,1955.3,1262.9,2165.2
18/10/2019,2.5,2167,1537,2066,,1923.3,1216.4,2136.7
19/10/2019,1.3,2145,1511,2016,,1890.7,1188.3,2106.3
20/10/2019,4.6,2120,1480,1962,,1854.0,1150.3,2072.6
21/10/2019,0.5,2099,1452,1906,,1819.0,1134.2,2041.1000000000001
22/10/2019,0,2074,1424,1852,,1783.3,1111.1,2007.4
23/10/2019,0,2053,1399,1805,,1752.3,1115.5,1978.6000000000001
24/10/2019,0,2042,1383,1775,,1733.3,1124.7,1961.9
25/10/2019,0.3,2028,1365,1746,,1713.0,1112.3,1943.4
26/10/2019,0.1,2026,1368,1736,,1710.0,1141.2,1939
27/10/2019,3.5,2012,1357,1716,,1695.0,1137.2,1923.2
28/10/2019,0.1,2003,1344,1698,,1681.7,1132.6,1911.5
29/10/2019,0,1990,1331,1678,,1666.3,1127.3,1896.4
30/10/2019,0,1977,1318,1664,,1653.0,1117.8,1883.1000000000001
31/10/2019,0,1952,1298,1643,,1631.0,1085.2,1859.3
01/11/2019,2.5,1936,1284,1630,,1616.7,1050.9,1844.2
02/11/2019,1.7,1931,1278,1622,,1610.3,1079.2,1838.3
03/11/2019,4,1923,1271,1612,,1602.0,1082.7,1829.7
04/11/2019,1,1914,1266,1604,,1594.7,1075.6,1821
05/11/2019,0.8,1899,1255,1589,,1581.0,1049.2,1806
06/11/2019,2.1,1869,1226,1559,,1551.3,1009.7,1776
07/11/2019,1.7,1862,1226,1554,,1547.3,1012.5,1769.6000000000001
08/11/2019,0,1839,1209,1539,,1529.0,1005.3,1749
09/11/2019,1.6,1832,1207,1538,,1525.7,1011.7,1743.8
10/11/2019,0,1803,1185,1518,,1502.0,991.1,1717.5
11/11/2019,2.2,1787,1183,1514,,1494.7,984.2,1705.1000000000001
12/11/2019,1.5,1774,1182,1511,,1489.0,981.8,1695.1000000000001
13/11/2019,1.3,1759,1175,1503,,1479.0,979,1682.2
14/11/2019,0,1753,1180,1509,,1480.7,983.3,1679.8
15/11/2019,0,1751,1190,1517,,1486.0,1000.3,1680.8
16/11/2019,0,1747,1194,1518,,1486.3,1008.5,1678.3
17/11/2019,8.2,1701,1172,1502,,1458.3,889.2,1641.3
18/11/2019,22.5,1544,994,1342,,1293.3,648.2,1483.4
19/11/2019,2.6,1494,906,1276,,1225.3,703,1428.6000000000001
20/11/2019,0,1472,891,1290,,1217.7,745.4,1417.4
21/11/2019,0,1473,902,1316,,1230.3,776.7,1425.9
22/11/2019,0.3,1479,923,1341,,1247.7,802.6,1437.6
23/11/2019,0,1500,962,1376,,1279.3,842.3,1462.8
24/11/2019,0,1504,978,1385,,1289.0,849.2,1468.3
25/11/2019,0,1498,977,1384,,1286.3,839.8,1463.8
26/11/2019,0.3,1473,962,1359,,1264.7,817.1,1438.8
27/11/2019,4.5,1425,916,1293,,1211.3,724.9,1385.4
28/11/2019,10.7,1370,864,1236,,1156.7,687.6,1329.8
29/11/2019,0,1378,893,1274,,1181.7,755.8,1346.8
30/11/2019,0,1392,916,1307,,1205.0,791.4,1366.5
01/12/2019,0,1418,957,1346,,1240.3,825.4,1396.4
02/12/2019,0.3,1416,961,1352,,1243.0,807.7,1396.8
03/12/2019,0.6,1420,961,1354,,1245.0,814.7,1400.2
04/12/2019,0,1433,978,1367,,1259.3,834.5,1413.2
05/12/2019,0,1403,921,1319,,1214.3,785.2,1377.8
06/12/2019,8.2,1339,853,1224,,1138.7,686.4,1304.5
07/12/2019,0.8,1314,827,1207,,1116.0,687.7,1281.9
08/12/2019,2.1,1319,848,1229,,1132.0,721.3,1292
09/12/2019,4.3,1311,866,1240,,1139.0,713.4,1289.7
10/12/2019,0,1287,840,1214,,1113.7,686.7,1265.1
11/12/2019,5.2,1258,820,1197,,1091.7,677.2,1239.7
12/12/2019,0,1271,835,1218,,1108.0,718.8,1255.1
13/12/2019,3.1,1248,809,1185,,1080.7,674.6,1819.8000000000002
14/12/2019,7.9,1224,779,1169,,1057.3,654.8,1800.6000000000001
15/12/2019,1.4,1252,804,1206,,1087.3,710.4,1800.4
16/12/2019,0.3,1275,831,1232,,1112.7,744.6,1796.4
17/12/2019,4.3,1227,822,1194,,1081.0,671.4,1769.4
18/12/2019,0,1239,815,1203,,1085.7,700.4,1759.8000000000002
19/12/2019,0,1247,816,1207,,1090.0,714,1746.8000000000002
20/12/2019,1.8,1280,853,1239,,1124.0,751.6,1753.4
21/12/2019,0,1280,874,1253,,1135.7,761.2,1748.6000000000001
22/12/2019,6.2,1239,863,1241,,1114.3,722.6,1734.2
23/12/2019,1.2,1202,811,1199,,1070.7,672.4,1710.2
24/12/2019,9.2,1155,782,1154,,1030.3,624.2,1689
25/12/2019,0.5,1185,800,1176,,1053.7,675.8,1684.8000000000002
26/12/2019,0.1,1241,857,1234,,1110.7,749.6,1698.2
27/12/2019,0,1282,901,1278,,1153.7,789.4,1705.6000000000001
28/12/2019,0,1302,922,1291,,1171.7,806.2,1703.4
29/12/2019,0,1317,928,1298,,1181.0,813.4,1702.2
30/12/2019,0,1350,,1324,,1337.0,937.6,1774.2
31/12/2019,0.1,1355,,1318,,1336.5,927.4000000000001,1768
01/01/2020,0,1359,,1313,,1336.0,925.2,1765
02/01/2020,0.1,1357,,1291,,1324.0,917.2,1765.8000000000002
03/01/2020,4.4,1331,,1236,,1283.5,872.7,1770.6000000000001
04/01/2020,2.8,1312,,1205,,1258.5,845.9000000000001,1760.7
05/01/2020,0.1,1314,,1219,,1266.5,864.1,1749.4
06/01/2020,0,1334,940,1236,,1170.0,820,1695.2
07/01/2020,1.1,1335,933,1224,,1164.0,810.6,1692
08/01/2020,2.7,1274,852,1146,,1090.7,724.8,1658.6000000000001
09/01/2020,6,1272,841,1160,,1091.0,729.4,1666.2
10/01/2020,2.1,1293,863,1192,,1116.0,752,1667.4
11/01/2020,0,1312,879,1214,,1135.0,775.8,1666
12/01/2020,1,1301,836,1178,,1105.0,737,1653.2
13/01/2020,0.2,1292,801,1157,,1083.3,722.4,1639.4
14/01/2020,2.7,1326,838,1202,,1122.0,767.8,1654.8
15/01/2020,1.6,1339,885,1228,,1150.7,781.8,1660
16/01/2020,0,1345,893,1234,,1157.3,791.6,1654.6000000000001
17/01/2020,0.8,1374,935,1273,,1194.0,829.4,1671
18/01/2020,3.7,1407,920,1287,,1204.7,825.2,1692.6000000000001
19/01/2020,0.1,1406,930,1292,,1209.3,827.4,1686.8
20/01/2020,0,1407,938,1289,,1211.3,833,1679.4
21/01/2020,0,1411,954,1289,,1218.0,844.2,1677.4
22/01/2020,0.5,1397,952,1269,,1206.0,830.8,1665.8
23/01/2020,0,1402,957,1277,,1212.0,840,1664.2
24/01/2020,0,1419,975,1292,,1228.7,853.8,1668.6
25/01/2020,0,1418,977,1288,,1227.7,850.4,1662.8
26/01/2020,0,1379,958,1235,,1190.7,815.8,1641.2
27/01/2020,5.9,1317,917,1175,,1136.3,770,1616.4
28/01/2020,1.5,1301,936,1184,,1140.3,786.6,1622.6000000000001
29/01/2020,3.9,1258,927,1177,,1120.7,761.4,1598.2
30/01/2020,0.9,1285,927,1187,,1133.0,792,1606
31/01/2020,0.2,1301,938,1202,,1147.0,803,1605.2
01/02/2020,0.7,1298,926,1187,,1137.0,776.6,1604
02/02/2020,7.4,1258,837,1131,,1075.3,701.4,1583.8
03/02/2020,1.8,1264,816,1122,,1067.3,718.2,1584.4
04/02/2020,1.6,1252,809,1164,,1075.0,723.8,1579
05/02/2020,0,1278,835,1179,,1097.3,752.2,1576.8
06/02/2020,0,1299,856,1189,,1114.7,766.6,1573.2
07/02/2020,0,1326,885,1213,,1141.3,793.8,1576.8
08/02/2020,0.1,1315,860,1187,,1120.7,762.8,1557.4
09/02/2020,8.8,1218,767,1097,,1027.3,654.8,1520.4
10/02/2020,2.9,1245,768,1128,,1047.0,700.2,1534.2
11/02/2020,0.7,1298,828,1178,,1101.3,768,1551.8
12/02/2020,0.1,1257,788,1123,,1056.0,743,1519.8
13/02/2020,10.3,1187,744,1090,,1007.0,673.8,1499.6000000000001
14/02/2020,0,1206,,1110,,1158.0,809,1535
15/02/2020,0,1223,,1112,,1167.5,839.7,1523.3000000000002
16/02/2020,8.8,1190,,1093,,1141.5,783.6,1513.4
17/02/2020,3.1,1202,,1122,,1162.0,805.6,1506.5
18/02/2020,0.1,1172,,1086,,1129.0,772.4000000000001,1486.3000000000002
19/02/2020,4.8,1186,,1093,,1139.5,800.4,1470.9
20/02/2020,4.6,1192,,1078,,1135.0,777,1469.2
21/02/2020,0,1228,,1118,,1173.0,838,1463.9
22/02/2020,3.6,1090,,955,,1022.5,595.9000000000001,1398
23/02/2020,20.9,995,,901,,948.0,501.3,1296.7
24/02/2020,8.1,988,,921,,954.5,524.8,1235.1000000000001
25/02/2020,1.3,1035,,985,,1010.0,618.2,1218.4
26/02/2020,6,1066,,1005,,1035.5,645.2,1203.2
27/02/2020,4,1066,,1001,,1033.5,642.6,1182.9
28/02/2020,5.1,1001,,911,,956.0,561.7,1130.5
29/02/2020,1.8,1069,,1013,,1041.0,686.8,1134.8
01/03/2020,0,1112,,1041,,1076.5,733,1143.5
02/03/2020,5.9,1103,,1035,,1069.0,715.1,1142.2
03/03/2020,0.1,1156,,1070,,1113.0,785.8,1156
04/03/2020,0,1159,,1053,,1106.0,784.2,1152.1
05/03/2020,8.1,1055,,920,,987.5,588.2,1108.9
06/03/2020,4.2,1095,,1000,,1047.5,685.7,1104.8
07/03/2020,0,1126,,1032,,1079.0,735.9,1115.2
08/03/2020,3.4,1144,,1039,,1091.5,749.9,1129.9
09/03/2020,0.1,1079,,919,,999.0,629.2,1078.4
10/03/2020,14.8,996,,884,,940.0,527.7,1024.7
11/03/2020,4.4,970,,876,,923.0,505.70000000000005,982.6
12/03/2020,6.6,1024,,979,,1001.5,599.3,1010.5
13/03/2020,3.6,1054,,1045,,1049.5,625.3,1051.3
14/03/2020,0.1,1103,,1087,,1095.0,694.5,1098.2
15/03/2020,0,1166,,1133,,1149.5,777.5,1156.1
16/03/2020,0,1207,,1159,,1183.0,818,1192.6
17/03/2020,0,1239,,1170,,1204.5,845,1218.3
18/03/2020,0,1268,,1178,,1223.0,869.1,1241
19/03/2020,0,1292,,1185,,1238.5,889.1,1259.9
20/03/2020,0.1,1310,,1195,,1252.5,903,1275.5
21/03/2020,0,1339,,1208,,1273.5,922.5,1299.7
22/03/2020,0,1364,,1215,,1289.5,922.3,1319.3
23/03/2020,0,1382,,1220,,1301.0,916.5,1333.4
24/03/2020,0,1399,,1221,,1310.0,924.2,1345.6000000000001
25/03/2020,0,1415,,1228,,1321.5,935.3,1358.9
26/03/2020,0,1433,,1237,,1335.0,949.4,1374.2
27/03/2020,0,1455,,1250,,1352.5,969.4,1393.5
28/03/2020,0,1477,,1263,,1370.0,989.9,1412.8
29/03/2020,0.2,1481,,1235,,1358.0,973.2,1417.4
30/03/2020,2.5,1484,,1226,,1355.0,976.1,1423.1000000000001
31/03/2020,0,1484,,1228,,1356.0,969,1426.1000000000001
01/04/2020,0,1483,,1230,,1356.5,971,1427.5
02/04/2020,0,1502,,1252,,1377.0,995.8,1445.9
03/04/2020,0.1,1516,,1262,,1389.0,982.7,1460.2
04/04/2020,0,1513,,1254,,1383.5,964.9,1459.6000000000001
05/04/2020,0,1528,,1272,,1400.0,986.4,1475.2
06/04/2020,0,1551,,1292,,1421.5,1005.7,1498.5
07/04/2020,0,1547,1098,1281,,1308.7,962.4,1481.8
08/04/2020,0,1561,1110,1296,,1322.3,979.8,1496.6
09/04/2020,0,1569,1114,1303,,1328.7,985.6,1505.8
10/04/2020,0,1570,1123,1306,,1333.0,990.4,1510.4
11/04/2020,0,1570,1134,1308,,1337.3,999,1514.8
12/04/2020,0,1592,1170,1336,,1366.0,1040.4,1537.6
13/04/2020,0,1600,1176,1350,,1375.3,1046.4,1548.8
14/04/2020,0,1598,1177,1348,,1374.3,1048,1550.4
15/04/2020,0,1601,1180,1347,,1376.0,1043.8,1555.4
16/04/2020,0,1617,1194,1366,,1392.3,1039.2,1571.8
17/04/2020,0,1624,1207,1370,,1400.3,1057,1581.2
18/04/2020,1.7,1629,1214,1364,,1402.3,1069.4,1589.4
19/04/2020,0,1634,1216,1389,,1413.0,1066.6,1597.2
20/04/2020,0,1643,1228,1406,,1425.7,1083.4,1607.4
21/04/2020,0,1663,1246,1422,,1443.7,1106.8,1627
22/04/2020,0,1677,1264,1431,,1457.3,1120.6,1641.4
23/04/2020,0,1690,1288,1439,,1472.3,1141.6,1655.6
24/04/2020,0,1700,1298,1443,,1480.3,1153.4,1666
25/04/2020,0,1706,1307,1445,,1486.0,1163,1675.2
26/04/2020,0,1710,1314,1450,,1491.3,1170.6,1681.6
27/04/2020,0,1714,1329,1424,,1489.0,1177.8,1688.8
28/04/2020,4.6,1707,1329,1359,,1465.0,1165.2,1688.2
29/04/2020,1.6,1700,1329,1363,,1464.0,1154.4,1686.4
30/04/2020,1,1709,,1388,,1548.5,1150.7,1700.6
01/05/2020,3.3,1718,,1396,,1557.0,1158,1714.4
02/05/2020,2.8,1711,,1403,,1557.0,1139.8,1717.3
03/05/2020,0,1713,,1411,,1562.0,1140.8,1729.1
04/05/2020,1.2,1726,,1450,,1588.0,1158.1,1743.5
05/05/2020,0,1739,,1470,,1604.5,1176.7,1755.8
06/05/2020,0,1745,,1479,,1612.0,1182.9,1763.9
07/05/2020,0,1754,,1491,,1622.5,1193.5,1772.9
08/05/2020,0,1766,,1506,,1636.0,1204.3,1782.1
09/05/2020,0,1772,,1518,,1645.0,1226.1,1791.6
10/05/2020,2.2,1799,,1530,,1664.5,1254.9,1814.4
11/05/2020,0.7,1806,,1540,,1673.0,1260,1822.8
12/05/2020,0,1814,,1541,,1677.5,1263.1,1830.8
13/05/2020,0.1,1834,,1562,,1698.0,1280.6,1848.7
14/05/2020,0,1849,,1571,,1710.0,1285.4,1861.6
15/05/2020,0,1859,,1581,,1720.0,1273.7,1870.9
16/05/2020,0,1866,,1591,,1728.5,1286.5,1880.7
17/05/2020,0,1880,,1604,,1742.0,1286.2,1893.3
18/05/2020,0,1896,1544,1618,,1686.0,1329.8,1905
19/05/2020,0,1901,1539,1625,,1688.3,1345.2,1914.2
20/05/2020,0,1915,1543,1637,,1698.3,1353.4,1924.6
21/05/2020,0,1923,1553,1653,,1709.7,1369.4,1932.6
22/05/2020,0.1,1937,1568,1668,,1724.3,1391,1950.2
23/05/2020,0,1946,1579,1668,,1731.0,1406.2,1964
24/05/2020,4.6,1947,1581,1662,,1730.0,1410.6,1972.8
25/05/2020,0,1967,1582,1675,,1741.3,1406.8,1985.6
26/05/2020,0,1990,1596,1697,,1761.0,1417.2,2003.8
27/05/2020,0,2003,1603,1712,,1772.7,1420.6,2014.4
28/05/2020,0,2011,1607,1721,,1779.7,1423.4,2021.2
29/05/2020,0,2031,1615,1739,,1795.0,1430.8,2032.8
30/05/2020,0,2041,1622,1757,,1806.7,1437.8,2042.8
31/05/2020,0,2051,1631,1774,,1818.7,1448,2053.4
01/06/2020,0,2062,1639,1794,,1831.7,1454.2,2062.6
02/06/2020,0,2074,1650,1812,,1845.3,1465.2,2074
03/06/2020,0,2048,1655,1801,,1834.7,1476.8,2068.4
04/06/2020,12.2,1997,1645,1729,,1790.3,1466.2,2047.4
05/06/2020,10.5,2000,1644,1694,,1779.3,1450.8,2052.2
06/06/2020,0.2,2034,1658,1719,,1803.7,1463,2075.4
07/06/2020,0.1,2048,1665,1735,,1816.0,1468.2,2089.4
08/06/2020,0.3,2067,1673,1750,,1830.0,1467.8,2102.4
09/06/2020,0,2075,1671,1751,,1832.3,1462.2,2108.6
10/06/2020,0,2080,1674,1755,,1836.3,1465.8,2114.2
11/06/2020,2.2,2101,1675,1777,,1851.0,1470.4,2125.6
12/06/2020,0,2118,1690,1819,,1875.7,1489,2140.8
13/06/2020,0,2092,1695,1826,,1871.0,1494.6,2122.6
14/06/2020,45.8,2022,1673,1745,,1813.3,1449.2,2052.6
15/06/2020,0,2012,1670,1726,,1802.7,1445.6,2043.2
16/06/2020,1.2,2007,1670,1725,,1800.7,1445,2039.4
17/06/2020,4.6,1994,1671,1713,,1792.7,1449,2033.6
18/06/2020,1.7,2020,1680,1731,,1810.3,1463.4,2051.2
19/06/2020,0,2034,1688,1766,,1829.3,1474.4,2064
20/06/2020,0,2042,1690,1795,,1842.3,1475.2,2069
21/06/2020,0.1,2060,1700,1827,,1862.3,1493,2088.8
22/06/2020,0.4,2075,1701,1846,,1874.0,1492.2,2099.6
23/06/2020,0,2093,1707,1868,,1889.3,1495.8,2111
24/06/2020,0,2109,1712,1890,,1903.7,1499,2119.2
25/06/2020,0,2121,1718,1913,,1917.3,1506.8,2128.8
26/06/2020,0,2133,1726,1936,,1931.7,1520.2,2140.2
27/06/2020,0,2148,1731,1948,,1942.3,1528.2,2152.8
28/06/2020,0.7,2158,1737,1962,,1952.3,1513.2,2161.6
29/06/2020,0,2153,1742,1969,,1954.7,1542.2,2165
30/06/2020,2.9,2093,1742,1943,,1926.0,1529.6,2148.2
01/07/2020,15.5,2094,1742,1911,,1915.7,1520,2155.8
02/07/2020,0,2100,1742,1909,,1917.0,1525.4,2161.8
03/07/2020,0,2081,1738,1903,,1907.3,1520.2,2156
04/07/2020,1.2,2068,1741,1900,,1903.0,1525.6,2156.8
05/07/2020,3.3,2086,1751,1917,,1918.0,1537.4,2171.8
06/07/2020,7.2,2074,1750,1916,,1913.3,1533.4,2170
07/07/2020,3.7,2049,1745,1900,,1898.0,1535,2161.2
08/07/2020,1.1,2024,1743,1883,,1883.3,1527,2153.6
09/07/2020,7.9,2026,1747,1868,,1880.3,1527.4,2159.2
10/07/2020,1.1,2051,1752,1873,,1892.0,1529.4,2174
11/07/2020,0.1,2068,1755,1892,,1905.0,1530,2184.4
12/07/2020,0,2083,1757,1920,,1920.0,1529,2192.2
13/07/2020,0,2059,1756,1921,,1912.0,1535.2,2183.8
14/07/2020,2.5,2067,1761,1924,,1917.3,1546.2,2191.8
15/07/2020,0.1,2064,1761,1926,,1917.0,1530,2194.8
16/07/2020,1.4,2056,1763,1925,,1914.7,1526.6,2196.4
17/07/2020,0,2083,1765,1945,,1931.0,1526.2,2209
18/07/2020,0,2111,1775,1979,,1955.0,1836.2,2245.4
19/07/2020,0,2134,1782,1999,,1971.7,1847.1,2260.7
20/07/2020,0.1,2143,1785,2010,,1979.3,1852.5,2269
21/07/2020,0,2151,1787,2018,,1985.3,1856.3,2274.9
22/07/2020,0,2155,1787,2027,,1989.7,1859,2278.2
23/07/2020,0,2155,1790,2033,,1992.7,1862.9,2284.5
24/07/2020,0.8,2144,1785,2025,,1984.7,1857,2282.6
25/07/2020,1.1,2162,1792,2036,,1996.7,1865.2,2295.7
26/07/2020,2.9,2163,1791,2039,,1997.7,1865.4,2299.5
27/07/2020,0.2,2189,1802,2057,,2016.0,1878.5,2317.1
28/07/2020,0.3,2210,1807,2070,,2029.0,1885.9,2329.7
29/07/2020,0,2220,1807,2076,,2034.3,1887.7,2337.6
30/07/2020,0,2237,1809,2089,,2045.0,1893,2344.8
31/07/2020,0,2248,1822,2110,,2060.0,1908.4,2358.6
01/08/2020,2.6,2253,1824,2116,,2064.3,1911.6,2366.4
02/08/2020,0,2265,1823,2122,,2070.0,1912.7,2375.6
03/08/2020,0,2278,1827,2130,,2078.3,1917.9,2385.8
04/08/2020,0,2295,1825,2141,,2087.0,1919.8,2392.3
05/08/2020,0,2317,1832,2161,,2103.3,1930.7,2406.6
06/08/2020,0,2331,1836,2176,,2114.3,1938,2417.1
07/08/2020,0,2342,1843,2197,,2127.3,1949.2,2428.1
08/08/2020,0,2356,1847,2212,,2138.3,1956.5,2435.1
09/08/2020,0,2367,1850,2227,,2148.0,1963.1,2440.5
10/08/2020,0,2386,1854,2245,,2161.7,1971.3,2451.1
11/08/2020,0,2400,1855,2261,,2172.0,1976.8,2459.5
12/08/2020,0,2400,1859,2280,,2179.7,1985.3,2465.1
13/08/2020,7.7,2388,1842,2286,,2172.0,1975.2,2468.5
14/08/2020,0.1,2405,1841,2293,,2179.7,1976.6,2479.2
15/08/2020,0,2410,1840,2292,,2180.7,1975.6,2484.2
16/08/2020,9.9,2404,1839,2298,,2180.3,1976.7,2488.7
17/08/2020,8.5,2419,1842,2304,,2188.3,1980.6,2497.4
18/08/2020,1,2431,1839,2314,,2194.7,1981.5,2503.1
19/08/2020,0.1,2442,1844,2326,,2204.0,1988.6,2509.9
20/08/2020,0.1,2452,1852,2339,,2214.3,1998.1,2519.2
21/08/2020,1.2,2463,1863,2356,,2227.3,2010.9,2529.5
22/08/2020,0.4,2466,1866,2365,,2232.3,2015.7,2535.3
23/08/2020,2,2462,1870,2372,,2234.7,2020.6,2539
24/08/2020,1.5,2456,1860,2371,,2229.0,2013.3,2535.1
25/08/2020,1.5,2457,1871,2380,,2236.0,2023.7,2545.9
26/08/2020,5.9,2462,1862,2363,,2229.0,2012.3,2547.4
27/08/2020,0.1,2472,1861,2376,,2236.3,2015.5,2549.7
28/08/2020,0.4,2476,1869,2387,,2244.0,2024.4,2557.2
29/08/2020,0,2481,1876,2392,,2249.7,2030.8,2566.4
30/08/2020,0,2488,1879,2393,,2253.3,2033.2,2572.7
31/08/2020,0.6,2498,1879,2401,,2259.3,2035.6,2575.7
01/09/2020,0,2506,1881,2405,,2264.0,2038.2,2579.5
02/09/2020,0,2487,1878,2407,,2257.3,2036.7,2575.2
03/09/2020,7.3,2496,1894,2406,,2265.3,2047.6,2582.8
04/09/2020,3,2509,1910,2419,,2279.3,2062.7,2591.6
05/09/2020,3.5,2512,1910,2423,,2281.7,2063.9,2594.6
06/09/2020,0.1,2518,1902,2425,,2281.7,2058.9,2597.1
07/09/2020,0,2517,,2428,,2472.5,2445.8,2610.6
08/09/2020,0,2507,,2422,,2464.5,2439,2611
09/09/2020,0.3,2511,,2420,,2465.5,2438.2,2615
10/09/2020,0.1,2517,,2434,,2475.5,2450.6,2620.2
11/09/2020,0,2521,,2442,,2481.5,2457.8,2625
12/09/2020,0,2527,,2446,,2486.5,2462.2,2627
13/09/2020,0,2535,,2456,,2495.5,2471.8,2632.6
14/09/2020,0,2544,,2465,,2504.5,2480.8,2638.4
15/09/2020,0,2554,,2484,,2519.0,2498,2648.4
16/09/2020,0,2572,,2488,,2530.0,2504.8,2652.8
17/09/2020,0,2560,,2494,,2527.0,2507.2,2652
18/09/2020,0,2566,,2509,,2537.5,2520.4,2658
19/09/2020,0,2575,1943,2525,,2347.7,2117.6,2654.1
20/09/2020,0,2579,1947,2536,,2354.0,2123.7,2659.5
21/09/2020,0,2580,1948,2546,,2358.0,2127.4,2662.6
22/09/2020,0,2575,1938,2550,,2354.3,2121.6,2661.8
23/09/2020,1.9,2573,1938,2554,,2355.0,2122.8,2662.6
24/09/2020,3.9,2566,1928,2554,,2349.3,2115.8,2659.8
25/09/2020,1.4,2562,1963,2569,,2364.7,2142.7,2675.4
26/09/2020,24,2499,1950,2555,,2334.7,2114.7,2669.8
27/09/2020,1.9,2493,1922,2533,,2316.0,2093.3,2659.7
28/09/2020,0.1,2477,1922,2512,,2303.7,2088.5,2656.9
29/09/2020,3.5,2470,1904,2489,,2287.7,2073.8,2649.3
30/09/2020,0,2464,1898,2484,,2282.0,2067.8,2649.2
01/10/2020,0.7,2463,1900,2479,,2280.7,2068.9,2649.1
02/10/2020,0,2458,1899,2480,,2279.0,2066.7,2652.2
03/10/2020,3,2445,1882,2461,,2262.7,2050.9,2642.3
04/10/2020,0.6,2453,1888,2464,,2268.3,2057.5,2648.1
05/10/2020,1.7,2447,1896,2462,,2268.3,2061.3,2652.4
06/10/2020,2.2,2451,1913,2464,,2276.0,2074.4,2660.7
07/10/2020,3.5,2435,1899,2449,,2261.0,2059.8,2654.1
08/10/2020,10.7,2423,1898,2441,,2254.0,2055.5,2651.7000000000003
09/10/2020,0.3,2420,1894,2440,,2251.3,2051.8,2652.1
10/10/2020,15.3,2393,1884,2436,,2237.7,2036.7,2646
11/10/2020,1.8,2383,1857,2419,,2219.7,2014.8,2638.1
12/10/2020,0,2368,1829,2395,,2197.3,1990.7,2624.6
13/10/2020,0,2373,1833,2389,,2198.3,1995,2631.2000000000003
14/10/2020,0,2370,1819,2375,,2188.0,1984.3,2629.1
15/10/2020,0,2364,1806,2361,,2177.0,1972.5,2626.5
16/10/2020,0,2356,1787,2352,,2165.0,1956.5,2624.1
17/10/2020,0,2343,1782,2340,,2155.0,1949.4,2621.6
18/10/2020,0.1,2332,1763,2323,,2139.3,1931,2616.9
19/10/2020,0.1,2321,1746,2312,,2126.3,1915.8,2610.8
20/10/2020,0.8,2312,1741,2304,,2119.0,1909.9,2609.5
21/10/2020,7.1,2320,1747,2307,,2124.7,1915,2616.8
22/10/2020,2.3,2309,1742,2301,,2117.3,1909.7,2615.6
23/10/2020,0,2297,1723,2286,,2102.0,1891.9,2609.9
24/10/2020,0.2,2289,1717,2280,,2095.3,1885.9,2609.6
25/10/2020,1.6,2282,1715,2276,,2091.0,1883.3,2609.6
26/10/2020,0.3,2276,1707,2270,,2084.3,1875.9,2608.5
27/10/2020,1.6,2271,1708,2269,,2082.7,1876.3,2610.5
28/10/2020,8.4,2257,1709,2266,,2077.3,1873.4,2611.1
29/10/2020,10.2,2240,1706,2260,,2068.7,1866.2,2605.1
30/10/2020,0.8,2222,1686,2248,,2052.0,1846.8,2593.8
31/10/2020,1.1,2209,1673,2240,,2040.7,1833.8,2586.5
01/11/2020,2.4,2194,1667,2234,,2031.7,1825.1,2583.3
02/11/2020,5.5,2181,1662,2227,,2023.3,1817.7,2580.5
03/11/2020,0,2170,1659,2223,,2017.3,1812.3,2579.3
04/11/2020,0,2158,1646,2212,,2005.3,1799.6,2572.5
05/11/2020,0,2137,1629,2195,,1987.0,1781.4,2561.1
06/11/2020,0,2121,1618,2181,,1973.3,1768.9,2554.1
07/11/2020,0,2108,1608,2167,,1961.0,1758,2546.4
08/11/2020,0,2097,1600,2150,,1949.0,1749.1,2538.5
09/11/2020,0,2087,1594,2131,,1937.3,1741.9,2532.1
10/11/2020,0,2073,1582,2112,,1922.3,1729.3,2524.3
11/11/2020,0,2061,1569,2092,,1907.3,1716.6,2516.2000000000003
12/11/2020,2.4,2052,1563,2076,,1897.0,1709.7,2510.7000000000003
13/11/2020,0.3,2042,1554,2060,,1885.3,1700.4,2503.1
14/11/2020,0.7,2023,1534,2038,,1865.0,1680.7,2493
15/11/2020,5.3,2019,1547,2037,,1867.7,1688.6,2498.3
16/11/2020,0.2,1963,1537,2023,,1841.0,1664.8,2495.5
17/11/2020,1.5,1860,1518,2007,,1795.0,1620.6,2488.6000000000004
18/11/2020,0.3,1832,1528,2005,,1788.3,1619.2,2493.6000000000004
19/11/2020,1.6,1810,1508,1986,,1768.0,1598.6,2486.5
20/11/2020,0,1785,1481,1962,,1742.7,1572.2,2474.4
21/11/2020,0.1,1775,1479,1950,,1734.7,1567.8,2474.3
22/11/2020,0.9,1762,1467,1935,,1721.3,1555.5,2468.4
23/11/2020,0,1741,1443,1911,,1698.3,1532.4,2457
24/11/2020,0,1747,1432,1895,,1691.3,1526.5,2452.2000000000003
25/11/2020,0,1749,1429,1883,,1687.0,1525,2450.7000000000003
26/11/2020,4,1738,1416,1866,,1673.3,1512.6,2444.2000000000003
27/11/2020,0.8,1730,1399,1847,,1658.7,1498.3,2437.8
28/11/2020,0,1730,1397,1832,,1653.0,1496.9,2434
29/11/2020,0,1718,1380,1811,,1636.3,1481.4,2427
30/11/2020,7.9,1696,1382,1803,,1627.0,1476.2,2429.5
01/12/2020,3.4,1662,1345,1775,,1594.0,1440.1,2413.4
02/12/2020,0.8,1624,1299,1739,,1554.0,1396.5,2393.5
03/12/2020,2.1,1607,1273,1724,,1534.7,1373.2,2385.5
04/12/2020,1.4,1615,1278,1722,,1538.3,1379.1,2390.5
05/12/2020,0,1610,1272,1709,,1530.3,1373.4,2388.7000000000003
06/12/2020,2.7,1577,1238,1684,,1499.7,1339.7,2375.6000000000004
07/12/2020,8.8,1540,1185,1650,,1458.3,1291.5,2359.1000000000004
08/12/2020,0,1529,1145,1610,,1428.0,1260.2,2340.1000000000004
09/12/2020,0,1518,1120,1577,,1405.0,1239.4,2322.5
10/12/2020,0,1501,1092,1547,,1380.0,1214.7,2302.3
11/12/2020,0.6,1515,1109,1546,,1390.0,1230.8,2299.9
12/12/2020,0.3,1516,1124,1535,,1391.7,1241.6,2289.6000000000004
13/12/2020,0.3,1499,,1514,,1506.5,1502,2383.6
14/12/2020,4.2,1460,,1500,,1480.0,1468,2380
15/12/2020,4.9,1422,,1463,,1442.5,1430.2,2363
16/12/2020,0,1414,,1447,,1430.5,1420.6,2354.2
17/12/2020,1.8,1397,,1430,,1413.5,1403.6,2341.2
18/12/2020,0,1401,,1429,,1415.0,1406.6,2334.6
19/12/2020,0,1421,,1442,,1431.5,1425.2,2330.8
20/12/2020,0,1411,,1436,,1423.5,1416,2320
21/12/2020,10.7,1299,,1338,,1318.5,1306.8,2297.2
22/12/2020,7.8,1216,,1226,,1221.0,1218,2258
23/12/2020,16.1,1131,,1133,,1132.0,1131.4,2217
24/12/2020,5,1156,,1176,,1166.0,1160,2188
25/12/2020,0,1186,,1211,,1198.5,1191,2147.8
26/12/2020,0.5,1114,,1132,,1123.0,1117.6,2086.4
27/12/2020,19.2,1011,567,1027,,868.3,700.2,1909.0000000000002
28/12/2020,2.3,1047,625,1108,,926.7,751.6,1903.2000000000003
29/12/2020,0.6,1098,685,1172,,985.0,808.9,1892.3000000000002
30/12/2020,0.2,1138,721,1204,,1021.0,846.1,1877.4
31/12/2020,0.3,1177,759,1243,,1059.7,884.4,1874.4
01/01/2021,0.2,1207,788,1271,,1088.7,913.7,1868.8000000000002
02/01/2021,0.3,1232,817,1294,,1114.3,941.5,1867.3000000000002
03/01/2021,1.1,1224,788,1250,,1087.3,918.8,1845.0000000000002
04/01/2021,2.5,1224,790,1252,,1088.7,920.2,1837.9
05/01/2021,0.2,1254,823,1283,,1120.0,952.3,1843.7
06/01/2021,0.4,1275,822,1276,,1124.3,957.9000000000001,1835.3000000000002
07/01/2021,1.6,1284,800,1263,,1115.7,938.9000000000001,1834.9
08/01/2021,0.3,1308,840,1298,,1148.7,977.4000000000001,1842.1000000000001
09/01/2021,0.3,1316,848,1307,,1157.0,985.7,1838.2
10/01/2021,0.1,1310,827,1290,,1142.3,965.9000000000001,1828.7
11/01/2021,1.2,1208,686,1161,,1018.3,828.5,1796.7000000000003
12/01/2021,9.7,1194,712,1154,,1020.0,844.6,1789.0000000000002
13/01/2021,1,1241,756,1193,,1063.3,887.1,1792.6000000000001
14/01/2021,0,1289,810,1240,,1113.0,939,1805.6000000000001
15/01/2021,0,1297,805,1247,,1116.3,937.6,1794
16/01/2021,0.6,1305,825,1256,,1128.7,954.3,1788.7
17/01/2021,0.7,1299,795,1247,,1113.7,930.6,1782
18/01/2021,0.4,1199,635,1118,,984.0,779.9000000000001,1736.6000000000001
19/01/2021,11.7,1122,549,1035,,902.0,694.8,1695.3000000000002
20/01/2021,0.1,1161,591,1072,,941.3,735.3,1693.0000000000002
21/01/2021,9.3,1089,519,1010,,872.7,666.3,1658.8000000000002
22/01/2021,5.3,1138,591,1081,,936.7,738,1644.8000000000002
23/01/2021,0.1,1135,651,1122,,969.3,792.3,1624.3000000000002
24/01/2021,2.7,1174,696,1161,,1010.3,835.5,1620.6000000000001
25/01/2021,2.6,1187,664,1142,,997.7,807.4000000000001,1616.8000000000002
26/01/2021,1.3,1187,636,1113,,978.7,779.1,1599.3000000000002
27/01/2021,3.1,1120,537,1025,,894.0,683.4000000000001,1561.7
28/01/2021,7.5,1016,465,947,,809.3,609.6,1506
29/01/2021,10.9,1045,521,998,,854.7,664.1,1469.9
30/01/2021,0,1118,600,1080,,932.7,744,1454
31/01/2021,0,1168,644,1123,,978.3,787.7,1446.6000000000001
01/02/2021,0.2,1177,629,1112,,972.7,773.9000000000001,1436.7
02/02/2021,3.7,1112,532,1040,,894.7,684.4000000000001,1407.4
03/02/2021,11,1057,506,1017,,860.0,659.3,1379.7
04/02/2021,0.1,1112,585,1076,,924.3,732.3,1368.2
05/02/2021,0,1157,633,1111,,967.0,776.4000000000001,1360.7
06/02/2021,1.8,1143,650,1083,,958.7,779.9,1339.7
07/02/2021,5.2,1118,664,1071,,951.0,786.1,1330.1000000000001
08/02/2021,1.2,1129,690,1146,,988.3,821.7,1339.2
09/02/2021,0,1178,724,1174,,1025.3,859,1353
10/02/2021,0,1216,746,1193,,1051.7,880.1,1376.3
11/02/2021,0,1238,762,1202,,1067.3,894,1382.2
12/02/2021,0,1261,783,1211,,1085.0,911.4,1394
13/02/2021,0,1264,782,1210,,1085.3,910.4,1386.5
14/02/2021,0,1254,760,1178,,1064.0,885.4,1374.4
15/02/2021,1.5,1108,461,952,,840.3,608.3,1323.6000000000001
16/02/2021,1.1,986,457,877,,773.3,583,1253.4
17/02/2021,0.2,988,514,969,,823.7,650.5,1200.1000000000001
18/02/2021,6.9,987,521,986,,831.3,660.5,1171.1000000000001
19/02/2021,0,1047,593,1045,,895.0,728.6,1163.2
20/02/2021,0,1118,657,1092,,955.7,787.5,1178.2
21/02/2021,0,1174,710,1129,,1004.3,835.7,1202.7
22/02/2021,0,1218,748,1156,,1040.7,870.4,1231.3
23/02/2021,0,1246,769,1164,,1059.7,887.5,1247.4
24/02/2021,0,1272,801,1168,,1080.3,911.1,1270.2
25/02/2021,5.4,1236,771,1136,,1047.7,880.5,1275.9
26/02/2021,0,1271,816,1172,,1086.3,922.8,1294.8
27/02/2021,0,1288,830,1180,,1099.3,935,1301.3
28/02/2021,0,1305,842,1188,,1111.7,945.8,1307.1
01/03/2021,0,1320,858,1198,,1125.3,960,1319.1
02/03/2021,0,1335,881,1202,,1139.3,977.3,1333.2
03/03/2021,0,1345,894,1202,,1147.0,986.4,1342.6
04/03/2021,0.3,1372,922,1222,,1172.0,1012,1368.4
05/03/2021,0,1388,929,1225,,1180.7,1017.8,1383.8
06/03/2021,0,1395,935,1218,,1182.7,1019.9,1389.6
07/03/2021,0,1401,940,1219,,1186.7,1023.7,1396.2
08/03/2021,1,1376,916,1170,,1154.0,992.2,1387.2
09/03/2021,2.2,1350,885,1168,,1134.3,969.9,1378.7
10/03/2021,1.9,1296,832,1106,,1078.0,914.2,1352.7
11/03/2021,4.7,1298,826,1142,,1088.7,920.8,1368.7
12/03/2021,7,1212,707,1045,,988.0,808.4,1323.3
13/03/2021,10.4,1150,694,1056,,966.7,802.6,1277.4
14/03/2021,3.3,1137,715,1029,,960.3,809.2,1244.8
15/03/2021,3.7,1169,772,1072,,1004.3,862,1230.6
16/03/2021,0.9,1189,812,1095,,1032.0,896.9,1224
17/03/2021,0.8,1210,822,1107,,1046.3,907.5,1220.5
18/03/2021,3.5,1232,838,1116,,1062.0,921.4,1230.8
19/03/2021,0,1264,865,1147,,1092.0,949.6,1255
20/03/2021,0.2,1289,893,1161,,1114.3,973.4,1274.3
21/03/2021,0.1,1315,910,1175,,1133.3,989.5,1297
22/03/2021,0.1,1335,918,1179,,1144.0,996.3,1314.6
23/03/2021,0,1351,929,1187,,1155.7,1006.4,1329.4
24/03/2021,0,1369,943,1199,,1170.3,1019.8,1346.2
25/03/2021,0,1379,941,1196,,1172.0,1017.5,1353.8
26/03/2021,0.1,1389,967,1193,,1183.0,1034.8,1368
27/03/2021,2.9,1378,963,1195,,1178.7,1032.6,1365.7
28/03/2021,0.1,1405,978,1221,,1201.3,1050.9,1390
29/03/2021,0,1423,985,1234,,1214.0,1059.7,1407.4
30/03/2021,0,1432,991,1231,,1218.0,1063,1416.4
31/03/2021,0,1456,1016,1252,,1241.3,1086.8,1440.4
01/04/2021,0,1475,1037,1264,,1258.7,1105.1,1461.2
02/04/2021,0,1484,1050,1273,,1269.0,1116.9,1472.6
03/04/2021,0,1481,1044,1263,,1262.7,1109.7,1472.6
04/04/2021,0,1473,1057,1242,,1257.3,1112.5,1468.8
05/04/2021,5.3,1441,1060,1186,,1229.0,1097.8,1466.9
06/04/2021,3.5,1367,1039,1157,,1187.7,1074.4,1457.3
07/04/2021,3.9,1330,999,1152,,1160.3,1044.9,1449.7
08/04/2021,0,1344,992,1177,,1171.0,1047.5,1451.8
09/04/2021,0,1366,1005,1157,,1176.0,1050.6,1464
10/04/2021,11,1245,910,1053,,1069.3,952.9,1434
11/04/2021,1.1,1270,924,1114,,1102.7,981,1447.1000000000001
12/04/2021,0.5,1308,954,1141,,1134.3,1010.1,1460.6000000000001
13/04/2021,0,1337,976,1162,,1158.3,1031.8,1469.3
14/04/2021,0,1363,998,1189,,1183.3,1055.3,1479.9
15/04/2021,0,1386,1022,1211,,1206.3,1078.7,1489.6
16/04/2021,0,1409,1040,1228,,1225.7,1096.4,1499.3
17/04/2021,0,1431,1054,1242,,1242.3,1110.4,1509.4
18/04/2021,0,1442,1053,1232,,1242.3,1106.7,1513.4
19/04/2021,1.8,1450,1059,1239,,1249.3,1113,1520
20/04/2021,1.8,1475,1082,1242,,1266.3,1130,1535.9
21/04/2021,0,1499,1095,1282,,1292.0,1151.1,1552.9
22/04/2021,0,1509,1101,1296,,1302.0,1159.5,1562.2
23/04/2021,0,1519,1110,1306,,1311.7,1168.8,1570.1
24/04/2021,0,1529,1121,1318,,1322.7,1180.1,1579.4
25/04/2021,0,1527,1122,1316,,1321.7,1180.2,1580.9
26/04/2021,0,1527,1117,1319,,1321.0,1177.6,1581.6
27/04/2021,0,1538,1132,1334,,1334.7,1192.6,1591.2
28/04/2021,1.7,1556,1159,1299,,1338.0,1201,1609.9
29/04/2021,2.2,1557,1161,1282,,1333.3,1197.3,1618.6
30/04/2021,3.4,1553,1168,1285,,1335.3,1203.1,1625.8
01/05/2021,0,1568,1187,1331,,1362.0,1230.2,1642.9
02/05/2021,0.4,1559,1168,1331,,1352.7,1216.9,1637.4
03/05/2021,0,1535,1155,1254,,1314.7,1184.7,1625.3
04/05/2021,6.8,1550,1196,1269,,1338.3,1217.9,1653.6
05/05/2021,1.7,1530,1191,1262,,1327.7,1212.3,1652.5
06/05/2021,6.3,1542,1209,1297,,1349.3,1235.4,1668.7
07/05/2021,0,1531,1187,1303,,1340.3,1221.8,1661.9
08/05/2021,1,1529,1187,1301,,1339.0,1221.2,1664.1000000000001
09/05/2021,0,1557,1205,1345,,1369.0,1247,1682.3
10/05/2021,0,1574,1224,1361,,1386.3,949.2,1680.8
11/05/2021,1.4,1580,1233,1353,,1388.7,1053.6,1691
12/05/2021,7.7,1548,1197,1241,,1328.7,1018.8,1680.6
13/05/2021,0,1553,1211,1266,,1343.3,1029.2,1687.4
14/05/2021,0.3,1551,1187,1276,,1338.0,1055,1687.8
15/05/2021,4.9,1537,1090,1221,,1282.7,1000.6,1683.4
16/05/2021,5.8,1475,1074,1148,,1232.3,793.8,1665.8
17/05/2021,5.9,1390,984,1096,,1156.7,670.2,1634.8
18/05/2021,17.4,1320,909,1122,,1117.0,679.8,1592.4
19/05/2021,0.6,1314,922,1158,,1131.3,712.6,1582.2
20/05/2021,0,1321,927,1166,,1138.0,757.2,1570.6
21/05/2021,4.6,1321,951,1187,,1153.0,753.6,1571.2
22/05/2021,4.4,1309,964,1191,,1154.7,769.6,1573.6000000000001
23/05/2021,0.4,1337,978,1205,,1173.3,807.6,1580
24/05/2021,2.7,1355,1016,1199,,1190.0,864.2,1594.4
25/05/2021,2.5,1340,1003,1180,,1174.3,861.4,1592
26/05/2021,8.8,1267,880,1058,,1068.3,698.8,1561.6000000000001
27/05/2021,8.5,1222,835,1087,,1048.0,698.8,1527.4
28/05/2021,0,1270,893,1160,,1107.7,783.8,1535.8
29/05/2021,0,1323,935,1211,,1156.3,800.6,1549.8
30/05/2021,0,1364,964,1255,,1194.3,805.6,1562.6
31/05/2021,0,1406,998,1301,,1235.0,842,1576.4
01/06/2021,0,1446,1039,1347,,1277.3,866.8,1596.6
02/06/2021,0,1481,1080,1380,,1313.7,898.2,1623.2
03/06/2021,0.4,1499,1109,1378,,1328.7,912.8,1641.2
04/06/2021,0.4,1509,1134,1379,,1340.7,951.6,1656
05/06/2021,0.9,1521,1144,1382,,1349.0,994,1668.6
06/06/2021,0,1551,1167,1408,,1375.3,1018.8,1687.2
07/06/2021,0,1578,1188,1437,,1401.0,1035,1705.2
08/06/2021,0,1605,1211,1461,,1425.7,1050.2,1723.8
09/06/2021,0,1632,1235,1484,,1450.3,1061.6,1741.2
10/06/2021,0,1656,1259,1508,,1474.3,1091.6,1758
11/06/2021,0,1680,1284,1530,,1498.0,1116.6,1777.8
12/06/2021,0,1700,1295,1546,,1513.7,1137.8,1792.4
13/06/2021,0,1720,1311,1565,,1532.0,1156.2,1805.2
14/06/2021,0,1744,1336,1588,,1556.0,1157.8,1823.8
15/06/2021,0,1764,1344,1606,,1571.3,1168.8,1834.8
16/06/2021,0,1794,1370,1636,,1600.0,1195.4,1854
17/06/2021,0,1814,1391,1660,,1621.7,1227.2,1872.2
18/06/2021,1.2,1832,1412,1679,,1641.0,1232.6,1889.6
19/06/2021,5.4,1811,1425,1669,,1635.0,1248,1884.2
20/06/2021,1.6,1533,1259,1337,,1376.3,927.2,1742.4
21/06/2021,46.4,1388,1151,1224,,1254.3,839.6,1662.2
22/06/2021,1.2,1396,1173,1287,,1285.3,883.2,1661.8
23/06/2021,0,1420,1192,1340,,1317.3,911.2,1669
24/06/2021,0,1454,1207,1393,,1351.3,941.2,1684.4
25/06/2021,0,1492,1234,1447,,1391.0,959.8,1707.4
26/06/2021,0,1522,1260,1488,,1423.3,981,1725.4
27/06/2021,1.5,1536,1274,1505,,1438.3,1000.4,1740.6
28/06/2021,5.1,1521,1239,1476,,1412.0,998.4,1740
29/06/2021,6.4,1501,1231,1478,,1403.3,994,1737.4
30/06/2021,0.9,1482,1210,1456,,1382.7,998.2,1735.2
01/07/2021,6,1485,1177,1454,,1372.0,979.6,1737.6000000000001
02/07/2021,0,1506,1190,1509,,1401.7,975.2,1750.2
03/07/2021,2.5,1502,1186,1460,,1382.7,959.8,1730.6
04/07/2021,31,1433,1108,1254,,1265.0,812.2,1647.2
05/07/2021,7.1,1411,1085,1274,,1256.7,813.2,1613.8
06/07/2021,0.5,1457,1134,1363,,1318.0,847.8,1626.2
07/07/2021,0,1481,1179,1426,,1362.0,872.4,1637
08/07/2021,0,1496,1203,1448,,1382.3,863.4,1643
09/07/2021,1.5,1501,1224,1476,,1400.3,840.6,1644.4
10/07/2021,0.1,1309,1232,1455,,1332.0,714.8,1632
11/07/2021,6.5,1227,1231,1480,,1312.7,734.4000000000001,1646.2
12/07/2021,0,1193,1233,1449,,1291.7,717.2,1642.8
13/07/2021,6.3,1189,1223,1411,,1274.3,704.8,1635.4
14/07/2021,2.7,1023,1180,1257,,1153.3,546,1575
15/07/2021,15.3,946,1124,1209,,1093.0,476.8,1548.6000000000001
16/07/2021,0,1018,1149,1282,,1149.7,595,1573.6000000000001
17/07/2021,0,1096,1186,1351,,1211.0,689.8,1594
18/07/2021,0,1167,1213,1400,,1260.0,749.4000000000001,1611.2
19/07/2021,0,1241,1236,1436,,1304.3,793.2,1628.6
20/07/2021,0,1299,1258,1460,,1339.0,820,1643
21/07/2021,0,1352,1287,1482,,1373.7,861,1657.8
22/07/2021,0,1392,1298,1495,,1395.0,874.4000000000001,1666.6
23/07/2021,0,1415,1292,1507,,1404.7,884,1673.2
24/07/2021,0.4,1397,1086,1527,,1336.7,1179.3,1713.9
25/07/2021,0,1425,1117,1552,,1364.7,1209.4,1731.9
26/07/2021,0,1454,1147,1574,,1391.7,1239.1,1748.3
27/07/2021,2.5,1449,1169,1532,,1383.3,1253,1744.1000000000001
28/07/2021,0.1,1486,1204,1574,,1421.3,1288.6,1767.9
29/07/2021,0.2,1518,1227,1601,,1448.7,1314.3,1783.7
30/07/2021,2.8,1523,1246,1601,,1456.7,1329.1,1796.3
31/07/2021,3.2,1524,1244,1570,,1446.0,1328,1799.6000000000001
01/08/2021,4.2,1537,1259,1599,,1465.0,1342.4,1821.6000000000001
02/08/2021,0.1,1550,1262,1617,,1476.3,1348.4,1835.4
03/08/2021,0,1572,1275,1635,,1494.0,1364.1,1850.6000000000001
04/08/2021,0,1581,1281,1646,,1502.7,1371,1858.8
05/08/2021,0.1,1590,1287,1656,,1511.0,1377.9,1865.3
06/08/2021,3.5,1607,1303,1673,,1527.7,1394.2,1880.9
07/08/2021,2.5,1610,1317,1677,,1534.7,1404.9,1893.3
08/08/2021,5.4,1614,1332,1690,,1545.3,1416.6,1908.4
09/08/2021,0.1,1627,1346,1706,,1559.7,1430.3,1923.7
10/08/2021,0,1646,1356,1707,,1569.7,1443,1933.1000000000001
11/08/2021,0,1667,1370,,,1518.5,1429.4,1967.8
12/08/2021,0,1686,1389,,,1537.5,1448.4,1983.6
13/08/2021,0,1704,1398,,,1551.0,1459.2,1995.2
14/08/2021,0,1717,1410,,,1563.5,1471.4,2002.6
15/08/2021,0,1733,1432,,,1582.5,1492.2,2019.4
16/08/2021,0.8,1737,1431,,,1584.0,1492.2,2025.8
17/08/2021,6,1724,1431,,,1577.5,1489.6,2030.4
18/08/2021,0.4,1720,1431,,,1575.5,1488.8,2033.6
19/08/2021,0.4,1734,1431,,,1582.5,1491.6,2043.6
20/08/2021,0.3,1750,1435,,,1592.5,1498,2054
21/08/2021,1.2,1744,1446,,,1595.0,1505.6,2061.6
22/08/2021,2.3,1772,1463,,,1617.5,1524.8,2079.2
23/08/2021,0,1794,1472,,,1633.0,1536.4,2092.4
24/08/2021,0,1801,1484,,,1642.5,1547.4,2100.2
25/08/2021,0.1,1801,1498,,,1649.5,1558.6,2108.2
26/08/2021,0.6,1814,1509,,,1661.5,1570,2120.4
27/08/2021,6.1,1822,1508,,,1665.0,1570.8,2126
28/08/2021,0.8,1830,1509,,,1669.5,1573.2,2131.6
29/08/2021,2.1,1839,1506,,,1672.5,1572.6,2134.2
30/08/2021,1.4,1845,1517,,,1681.0,1582.6,2142.6
31/08/2021,0,,1514,,,1514.0,1584.6,2149.4
01/09/2021,0,,1516,,,1516.0,1586.8,2153.2
02/09/2021,0,,1523,,,1523.0,1593.9,2161.1
03/09/2021,0,,1530,,,1530.0,1600.7,2166.3
04/09/2021,0,,1539,,,1539.0,1609.7,2175.3
05/09/2021,0,,1548,,,1548.0,1618.8,2185.2
06/09/2021,0,,1552,,,1552.0,1622.9,2190.1
07/09/2021,0,1904,1555,,,1729.5,1624.8,2193.6
08/09/2021,0,1903,1564,,,1733.5,1631.8,2199.8
09/09/2021,0.4,1899,1566,,,1732.5,1632.6,2207
10/09/2021,6.7,1886,1570,,,1728.0,1633.2,2212.4
11/09/2021,4.6,1888,1576,,,1732.0,1638.4,2220.8
12/09/2021,0.1,1891,1578,,,1734.5,1640.6,2227
13/09/2021,0,1889,1573,,,1731.0,1636.2,2229
14/09/2021,0,1853,1586,,,1719.5,1639.4,2230.6
15/09/2021,10.4,1845,1589,,,1717.0,1640.2,2234.6
16/09/2021,0.8,1834,1585,,,1709.5,1634.8,2233.2
17/09/2021,0,1831,1584,,,1707.5,1633.4,2236.6
18/09/2021,0,1835,1581,,,1708.0,1631.8,2237.4
19/09/2021,0,1858,1596,,,1727.0,1648.4,2251.6
20/09/2021,0,1878,1608,,,1743.0,1662,2262.8
21/09/2021,0,1876,1609,,,1742.5,1662.4,2265.6
22/09/2021,0,1871,1615,,,1743.0,1666.2,2267
23/09/2021,0.1,1871,1614,,,1742.5,1665.4,2271
24/09/2021,0,1870,1613,,,1741.5,1664.4,2274
25/09/2021,0,1871,1612,,,1741.5,1663.8,2277.4
26/09/2021,0,1876,,,,1876.0,1926.6,2331.4
27/09/2021,2.5,1884,1614,,,1749.0,1668,2288
28/09/2021,0,1852,1625,,,1738.5,1670.4,2287.2
29/09/2021,13.3,1842,1628,,,1735.0,1670.8,2288.4
30/09/2021,0.1,1835,1621,,,1728.0,1663.8,2284.6
01/10/2021,3.4,1806,1615,,,1710.5,1653.2,2276.4
02/10/2021,2.9,1770,1625,,,1697.5,1654,2274
03/10/2021,13.7,1743,1614,,,1678.5,1639.8,2270.2
04/10/2021,0,1719,1601,,,1660.0,1624.6,2257.4
05/10/2021,3.1,1698,1612,,,1655.0,1629.2,2265.2
06/10/2021,2.9,1678,1599,,,1638.5,1614.8,2268.4
07/10/2021,0,1672,1582,,,1627.0,1600,2270.4
08/10/2021,0,1670,1564,,,1617.0,1585.2,2269.2
09/10/2021,0,1659,1556,,,1607.5,1576.6,2268.6
10/10/2021,0.3,1656,1549,,,1602.5,1570.4,2273.6
11/10/2021,0.3,1652,1540,,,1596.0,1562.4,2276
12/10/2021,1.8,1656,1527,,,1591.5,1552.8,2279.2
13/10/2021,0,1644,1507,,,1575.5,1534.4,2276
14/10/2021,0.1,1651,1504,,,1577.5,1533.4,2282.2
15/10/2021,2.3,1649,1482,,,1565.5,1515.4,2281.8
16/10/2021,0,1654,1472,,,1563.0,1508.4,2284.4
17/10/2021,0,1657,1462,,,1559.5,1501,2285
18/10/2021,0,1645,1451,2010,,1702.0,1509.2,2313.1
19/10/2021,2.1,1634,1438,2011,,1694.3,1496.8,2311.3
20/10/2021,4.8,1635,1423,2018,,1692.0,1486.6,2321.1
21/10/2021,19.3,1619,1359,2004,,1660.7,1437,2320.4
22/10/2021,3.6,1587,1304,1965,,1618.7,1388.9,2308
23/10/2021,0,1565,1261,1937,,1587.7,1352.2,2293.3
24/10/2021,0,1554,1235,1926,,1571.7,1330.7,2288.6
25/10/2021,0,1552,1222,1926,,1566.7,1321,2292.1
26/10/2021,0.1,1555,1208,1926,,1563.0,1312.1,2293.5
27/10/2021,0,1548,1190,1920,,1552.7,1297.4,2287.5
28/10/2021,0,1544,1176,1922,,1547.3,1286.4,2282.5
29/10/2021,1,1522,1174,1921,,1539.0,1278.4,2284.3
30/10/2021,5.5,1473,1165,1913,,1517.0,1257.4,2282.6
31/10/2021,14.9,1337,1122,1873,,1444.0,1186.5,2261.5
01/11/2021,0,1313,1095,1833,,1413.7,1160.4,2240.4
02/11/2021,2.7,1327,1085,1808,,1406.7,1157.6,2228.7000000000003
03/11/2021,0,1382,1082,1788,,1417.3,1172,2219.9
04/11/2021,0,1420,1100,1774,,1431.3,1196,2216.4
05/11/2021,0,1420,1084,1753,,1419.0,1184.8,2202.4
06/11/2021,0.2,1419,1089,1742,,1416.7,1188,2198.4
07/11/2021,1.3,1432,1064,1729,,1408.3,1174.4,2191
08/11/2021,0.1,1436,1051,,,1243.5,1128,2193.6
09/11/2021,0,1446,1058,,,1252.0,1135.6,2192.4
10/11/2021,0,1452,1068,,,1260.0,1144.8,2189.6
11/11/2021,0,1444,1061,,,1252.5,1137.6,2184
12/11/2021,0,1440,1073,,,1256.5,1146.4,2179.2
13/11/2021,1.9,1451,1089,,,1270.0,1161.4,2178.2
14/11/2021,0,1454,1093,,,1273.5,1129.1,1417.9
15/11/2021,0,1454,1093,,,1273.5,1129.1,1417.9
16/11/2021,0.2,1457,1101,,,1279.0,1136.6,1421.4
17/11/2021,0.5,1468,1113,,,1290.5,1148.5,1432.5
18/11/2021,0,1476,1120,,,1298.0,1155.6,1440.4
19/11/2021,0,1466,1107,,,1286.5,1142.9,1430.1
20/11/2021,0.5,1455,1109,,,1282.0,1143.6,1420.4
21/11/2021,2.1,1484,1131,,,1307.5,1166.3,1448.7
22/11/2021,0,1500,1130,,,1315.0,1167,1463
23/11/2021,0.4,1482,1107,,,1294.5,1144.5,1444.5
24/11/2021,0.3,1472,1103,,,1287.5,1139.9,1435.1
25/11/2021,0.4,1435,1065,,,1250.0,1102,1398
26/11/2021,11.5,1308,990,,,1149.0,1021.8,1276.2
27/11/2021,2.1,1310,979,,,1144.5,1012.1,1276.9
28/11/2021,1.6,1340,990,,,1165.0,1025,1305
29/11/2021,0.5,1298,939,,,1118.5,974.9,1262.1
30/11/2021,11.7,1194,848,,,1021.0,882.6,1159.4
01/12/2021,5.5,1211,858,,,1034.5,893.3,1175.7
02/12/2021,2.4,1222,846,,,1034.0,883.6,1184.4
03/12/2021,0.8,1217,837,,,1027.0,875,1179
04/12/2021,5,1200,807,,,1003.5,846.3,1160.7
05/12/2021,0.1,1232,834,,,1033.0,873.8,1192.2
06/12/2021,1.8,1199,801,,,1000.0,840.8,1159.2
07/12/2021,4.1,1192,784,,,988.0,824.8,1151.2
08/12/2021,0.1,1240,827,,,1033.5,868.3,1198.7
09/12/2021,0,1257,850,,,1053.5,890.7,1216.3
10/12/2021,0,1313,917,,,1115.0,956.6,1273.4
11/12/2021,0,1276,864,,,1070.0,905.2,1234.8
12/12/2021,5.3,1216,807,,,1011.5,847.9,1175.1
13/12/2021,0.2,1248,842,,,1045.0,882.6,1207.4
14/12/2021,0.6,1276,851,,,1063.5,936,2009.6000000000001
15/12/2021,0.3,1312,881,,,1096.5,967.2,2014.4
16/12/2021,0,1331,904,,,1117.5,989.4,2012.6000000000001
17/12/2021,0.2,1340,919,,,1129.5,1003.2,2010.4
18/12/2021,0.3,1337,924,,,1130.5,1006.6,2004.2
19/12/2021,1,1339,927,,,1133.0,1009.4,1995.8
20/12/2021,0,1357,939,,,1148.0,1022.6,1993.8
21/12/2021,0,1370,949,1315,,1211.3,1058.8,1911.8000000000002
22/12/2021,0,1368,949,1307,,1208.0,1056.4,1908.4
23/12/2021,2.4,1329,881,1233,,1147.7,986.6,1894.6000000000001
24/12/2021,5.6,1223,840,1184,,1082.3,943.2,1857.9
25/12/2021,0.2,1261,868,1222,,1117.0,974.2,1865.8000000000002
26/12/2021,0,1284,890,1242,,1138.7,995.6,1866.4
27/12/2021,0.7,1282,880,1230,,1130.7,985,1863.7000000000003
28/12/2021,4.1,1262,815,1189,,1088.7,927.2,1866.8000000000002
29/12/2021,5.4,1200,743,1125,,1022.7,857.6,1844.0000000000002
30/12/2021,3.7,1209,747,1130,,1028.7,861.9,1839.7000000000003
31/12/2021,0.1,1250,778,1165,,1064.3,894.1,1842.2000000000003
01/01/2022,0,1245,777,1163,,1061.7,892.8,1826.7000000000003
02/01/2022,3.8,1252,791,1181,,1074.7,908,1819.0000000000002
03/01/2022,0.1,1272,815,1184,,1090.3,925.7,1813.8000000000002
04/01/2022,1.7,1238,841,1151,,1076.7,934,1802.2
05/01/2022,8.4,1153,798,1088,,1013.0,885,1767.6000000000001
06/01/2022,0,1155,780,1094,,1009.7,874.2,1752.8000000000002
07/01/2022,4.3,1126,746,1083,,985.0,847.1,1730.8000000000002
08/01/2022,3.4,1063,705,1051,,939.7,808.8,1705.6000000000001
09/01/2022,9.7,1079,734,1097,,970.0,837.5,1700.4
10/01/2022,0,1135,782,1133,,1016.7,887.3,1690.8000000000002
11/01/2022,0,1178,828,1154,,1053.3,925.8,1689.7
12/01/2022,0.5,1204,843,1161,,1069.3,938.4,1682.8000000000002
13/01/2022,0,1227,855,1167,,1083.0,948.6,1677.8000000000002
14/01/2022,0.1,1238,861,1170,,1089.7,953.7,1667.8000000000002
15/01/2022,0.1,1266,892,1193,,1117.0,982.3,1673.4
16/01/2022,0.3,1298,938,1222,,1152.7,1023.2,1689.3000000000002
17/01/2022,0.1,1307,939,1220,,1155.3,1023.3,1685.7
18/01/2022,0,1304,924,1204,,1144.0,1008,1677.8000000000002
19/01/2022,0.9,1330,975,1227,,1177.3,1050.6,1695.4
20/01/2022,1.1,1343,987,1240,,1190.0,1062.9,1702.1000000000001
21/01/2022,0.3,1344,979,1234,,1185.7,1055.5,1701.7
22/01/2022,1.2,1346,969,1224,,1179.7,1045.5,1700.9
23/01/2022,0.1,1353,974,1228,,1185.0,1050.2,1701.6000000000001
24/01/2022,0,1366,987,1239,,1197.3,1062.6,1708.3000000000002
25/01/2022,0,1373,992,1245,,1203.3,1067.9,1707.6000000000001
26/01/2022,0,1374,995,1234,,1201.0,1066.7,1705.8000000000002
27/01/2022,1.7,1383,978,1188,,1183.0,1041,1718.3000000000002
28/01/2022,0.1,1375,932,1183,,1163.3,1007.3,1711
29/01/2022,0.5,1397,965,1218,,1193.3,1040.9,1724.6000000000001
30/01/2022,0,1303,865,1129,,1099.0,944.2,1688
31/01/2022,12.7,1209,739,1069,,1005.7,838,1659.8000000000002
01/02/2022,1.8,1228,752,1097,,1025.7,855.5,1662
02/02/2022,0.4,1248,775,1116,,1046.3,877.3,1654
03/02/2022,0.8,1262,785,1115,,1054.0,884,1653.3000000000002
04/02/2022,4.2,1245,768,1106,,1039.7,869.4,1648.9
05/02/2022,2.7,1070,598,952,,873.3,704.2,1573.3000000000002
06/02/2022,22.7,981,557,921,,819.7,666.2,1508.8000000000002
07/02/2022,0.1,1054,607,1003,,888.0,725.8,1488
08/02/2022,0.3,1107,650,1052,,936.3,770.6,1475.9
09/02/2022,0.9,1140,682,1076,,966.0,800.2,1469
10/02/2022,1.6,1171,713,1110,,998.0,832.1,1478.3000000000002
11/02/2022,1.2,1188,716,1114,,1006.0,835.4,1466.6000000000001
12/02/2022,0,1203,723,1116,,1014.0,840.9,1455
13/02/2022,0,1235,754,1133,,1040.7,867.7,1459.7
14/02/2022,1.6,1273,793,1150,,1072.0,900.1,1483.7
15/02/2022,5.2,1138,609,974,,907.0,718.5,1428.5
16/02/2022,15.5,949,564,926,,813.0,672.6,1363.4
17/02/2022,3.2,991,601,976,,856.0,713.5,1335.4
18/02/2022,4.1,1043,637,1014,,898.0,750.1,1336.3000000000002
19/02/2022,6.3,938,470,879,,762.3,592.7,1275.4
20/02/2022,21.9,771,392,801,,654.7,505.70000000000005,1141.9
21/02/2022,9.5,826,455,874,,718.3,566.3,1082.6000000000001
22/02/2022,3.7,915,480,913,,769.3,609.9,1055.7
23/02/2022,0,992,544,977,,837.7,673.9,1056.4
24/02/2022,4.4,1055,609,1033,,899.0,736.2,1079.5
25/02/2022,1.8,1085,649,1062,,932.0,772.9,1086.4
26/02/2022,0,1118,669,1073,,953.3,790.2,1106.3
27/02/2022,0,1157,699,1095,,983.7,817.8,1138.4
28/02/2022,0,1189,725,1114,,1009.3,841.7,1166.8
01/03/2022,0,1216,744,1123,,1027.7,857.7,1190.2
02/03/2022,0,1242,762,1134,,1046.0,873.6,1212.3
03/03/2022,0,1272,786,1149,,1069.0,894.9,1239.9
04/03/2022,0,1297,811,1162,,1090.0,916.3,1263.7
05/03/2022,0,1325,842,1180,,1115.7,943.4,1290.8
06/03/2022,0,1339,847,1179,,1121.7,946.6,1305.1
07/03/2022,0,1343,844,1163,,1116.7,939.7,1308.8
08/03/2022,0,1364,865,1180,,1136.3,959.5,1329.2
09/03/2022,0,1378,875,1184,,1145.7,967.7,1343.2
10/03/2022,0,1379,867,1174,,1140.0,959.1,1343.3
11/03/2022,0,1400,891,1193,,1161.3,981.6,1363.4
12/03/2022,0,1410,903,1196,,1169.7,990.9,1374
13/03/2022,0,1436,935,1211,,1194.0,1017.8,1400
14/03/2022,1.4,1433,936,1199,,1189.3,1014.9,1400.9
15/03/2022,0,1434,934,1197,,1188.3,1012.9,1403.4
16/03/2022,0,1459,972,1221,,1217.3,1046.7,1428.7
17/03/2022,0.6,1477,987,1235,,1233.0,1061.4,1446.7
18/03/2022,0,1475,986,1224,,1228.3,1057.4,1447.1
19/03/2022,0,1473,984,1221,,1226.0,1055.1,1446
20/03/2022,2.6,1483,982,1205,,1223.3,1048.9,1457.8
21/03/2022,0.6,1489,990,1223,,1234.0,1059.9,1465.3
22/03/2022,0,1500,1004,1238,,1247.3,1074.2,1476.6
23/03/2022,0,1509,1020,1250,,1259.7,1089,1486.5
24/03/2022,0,1519,1032,1259,,1270.0,1100.1,1496.8
25/03/2022,0,1527,1042,1266,,1278.3,1109.2,1505.4
26/03/2022,0,1530,1044,1266,,1280.0,922.8,1503.2
27/03/2022,0,1525,1045,1258,,1276.0,952,1501.8
28/03/2022,0,1522,1046,1256,,1274.7,969.8,1500.8
29/03/2022,0,1528,1054,1264,,1282.0,967,1506.4
30/03/2022,0,1535,1072,1264,,1290.3,999.4,1515
31/03/2022,1.8,1545,1094,1255,,1298.0,1022,1530.2
01/04/2022,0.6,1554,1104,1279,,1312.3,1034.4,1542.8
02/04/2022,0,1557,1105,1287,,1316.3,1035.4,1548.6
03/04/2022,0.5,1520,1024,1197,,1247.0,995.8,1522.4
04/04/2022,21,1346,769,929,,1014.7,769.4,1439.6
05/04/2022,4.6,1295,734,988,,1005.7,701.6,1404.2
06/04/2022,3.6,1202,639,913,,918.0,549.6,1349.6
07/04/2022,18.8,1115,639,958,,904.0,537,1284.8
08/04/2022,0.1,1124,699,1058,,960.3,662.4,1269.2
09/04/2022,2.8,1091,684,1103,,959.3,674.4,1249.4
10/04/2022,0,1151,723,1120,,998.0,714,1253.6
11/04/2022,0,1203,760,1146,,1036.3,743.8,1269
12/04/2022,0,1264,823,1184,,1090.3,784,1305.4
13/04/2022,0.9,1302,856,1196,,1118.0,804.4,1330.8
14/04/2022,0,1338,887,1216,,1147.0,825.8,1356.6
15/04/2022,0,1362,905,1226,,1164.3,846.2,1374.6
16/04/2022,0,1379,915,1234,,1176.0,847.8,1382.6
17/04/2022,0,1399,934,1246,,1193.0,865.6,1396.2
18/04/2022,0,1426,960,1265,,1217.0,885.6,1418.4
19/04/2022,0,1452,984,1286,,1240.7,904.8,1439.6
20/04/2022,0,1468,1003,1294,,1255.0,917.2,1451.2
21/04/2022,0,1483,1020,1300,,1267.7,933.6,1461.8
22/04/2022,0,1499,1033,1312,,1281.3,946,1474.6
23/04/2022,0,1527,1069,1338,,1311.3,973.6,1499.4
24/04/2022,0,1546,1093,1346,,1328.3,991,1519.2
25/04/2022,0.6,1562,1120,1351,,1344.3,1012,1537.2
26/04/2022,0,1577,1127,1367,,1357.0,1020.8,1552.2
27/04/2022,0,1591,1140,1378,,1369.7,1023,1566.6
28/04/2022,0,1598,1152,1382,,1377.3,1028.4,1576.8
29/04/2022,0,1603,1165,1388,,1385.3,1031.8,1584.2
30/04/2022,0,1607,1170,1387,,1388.0,1028.4,1588.6
01/05/2022,0,1618,1183,1398,,1399.7,1031.8,1600
02/05/2022,0,1631,1195,1412,,1412.7,1039,1612.6
03/05/2022,0,1638,1205,1422,,1421.7,1037,1620.8
04/05/2022,0,1653,1217,1439,,1436.3,1035.2,1636.2
05/05/2022,0,1664,1233,1452,,1449.7,1050.6,1648.4
06/05/2022,0,1671,1246,1462,,1459.7,1074.4,1656.6
07/05/2022,0.4,1682,1261,1479,,1474.0,1094.8,1669.6
08/05/2022,0,1686,1265,1489,,1480.0,1098.2,1675.2
09/05/2022,0,1689,1273,1497,,1486.3,1101.4,1679.4
10/05/2022,0,1701,1293,1514,,1502.7,1078.2,1691.4
11/05/2022,0.9,1725,1314,1536,,1525.0,1087.8,1712.6
12/05/2022,0,1735,1328,1551,,1538.0,1098.8,1724.2
13/05/2022,0,1749,1343,1566,,1552.7,1114.4,1738.2
14/05/2022,0,1759,1346,1575,,1560.0,1115,1747.4
15/05/2022,0,1771,1363,1593,,1575.7,1135.6,1803.4
16/05/2022,1,1779,1372,1599,,1583.3,1127.2,1774.2
17/05/2022,0,1799,1396,1623,,1606.0,1148.8,1791.4
18/05/2022,0,1781,1383,1608,,1590.7,1139.4,1786.4
19/05/2022,9.3,1737,1342,1546,,1541.7,1118.2,1773.6
20/05/2022,5.2,1737,1356,1544,,1545.7,1123.8,1780.8
21/05/2022,0,1743,1365,1577,,1561.7,1140,1785
22/05/2022,0.1,1747,1381,1605,,1577.7,1153,1787.2
23/05/2022,4.1,1763,1389,1624,,1592.0,1153.8,1802.6
24/05/2022,0.1,1790,1393,1644,,1609.0,1159,1824.2
25/05/2022,0,1815,1412,1668,,1631.7,1188.8,1846.2
26/05/2022,0.1,1827,1432,1679,,1646.0,1210.6,1859.4
27/05/2022,0.6,1840,1443,1692,,1658.3,1224,1871.2
28/05/2022,0.2,1835,1441,1694,,1656.7,1228,1871.6
29/05/2022,1.3,1842,1441,1696,,1659.7,1229.2,1878
30/05/2022,0,1849,1447,1704,,1666.7,1241.8,1886.8
31/05/2022,0.3,1863,1459,1714,,1678.7,1271.8,1902
01/06/2022,1.7,1879,1464,1715,,1686.0,1288.8,1919.2
02/06/2022,0,1893,1474,1730,,1699.0,1304.8,1929.6
03/06/2022,0,1909,1488,1749,,1715.3,1282.2,1942.6
04/06/2022,0,1898,1498,1757,,1717.7,1292.8,1943.6
05/06/2022,6.5,1871,1498,1756,,1708.3,1240.6,1938.2
06/06/2022,2.7,1870,1503,1756,,1709.7,1318.2,1943.8
07/06/2022,0.4,1839,1499,1753,,1697.0,1343.6,1933.2
08/06/2022,10.6,1766,1511,1698,,1658.3,1359.2,1913.6
09/06/2022,1.7,1765,1504,1694,,1654.3,1355.2,1917.4
10/06/2022,0.1,1790,1520,1724,,1678.0,1359.2,1934.6
11/06/2022,0,1821,1535,1757,,1704.3,1355,1953.6
12/06/2022,0,1845,1549,1777,,1723.7,1358.8,1970.4
13/06/2022,0.2,1865,1549,1787,,1733.7,1362.4,1982
14/06/2022,0,1893,1561,1804,,1752.7,1373.8,1999.2
15/06/2022,0,1923,1572,1824,,1773.0,1383,2019.6
16/06/2022,0,1937,1573,1837,,1782.3,1381,2028.2
17/06/2022,0,1955,1594,1859,,1802.7,1392.4,2042.6
18/06/2022,0,1956,1608,1872,,1812.0,1402.8,2052
19/06/2022,0.8,1971,1615,1883,,1823.0,1403.2,2064
20/06/2022,0,1974,1614,1892,,1826.7,1396.2,2068.8
21/06/2022,0,1996,1625,1909,,1843.3,1400,2083.6
22/06/2022,0,2013,1631,1930,,1858.0,1401.2,2094.6
23/06/2022,0,2001,1637,1938,,1858.7,1408.4,2095.8
24/06/2022,16.6,2029,1641,1947,,1872.3,1411.8,2111.8
25/06/2022,0,2027,1650,1951,,1876.0,1419.6,2118.8
26/06/2022,3.1,2009,1653,1942,,1868.0,1423.2,2117
27/06/2022,10.7,2015,1653,1930,,1866.0,1420.8,2122.4
28/06/2022,0,2042,1660,1948,,1883.3,1425.4,2135.6
29/06/2022,0,2048,1686,1976,,1903.3,1443.6,2146.4
30/06/2022,4.1,1994,1680,1979,,1884.3,1440,2129.6
01/07/2022,0,2022,1687,1993,,1900.7,1444,2145
02/07/2022,0,2045,1705,2014,,1921.3,1458.4,2161.4
03/07/2022,0,2056,1706,2021,,1927.7,1461.8,2170.6
04/07/2022,0,2070,1717,2036,,1941.0,1469.8,2182.8
05/07/2022,0,2075,1720,2045,,1946.7,1469.2,2190.2
06/07/2022,0,2072,1735,2055,,1954.0,1480.6,2197.4
07/07/2022,1.9,2095,1731,2059,,1961.7,1479,2210.2
08/07/2022,0,2100,1740,2068,,1969.3,1485.6,2218.2
09/07/2022,0,2088,1741,2072,,1967.0,1487.8,2216.4
10/07/2022,0.8,2102,1739,2077,,1972.7,1490.6,2225.6
11/07/2022,0.1,2121,1738,2086,,1981.7,1490.8,2237.4
12/07/2022,0,2142,1756,2109,,2002.3,1503.4,2252.4
13/07/2022,0.1,2153,1760,2121,,2011.3,1500.2,2263.4
14/07/2022,0,2163,1765,2130,,2019.3,1501.6,2272.2
15/07/2022,0,2186,1773,2143,,2034.0,1509,2288.6
16/07/2022,0.1,2194,1769,2150,,2037.7,1511.6,2295.4
17/07/2022,0,2203,1773,2163,,2046.3,1515.6,2301.4
18/07/2022,0,2211,1773,2178,,2054.0,1517.4,2308.8
19/07/2022,0,2234,1790,2205,,2076.3,1530.8,2328.2
20/07/2022,0.7,2208,1790,2206,,2068.0,1533.2,2323.8
21/07/2022,2.7,2213,1789,2205,,2069.0,1533.4,2330
22/07/2022,0,2233,1791,2215,,2079.7,1542.6,2342.8
23/07/2022,0,2244,1791,2228,,2087.7,1546.8,2349.6
24/07/2022,0,2263,1807,2248,,2106.0,1562.2,2361.4
25/07/2022,0,2259,1814,2258,,2110.3,1568,2369.4
26/07/2022,4.3,2282,1814,2263,,2119.7,1538.6,2382.8
27/07/2022,0,2300,1813,2270,,2127.7,1546.6,2393
28/07/2022,0,2303,1820,2281,,2134.7,1562,2399
29/07/2022,0.9,2322,1825,2293,,2146.7,1568.2,2412
30/07/2022,0,2318,1824,2301,,2147.7,1571.4,2411
31/07/2022,1.4,2318,1829,2305,,2150.7,1581.2,2418.2
01/08/2022,3.3,2341,1823,2311,,2158.3,1577.6,2428.6
02/08/2022,0,2358,1832,2327,,2172.3,1586,2438.4
03/08/2022,0,2371,1845,2347,,2187.7,1594.2,2450.2
04/08/2022,2.7,2370,1849,2359,,2192.7,1603.6,2457
05/08/2022,7.5,2385,1848,2366,,2199.7,1611.6,2468.4
06/08/2022,0,2393,1850,2374,,2205.7,1614.2,2476.4
07/08/2022,0,2408,1856,2387,,2217.0,1620.2,2486
08/08/2022,0,2417,1859,2395,,2223.7,1622,2495
09/08/2022,0,2420,1859,2408,,2229.0,1625,2496.2
10/08/2022,0,2438,1862,2423,,2241.0,1630.4,2505.2
11/08/2022,0,2450,1865,2441,,2252.0,1619.6,2512.4
12/08/2022,0,2463,1869,2460,,2264.0,1624.8,2521.2
13/08/2022,0,2473,1871,2479,,2274.3,1632.8,2531.2
14/08/2022,0,2482,1878,2495,,2285.0,1644,2541.8
15/08/2022,0.1,2496,1883,2507,,2295.3,1655,2552.6
16/08/2022,0,2497,1892,2523,,2304.0,1662.8,2564.4
17/08/2022,1.9,2493,1891,2524,,2302.7,1666.6,2569
18/08/2022,0,2508,1893,2536,,2312.3,1670.4,2578.6
19/08/2022,2.2,2515,1896,2546,,2319.0,1674.6,2585.6
20/08/2022,0.1,2526,1896,2556,,2326.0,1676.4,2592.6
21/08/2022,0,2533,1898,2566,,2332.3,1680.2,2599.6
22/08/2022,0,2549,1903,2580,,2344.0,2096.8,2614.3
23/08/2022,0,2561,1908,2595,,2354.7,2103.9,2622.3
24/08/2022,0,2576,1909,2606,,2363.7,2109.1,2627
25/08/2022,0,2580,1929,2626,,2378.3,2124.3,2642.8
26/08/2022,0,,1922,2628,,2275.0,2063.2,2647.2
27/08/2022,0,,1923,2634,,2278.5,2065.2,2650.8
28/08/2022,0,,1924,2640,,2282.0,2067.2,2653.6
29/08/2022,0,,1927,2647,,2287.0,2071,2658.2
30/08/2022,0,,1929,2655,,2292.0,2074.2,2662.2
31/08/2022,0,,1927,2662,,2294.5,2074,2666.8
01/09/2022,0,,1925,2671,,2298.0,2074.2,2671
02/09/2022,0,,1929,2683,,2306.0,2078.6,2681.8
03/09/2022,0,,1936,2694,,2315.0,2085.8,2692.2
04/09/2022,0,,1942,2704,,2323.0,2092.2,2701.8
05/09/2022,0,,1949,2717,,2333.0,2098.8,2713.2
06/09/2022,0.7,,1946,2721,,2333.5,2097.2,2717.2
07/09/2022,6.8,,1939,2719,,2329.0,2092.6,2716.6
08/09/2022,8.1,,1930,2712,,2321.0,2085.4,2711
09/09/2022,6.3,,1937,2707,,2322.0,2091,2715.8
10/09/2022,2.8,,1941,2698,,2319.5,2092.4,2720.4
11/09/2022,0,,1938,2698,,2318.0,2090,2719.6
12/09/2022,0,,1950,2712,,2331.0,2102.4,2729.6
13/09/2022,0,,1949,2716,,2332.5,2102.4,2733.6
14/09/2022,0.3,,1961,2718,,2339.5,2112.4,2739.6
15/09/2022,1.9,,1968,2725,,2346.5,2119.4,2745
16/09/2022,5.3,,1975,2734,,2354.5,2126.8,2751.6
17/09/2022,2.2,,1971,2732,,2351.5,2123.2,2752.8
18/09/2022,12.4,,1970,2715,,2342.5,2119,2755
19/09/2022,1.2,,1962,2702,,2332.0,2110,2750.8
20/09/2022,1.7,,1954,2692,,2323.0,2101.6,2748
21/09/2022,0,2615,1953,2692,,2420.0,2151.6,2741
22/09/2022,0,2605,1954,2699,,2419.3,2149.3,2744.5
23/09/2022,0.6,2587,1959,2699,,2415.0,2147.4,2748.7
24/09/2022,2,2587,1967,2692,,2415.3,2153,2751.5
25/09/2022,0,2566,1950,2684,,2400.0,2134.8,2744.9
26/09/2022,16,2542,1953,2678,,2391.0,2129.7,2748
27/09/2022,4,2541,1945,2669,,2385.0,2123.8,2742.5
28/09/2022,1.5,2539,1945,2666,,2383.3,2123.2,2741.6
29/09/2022,0,2538,1941,2665,,2381.3,2120.1,2739.9
30/09/2022,0.3,2518,1943,2669,,2376.7,2115.5,2739.7
01/10/2022,14,2518,1947,2670,,2378.3,2118.3,2741.4
02/10/2022,1.7,2510,1934,2664,,2369.3,2106.8,2741
03/10/2022,0,2496,1916,2651,,2354.3,2090,2731.5
04/10/2022,0,2493,1909,2644,,2348.7,2084.2,2728.7
05/10/2022,0.2,2498,1910,2642,,2350.0,2086.4,2733.7
06/10/2022,0,2488,1898,2631,,2339.0,2075,2726.9
07/10/2022,0,2489,1905,2631,,2341.7,2080.2,2730.4
08/10/2022,2.5,2478,1886,2618,,2327.3,2063.6,2723.7
09/10/2022,0,2474,1891,2621,,2328.7,2065.9,2728.1
10/10/2022,0.4,2471,1887,2617,,2325.0,2062.2,2729
11/10/2022,0,2462,1878,2613,,2317.7,2053.2,2726.4
12/10/2022,0,2452,1875,2610,,2312.3,2048.1,2724.8
13/10/2022,2.1,2437,1867,2600,,2301.3,2038,2723.2
14/10/2022,0.9,2425,1858,2591,,2291.3,2028.1,2721.9
15/10/2022,0.4,2431,1859,2589,,2293.0,2030.6,2721.3
16/10/2022,0.3,2424,1861,2594,,2293.0,2029.9,2724.9
17/10/2022,5.6,2425,1868,2594,,2295.7,2035.1,2730.5
18/10/2022,0,2417,1855,2589,,2287.0,1606,2707.2
19/10/2022,0,2401,1842,2583,,2275.3,1606.8,2702.4
20/10/2022,3.2,2387,1847,2578,,2270.7,1613.6,2703.4
21/10/2022,1.8,2383,1847,2575,,2268.3,1616,2703.4
22/10/2022,0,2374,1837,2567,,2259.3,1608.4,2697.2
23/10/2022,0.3,2378,1843,2575,,2265.3,1610.8,2702.8
24/10/2022,0.7,2373,1849,2579,,2267.0,1613.8,2707.4
25/10/2022,0,2369,1846,2576,,2263.7,1608.4,2706.2
26/10/2022,0,2365,1843,2577,,2261.7,1603,2707.8
27/10/2022,0,2367,1853,2583,,2267.7,1606.4,2713.2
28/10/2022,0,2357,1849,2582,,2262.7,1601.8,2712.8
29/10/2022,0,2354,1856,2585,,2265.0,1604,2717.6
30/10/2022,0,2344,1846,2579,,2256.3,1596.4,2714.6
31/10/2022,0,2343,1841,2574,,2252.7,1591.4,2712
01/11/2022,0.1,2345,1850,2583,,2259.3,1595,2718.6
02/11/2022,0,2332,1839,2581,,2250.7,1584,2717.2
03/11/2022,5,2333,1859,2592,,2261.3,1598.6,2729.4
04/11/2022,1,2324,1847,2581,,2250.7,1592.6,2723.8
05/11/2022,0,2315,1835,2574,,2241.3,1581.8,2719.8
06/11/2022,2.5,2314,1842,2578,,2244.7,1586.4,2723.8
07/11/2022,0,2310,1836,2578,,2241.3,1579.2,2722
08/11/2022,0,2312,1849,2589,,2250.0,1588.6,2730.6
09/11/2022,0.7,2311,1853,2592,,2252.0,1592.6,2733.6
10/11/2022,0,2307,1854,2587,,2249.3,1590.6,2734
11/11/2022,0,2303,1854,2584,,2247.0,1590.6,2734.6
12/11/2022,0,2298,1851,2584,,2244.3,1587,2734
13/11/2022,0,2289,1847,2584,,2240.0,1584.2,2734.6
14/11/2022,0.6,2279,1836,2578,,2231.0,1575,2732.2
15/11/2022,3.2,2264,1831,2573,,2222.7,1570,2730.2
16/11/2022,10.6,2242,1805,2558,,2201.7,1479.8,2720.6
17/11/2022,12.2,2246,1823,2563,,2210.7,1495.4,2725
18/11/2022,0.4,2247,1828,2562,,2212.3,1513,2727.6
19/11/2022,0,2237,1822,2555,,2204.7,1515.4,2724.8
20/11/2022,7.4,2215,1801,2539,,2185.0,1504,2714.8
21/11/2022,0.5,2204,1788,2530,,2174.0,1491.6,2710.6
22/11/2022,1.7,2197,1782,2527,,2168.7,1482.6,2709.4
23/11/2022,1.8,2194,1775,2522,,2163.7,1472,2707.4
24/11/2022,0.4,2188,1770,2519,,2159.0,1461,2706.2
25/11/2022,1.9,2177,1757,2507,,2147.0,1447.4,2699
26/11/2022,0,2159,1735,2495,,2129.7,1426.6,2688.2
27/11/2022,2.7,2149,1735,2492,,2125.3,1414.6,2688.2
28/11/2022,5.8,2140,1739,2488,,2122.3,1386.8,2684.8
29/11/2022,0.1,2127,1729,2480,,2112.0,1375.6,2679.2
30/11/2022,0.2,2111,1717,2472,,2100.0,1364.2,2671.8
01/12/2022,0,2098,1703,2462,,2087.7,1353.8,2663.6
02/12/2022,0,2083,1691,2452,,2075.3,1346,2654.2
03/12/2022,0,2070,1684,2445,,2066.3,1345,2649
04/12/2022,0,2061,1686,2440,,2062.3,1349.4,2645.8
05/12/2022,3.2,2047,1679,2433,,2053.0,1340,2641.2
06/12/2022,0.1,2035,1672,2428,,2045.0,1329.4,2638
07/12/2022,0,2017,1656,2417,,2030.0,1314,2629.4
08/12/2022,1.5,2006,1647,2409,,2020.7,1306.2,2623.8
09/12/2022,0,1997,1637,2401,,2011.7,1304,2617.6
10/12/2022,0,1986,1628,2391,,2001.7,1298,2610.6
11/12/2022,0,1981,1627,2389,,1999.0,1300,2609.2
12/12/2022,0,1968,1618,2383,,1989.7,1295.2,2605.6
13/12/2022,0,1961,1618,2383,,1987.3,1294.6,2607.4
14/12/2022,0,1961,1612,2377,,1983.3,1305.4,2603.2
15/12/2022,0,1961,1610,2374,,1981.7,1313.6,2602
16/12/2022,1.3,1957,1597,2368,,1974.0,1312,2596.6
17/12/2022,0,1944,1584,2360,,1962.7,1299,2591.6
18/12/2022,0.1,1927,1574,2352,,1951.0,1280,2585.4
19/12/2022,1.7,1916,1576,2348,,1946.7,1244.2,2586.2
20/12/2022,12.7,1854,1578,2346,,1926.0,1141.8,2585.4
21/12/2022,1.1,1768,1574,2345,,1895.7,1140.2,2585.6
22/12/2022,4.5,1719,1563,2339,,1873.7,1053,2581.4
23/12/2022,10.1,1658,1543,2333,,1844.7,988.6,2576
24/12/2022,1.4,1613,1502,2316,,1810.3,987.8,2561.4
25/12/2022,6.7,1566,1473,2302,,1780.3,940.8,2551
26/12/2022,1.4,1537,1424,2274,,1745.0,968,2529.6
27/12/2022,0.1,1485,1371,2235,,1697.0,915.6,2497.8
28/12/2022,5,1430,1342,2199,,1657.0,887.2,2475.6
29/12/2022,1.3,1403,1294,2118,,1605.0,904.6,2430
30/12/2022,4.6,1238,1173,2031,,1480.7,603.6,2374.8
31/12/2022,31,1149,1004,1865,,1339.3,616.4000000000001,2262.2
01/01/2023,3.8,1123,949,1700,,1257.3,596.2,2164.4
02/01/2023,3.1,1135,912,1578,,1208.3,682.8,2083.2000000000003
03/01/2023,0,1088,846,1488,,1140.7,560.4,2022
04/01/2023,10.7,1080,812,1381,,1091.0,603.8,1955.8000000000002
05/01/2023,0.2,1132,826,1345,,1101.0,674.8,1914.4
06/01/2023,0.7,1187,830,1327,,1114.7,691.4,1880.8000000000002
07/01/2023,0.7,1207,837,1323,,1122.3,694.8,1861.2
08/01/2023,3.4,1183,798,1307,,1096.0,606.6,1844
09/01/2023,7.7,1160,742,1263,,1055.0,603.4,1814.4
10/01/2023,3.3,1110,717,1229,,1018.7,571.2,1788.8000000000002
11/01/2023,5.3,1005,622,1131,,919.3,418.6,1729.2
12/01/2023,18,944,578,1047,,856.3,396.8,1660.8000000000002
13/01/2023,2,938,565,1041,,848.0,419.8,1610.4
14/01/2023,11.8,919,561,1017,,832.3,417,1553.4
15/01/2023,1,964,573,1048,,861.7,503.4,1517.8000000000002
16/01/2023,3.9,1002,610,1101,,904.3,545.2,1515
17/01/2023,1.8,1073,682,1157,,970.7,661.6,1515.8
18/01/2023,0,1069,674,1150,,964.3,614,1502.8
19/01/2023,5.4,1105,712,1176,,997.7,688,1500
20/01/2023,0.2,1161,787,1235,,1061.0,757,1523
21/01/2023,0,1189,813,1252,,1084.7,777,1522
22/01/2023,0,1212,829,1267,,1102.7,791.8,1521.4
23/01/2023,0,1232,844,1276,,1117.3,803.8,1522
24/01/2023,0,1244,852,1272,,1122.7,808.2,1514.4
25/01/2023,0,1253,871,1274,,1132.7,811.6,1512.8
26/01/2023,1,1268,890,1285,,1147.7,828.2,1523.2
27/01/2023,0,1286,904,1296,,1162.0,844,1530
28/01/2023,0,1291,903,1292,,1162.0,843.6,1523.6
29/01/2023,0,1294,899,1282,,1158.3,833.6,1529.8
30/01/2023,2.4,1300,894,1279,,1157.7,838.2,1535.8
31/01/2023,0.5,1304,917,1283,,1168.0,848.6,1541
01/02/2023,4.5,1204,791,1147,,1047.3,695,1504.6000000000001
02/02/2023,8.4,1157,692,1109,,986.0,665,1484
03/02/2023,0.9,1208,767,1159,,1044.7,755.6,1497.2
04/02/2023,0,1237,802,1165,,1068.0,779.2,1502.2
05/02/2023,2.2,1255,807,1177,,1079.7,790.8,1500.4
06/02/2023,0,1279,832,1207,,1106.0,811,1502.2
07/02/2023,0,1295,855,1231,,1127.0,828.6,1504.4
08/02/2023,0,1319,888,1253,,1153.3,847.2,1511
09/02/2023,0,1348,919,1271,,1179.3,861.4,1526.8
10/02/2023,0,1360,935,1282,,1192.3,870.8,1534.6
11/02/2023,0,1372,944,1289,,1201.7,868.4,1544.8
12/02/2023,0,1376,944,1284,,1201.3,863,1545.2
13/02/2023,0,1382,942,1288,,1204.0,866.4,1547
14/02/2023,0,1387,930,1288,,1201.7,861.6,1546
15/02/2023,0,1389,931,1291,,1203.7,861.4,1548
16/02/2023,0.4,1393,938,1286,,1205.7,858.8,1556.8
17/02/2023,1.6,1350,846,1190,,1128.7,776.4,1543.8
18/02/2023,8.2,1233,728,1087,,1016.0,615.2,1501.8
19/02/2023,5.1,1223,721,1106,,1016.7,673,1486.4
20/02/2023,0,1259,759,1146,,1054.7,729.6,1487
21/02/2023,0.1,1280,774,1168,,1074.0,740.4,1485.2
22/02/2023,0.1,1306,811,1198,,1105.0,769,1496.8
23/02/2023,2.1,1269,786,1177,,1077.3,730.2,1477.8
24/02/2023,2.5,1224,791,1194,,1069.7,713,1461
25/02/2023,0.3,1284,845,1240,,1123.0,794.6,1491.6
26/02/2023,0,1325,867,1263,,1151.7,820.8,1508
27/02/2023,0,1351,881,1275,,1169.0,831.2,1517.8
28/02/2023,0,1371,889,1284,,1181.3,841,1523.4
01/03/2023,0,1385,900,1292,,1192.3,846,1528.4
02/03/2023,0,1403,916,1306,,1208.3,859,1545.2
03/03/2023,0,1412,924,1309,,1215.0,864.6,1554.2
04/03/2023,0.1,1404,905,1293,,1200.7,853.4,1546.2
05/03/2023,0.3,1400,892,1281,,1191.0,841.6,1538
06/03/2023,0.9,1344,879,1243,,1155.3,814.2,1518
07/03/2023,4.5,1267,837,1193,,1099.0,753.6,1489
08/03/2023,0.3,1242,823,1163,,1076.0,720.4,1483.8
09/03/2023,22.4,925,463,886,,758.0,251.20000000000002,1304.2
10/03/2023,21.8,914,451,891,,752.0,265.6,1229.6000000000001
11/03/2023,0,996,497,972,,821.7,354.8,1208.4
12/03/2023,0.2,1011,458,961,,810.0,373.4,1179.6
13/03/2023,3,1064,523,1018,,868.3,448.6,1194.2
14/03/2023,7.4,1077,555,1050,,894.0,482.4,1195.8
15/03/2023,1,1098,579,1070,,915.7,555.6,1183.8
16/03/2023,0.1,1142,626,1104,,957.3,615.8,1196.6
17/03/2023,0,1173,660,1129,,987.3,649.2,1218
18/03/2023,0.1,1203,694,1154,,1017.0,671.2,1245
19/03/2023,0.1,1228,711,1166,,1035.0,687.6,1266.4
20/03/2023,0.3,1234,706,1157,,1032.3,691,1273
21/03/2023,0.7,1239,705,1154,,1032.7,691.2,1293.6
22/03/2023,3,1202,642,1110,,984.7,655.6,1306.4
23/03/2023,3.8,1149,585,1076,,936.7,592.6,1304.4
24/03/2023,5.8,1117,536,1052,,901.7,478.4,1304.2
25/03/2023,6.2,1096,499,1027,,874.0,451.6,1300
26/03/2023,1.4,1158,616,1120,,964.7,557.8,1342.8
27/03/2023,0.3,1188,639,1136,,987.7,591.6,1356.6
28/03/2023,0,1211,652,1139,,1000.7,619.6,1366.4
29/03/2023,0.1,1233,671,1157,,1020.3,644,1384.8
30/03/2023,1.6,1171,596,1068,,945.0,608,1361.2
31/03/2023,9.3,1067,505,988,,853.3,448,1331.6000000000001
01/04/2023,10.8,1044,569,1050,,887.7,377,1324.8
02/04/2023,0,1118,646,1120,,961.3,787.6,1386
03/04/2023,0,1175,691,1153,,1006.3,829.6,1399
04/04/2023,0,1218,718,1171,,1035.7,853.9000000000001,1401.4
05/04/2023,0,1237,724,1164,,1041.7,856,1393.8
06/04/2023,7,1161,654,1107,,974.0,789.9000000000001,1371.7
07/04/2023,0.5,1181,700,1145,,1008.7,833.5,1372.8
08/04/2023,0,1222,728,1161,,1037.0,857.9,1375.3
09/04/2023,0,1246,736,1166,,1049.3,646.6,1352.8
10/04/2023,2.8,1245,694,1113,,1017.3,633.4,1353.6
11/04/2023,4,1191,582,1039,,937.3,719.1,1338
12/04/2023,9.7,1134,493,994,,873.7,643.3,1323
13/04/2023,3.2,1183,574,1059,,938.7,719.5,1334.2
14/04/2023,0,1255,670,1133,,1019.3,590.8,1346.8
15/04/2023,0,1294,719,1169,,1060.7,617,1372
16/04/2023,0,1303,747,1186,,1078.7,637.2,1378
17/04/2023,0,1331,772,1203,,1102.0,654.4,1389.2
18/04/2023,0,1362,796,1222,,1126.7,677.2,1406.4
19/04/2023,0,1386,817,1234,,1145.7,700,1416
20/04/2023,1.6,1360,814,1206,,1126.7,708.4,1406.2
21/04/2023,4.3,1308,798,1185,,1097.0,703.2,1387.8
22/04/2023,5.2,1261,764,1144,,1056.3,686.6,1366.6
23/04/2023,1.5,1219,721,1114,,1018.0,639.4,1358.8
24/04/2023,7.3,1192,682,1124,,999.3,587.8,1357
25/04/2023,0,1244,746,1167,,1052.3,620.6,1379.6
26/04/2023,0,1289,780,1189,,1086.0,641.4,1395.8
27/04/2023,0,1316,800,1198,,1104.7,662,1400
28/04/2023,1.3,1349,849,1233,,1143.7,696,1429.4
29/04/2023,0,1374,858,1243,,1158.3,707.4,1440.6
30/04/2023,0,1399,879,1257,,1178.3,730.8,1451.8
01/05/2023,0,1437,914,1286,,1212.3,761.6,1479
02/05/2023,0.1,1449,919,1292,,1220.0,776.2,1487.4
03/05/2023,0,1452,914,1290,,1218.7,783.2,1485
04/05/2023,0,1470,935,1285,,1230.0,803,1500
05/05/2023,4.4,1460,929,1251,,1213.3,802.4,1500.2
06/05/2023,3.2,1477,944,1274,,1231.7,810.2,1513.6
07/05/2023,0.3,1489,964,1300,,1251.0,826,1525
08/05/2023,0,1476,956,1269,,1233.7,822.8,1519.8
09/05/2023,14.5,1357,785,1071,,1071.0,687.8,1475.8
10/05/2023,3.7,1260,704,989,,984.3,407.6,1431
11/05/2023,14.7,1165,688,1029,,960.7,365.20000000000005,1379.8
12/05/2023,0.1,1226,772,1130,,1042.7,467.8,1396.4
13/05/2023,0,1295,820,1178,,1097.7,563.2,1417.4
14/05/2023,0,1357,862,1215,,1144.7,626.8,1444
15/05/2023,1.2,1414,906,1255,,1191.7,673.2,1478.8
16/05/2023,0,1452,942,1283,,1225.7,701.4,1507.8
17/05/2023,0,1478,962,1309,,1249.7,723.2,1526
18/05/2023,0,1503,982,1332,,1272.3,748,1540.2
19/05/2023,0,1525,998,1354,,1292.3,770,1553.8
20/05/2023,0,1546,1018,1374,,1312.7,797.8,1567.6
21/05/2023,0,1567,1035,1393,,1331.7,823.8,1585
22/05/2023,1.3,1588,1047,1409,,1348.0,847.2,1666.6
23/05/2023,0,1599,1054,1422,,1358.3,862.6,1626
24/05/2023,0,1616,1072,1439,,1375.7,881.2,1637.6
25/05/2023,0,1632,1090,1457,,1393.0,898.6,1650
26/05/2023,0,1640,1099,1468,,1402.3,908.8,1655.6
27/05/2023,0,1661,1125,1489,,1425.0,929.4,1671.8
28/05/2023,0,1684,1149,1513,,1448.7,948.6,1690.6
29/05/2023,0,1697,1166,1526,,1463.0,963.8,1702.4
30/05/2023,0,1712,1183,1539,,1478.0,977.8,1715
31/05/2023,0,1729,1204,1552,,1495.0,992.8,1729
01/06/2023,0,1745,1216,1563,,1508.0,1001.8,1743
02/06/2023,0,1765,1229,1577,,1523.7,1011.8,1759
03/06/2023,0,1790,1255,1599,,1548.0,1029.4,1780.4
04/06/2023,0,1808,1277,1615,,1566.7,1046,1798
05/06/2023,0,1827,1296,1630,,1584.3,1060.8,1814.6
06/06/2023,0,1829,1311,1640,,1593.3,1074.6,1821
07/06/2023,0,1837,1323,1646,,1602.0,1088.4,1829.4
08/06/2023,0,1869,1336,1660,,1621.7,1100.8,1852.6
09/06/2023,0,1904,1358,1684,,1648.7,1118,1879.6
10/06/2023,0,1932,1377,1704,,1671.0,1143.6,1901.6
11/06/2023,0,1965,1404,1730,,1699.7,1171.8,1928.2
12/06/2023,0,1996,1429,1754,,1726.3,1196.8,1953.6
13/06/2023,0,2017,1450,1775,,1747.3,1221.4,1973.4
14/06/2023,0,2038,1476,1798,,1770.7,1246.8,1994
15/06/2023,0,2059,1497,1822,,1792.7,1264.8,2013
16/06/2023,0,2068,1509,1837,,1804.7,1276.2,2023.6
17/06/2023,0,2076,1511,1849,,1812.0,1281.8,2031.2
18/06/2023,0,2090,1528,1869,,1829.0,1300,2046
19/06/2023,0,2092,1539,1884,,1838.3,1314.6,2052
20/06/2023,2,2100,1557,1903,,1853.3,1331.4,2064
21/06/2023,0,2052,1572,1889,,1837.7,1347,2040
22/06/2023,43.1,1905,1514,1667,,1695.3,1290.2,1956.6
23/06/2023,0.3,1924,1489,1671,,1694.7,1256.2,1967.2
24/06/2023,0,1936,1495,1715,,1715.3,1249.6,1977.4
25/06/2023,0,1964,1532,1771,,1755.7,1275.8,2001.8
26/06/2023,0,1978,1543,1800,,1773.7,1289.2,2014.6
27/06/2023,0,1956,1539,1802,,1765.7,1290.6,2008.8
28/06/2023,1.2,1956,1552,1814,,1774.0,1301.8,2013.6
29/06/2023,1.9,1966,1564,1831,,1787.0,1310.2,2023.6
30/06/2023,0,1944,1561,1837,,1780.7,1313.8,2016.6
01/07/2023,2.4,1976,1579,1858,,1804.3,1330,2038.4
02/07/2023,1.3,1984,1586,1878,,1816.0,1335.8,2046.4
03/07/2023,1,1990,1587,1891,,1822.7,1339.8,2055.4
04/07/2023,0.4,1941,1588,1895,,1808.0,1342,2038.8
05/07/2023,13.4,1942,1600,1902,,1814.7,1348,2048.2
06/07/2023,0.1,1970,1607,1920,,1832.3,1353.2,2064.8
07/07/2023,0,1996,1621,1946,,1854.3,1362.4,2081.8
08/07/2023,0,2012,1639,1970,,1873.7,1375.6,2096.6
09/07/2023,13.7,2015,1639,1975,,1876.3,1386.4,2103.2
10/07/2023,0.1,2030,1643,1992,,1888.3,1393.4,2111.6
11/07/2023,2.7,2012,1652,2003,,1889.0,1400.6,2111
12/07/2023,3.2,2015,1654,2006,,1891.7,1406.8,2118.2
13/07/2023,7.2,2012,1648,2005,,1888.3,1404.4,2120.6
14/07/2023,0.1,2031,1656,2022,,1903.0,1410.6,2130
15/07/2023,0.9,2028,1665,2036,,1909.7,1416,2141
16/07/2023,0.1,2034,1679,2047,,1920.0,1425.8,2155
17/07/2023,4.9,2048,1686,2052,,1928.7,1431,2162.4
18/07/2023,0,2050,1697,2062,,1936.3,1439.6,2171.8
19/07/2023,1.3,2063,1700,2065,,1942.7,1443.8,2177.2
20/07/2023,0,2068,1706,2075,,1949.7,1449.8,2185.4
21/07/2023,2.3,2071,1701,2078,,1950.0,1449.6,2189
22/07/2023,1.2,2041,1692,2071,,1934.7,1444.2,2188
23/07/2023,1.9,2029,1706,2080,,1938.3,1453.4,2198.8
24/07/2023,14.7,2054,1715,2084,,1951.0,1461.8,2206.4
25/07/2023,0,2061,1712,2086,,1953.0,1461.8,2208.4
26/07/2023,0.7,1988,1699,2067,,1918.0,1451.2,2198.4
27/07/2023,16.1,1982,1700,2047,,1909.7,1451.6,2193.4
28/07/2023,0.2,1984,1701,2043,,1909.3,1450.2,2193.6
29/07/2023,3.1,1979,1702,2047,,1909.3,1449.4,2197.6
30/07/2023,2.5,1925,1682,2027,,1878.0,1435.4,2189
31/07/2023,15,1888,1653,2000,,1847.0,1399.8,2172.2
01/08/2023,4.8,1800,1580,1939,,1773.0,1326.8,2126.8
02/08/2023,31.3,1506,1329,1719,,1518.0,1382.1,1991.3000000000002
03/08/2023,45,1365,1074,1449,,1296.0,1161.3,1833.3000000000002
04/08/2023,0.7,1338,996,1368,,1234.0,1098.6,1771.2
05/08/2023,8.5,1260,935,1284,,1159.7,1032.5,1728.5
06/08/2023,22.6,1147,804,1163,,1038.0,906.9,1662.8000000000002
07/08/2023,9.2,1148,819,1205,,1057.3,917.7,1626.4
08/08/2023,4.7,1191,852,1248,,1097.0,953.7,1610.6000000000001
09/08/2023,0,1261,890,1288,,1146.3,1001.3,1605.8000000000002
10/08/2023,0,1323,927,1333,,1194.3,1045.8,1609.5
11/08/2023,1.1,1292,872,1265,,1143.0,989.9,1593
12/08/2023,11.7,1286,860,1263,,1136.3,980.9,1587
13/08/2023,0,1339,916,1318,,1191.0,1036.6,1601.5
14/08/2023,0.6,1402,975,1377,,1251.3,1095.6,1628.1000000000001
15/08/2023,0.1,1447,1003,1408,,1286.0,1124.5,1652.8
16/08/2023,0,1470,1008,1420,,1299.3,1131.6,1666
17/08/2023,0,1490,1011,1423,,1308.0,902.4,1647.2
18/08/2023,0,1518,1032,1439,,1329.7,1154.1,1690.9
19/08/2023,0.4,1560,1067,1465,,1364.0,1186.4,1718.9
20/08/2023,0,1590,1096,1490,,1392.0,1214.2,1739.1000000000001
21/08/2023,0,1613,1114,1508,,1411.7,1232.2,1751.6000000000001
22/08/2023,0,1638,1135,1530,,1434.3,1253.5,1767.5
23/08/2023,0,1644,1134,1538,,1438.7,1255.2,1772.8
24/08/2023,0.4,1636,1124,1532,,1430.7,1246.4,1778.8
25/08/2023,5,1660,1125,1535,,1440.0,1248,1793.7
26/08/2023,2.2,1650,1120,1527,,1432.3,1242.1,1799.1000000000001
27/08/2023,4,1630,1122,1525,,1425.7,1242.9,1804.3
28/08/2023,0.1,1634,1124,1538,,1432.0,1248.2,1813.2
29/08/2023,0,1629,1119,1532,,1426.7,1242.9,1815.9
30/08/2023,1.7,1636,1132,1518,,1428.7,1247.8,1828.5
31/08/2023,4.2,1622,1132,1501,,1418.3,1242.7,1832
01/09/2023,0.8,1630,1145,1500,,1425.0,1251.5,1846.3
02/09/2023,0,1654,1161,1522,,1445.7,1269.3,1864
03/09/2023,0,1672,1171,1544,,1462.3,1282.9,1874.3
04/09/2023,0,1696,1190,1573,,1486.3,1304.9,1886.4
05/09/2023,0,1725,1218,1604,,1515.7,1333.8,1902.8
06/09/2023,0,1747,1237,1625,,1536.3,1353.4,1915.7
07/09/2023,0,1767,1262,1648,,1559.0,1377.8,1929.4
08/09/2023,0,1782,1288,1667,,1579.0,1401.7,1944.4
09/09/2023,0,1796,1299,1677,,1590.7,1412.4,1954.2
10/09/2023,0,1811,1321,1693,,1608.3,1432.6,1965
11/09/2023,6.2,1810,1309,1687,,1602.0,1422.4,1971.7
12/09/2023,5.8,1807,1303,1670,,1593.3,1413.1,1982
13/09/2023,2.4,1817,1286,1675,,1592.7,1402.7,1989.9
14/09/2023,0,1822,1292,1695,,1603.0,1412.9,1994.2
15/09/2023,0,1836,1309,1712,,1619.0,1429.9,2004
16/09/2023,0,1801,1296,1694,,1597.0,1415.4,1998.4
17/09/2023,7.7,1777,1255,1676,,1569.3,1381.3,1991.9
18/09/2023,6.3,1774,1252,1675,,1567.0,1378.9,1999.4
19/09/2023,0,1772,1241,1691,,1568.0,1376,2000.9
20/09/2023,0,1760,1243,1702,,1568.3,1380.7,1999.4
21/09/2023,10,1742,1232,1657,,1543.7,1359.5,2001.7
22/09/2023,0.8,1740,1233,1674,,1549.0,1365.3,2010.2
23/09/2023,0.8,1746,1226,1682,,1551.3,1362.8,2014.8000000000002
24/09/2023,0,1758,1238,1700,,1565.3,1376.6,2020.5
25/09/2023,0,1764,1250,1715,,1576.3,1389.5,2027.9
26/09/2023,0,1763,1250,1721,,1578.0,1391.3,2029.7
27/09/2023,0,1781,1268,1733,,1594.0,1407.5,2040.7
28/09/2023,0,1789,1284,1742,,1605.0,1421.4,2048
29/09/2023,1,1808,1298,1750,,1618.7,1433.6,2058.6
30/09/2023,0,1817,1307,1755,,1626.3,1441.4,2062
01/10/2023,0,1819,1315,1760,,1631.3,1448.5,2065.4
02/10/2023,0,1823,1325,1771,,1639.7,1458.8,2071.5
03/10/2023,2.4,1841,1330,1777,,1649.3,1464.1,2081.8
04/10/2023,0,1844,1333,1783,,1653.3,1468,2085.5
05/10/2023,0.1,1850,1339,1789,,1659.3,1474,2091.5
06/10/2023,0,1862,1352,1801,,1671.7,1486.7,2101.4
07/10/2023,0,1866,1350,1803,,1673.0,1485.9,2103.3
08/10/2023,0,1853,1354,1809,,1672.0,1490.5,2103.6
09/10/2023,0,1855,1349,1807,,1670.3,1486.4,2104.9
10/10/2023,0,1866,1360,1820,,1682.0,1498,2111
11/10/2023,0.1,1789,1307,1760,,1618.7,1442.9,2085.8
12/10/2023,32.6,1645,1093,1588,,1442.0,1241.5,2017.4
13/10/2023,23.2,1498,877,1393,,1256.0,1031.8,1957.9
14/10/2023,5.5,1450,863,1323,,1212.0,1001,1920.4
15/10/2023,3.7,1453,874,1332,,1219.7,1011.4000000000001,1901
16/10/2023,0,1468,882,1351,,1233.7,1022.7,1884.5
17/10/2023,0,1472,870,1356,,1232.7,1015.8,1864.7
18/10/2023,8.8,1392,782,1258,,1144.0,924.8,1828.1000000000001
19/10/2023,1.8,1297,703,1173,,1057.7,844,1784.9
20/10/2023,18.3,1223,628,1108,,986.3,772,1736.8000000000002
21/10/2023,2.8,1286,694,1208,,1062.7,848.2,1736.1000000000001
22/10/2023,1.3,1312,719,1241,,1090.7,875.6,1721.5
23/10/2023,2.4,1287,689,1226,,1067.3,850.1,1691.6000000000001
24/10/2023,0.5,1275,692,1211,,1059.3,847.7,1673.3000000000002
25/10/2023,10.4,1212,614,1150,,992.0,774.8,1641.1000000000001
26/10/2023,0.4,1160,569,1082,,937.0,722.9000000000001,1601
27/10/2023,15.2,1103,503,1025,,877.0,659.6,1537
28/10/2023,5.4,1111,504,1053,,889.3,668.7,1493.9
29/10/2023,4.3,1158,565,1123,,948.7,732.4000000000001,1473.7
30/10/2023,7.4,1099,405,1001,,835.0,583.8000000000001,1426.6000000000001
31/10/2023,6.4,1103,331,967,,800.3,521.8000000000001,1376
01/11/2023,2.2,1126,384,1029,,846.3,577.5,1326.9
02/11/2023,4.2,1172,467,1120,,919.7,662.9000000000001,1330.2
03/11/2023,0.3,1189,504,1151,,948.0,698.1,1316.4
04/11/2023,2.4,1167,513,1172,,950.7,709.2,1313.4
05/11/2023,2.9,1207,574,1209,,996.7,763.9000000000001,1337.8
06/11/2023,0.6,1239,621,1230,,1030.0,803.7,1348.2
07/11/2023,0.1,1244,626,1220,,1030.0,804.2,1345.5
08/11/2023,10.3,1057,384,998,,813.0,568.2,1258.6000000000001
09/11/2023,9.4,1039,445,1016,,833.3,616.3,1214
10/11/2023,7.3,1055,488,1074,,872.3,658.1,1197.2
11/11/2023,0.9,1094,570,1132,,932.0,727.2,1186.6
12/11/2023,0,1090,525,1112,,909.0,694.5,1163.8
13/11/2023,5.4,1019,506,1106,,877.0,659.9000000000001,1146.6
14/11/2023,14.2,953,358,1063,,791.3,536.5,1092.4
15/11/2023,5.7,973,388,1072,,811.0,563.5,1065.7
16/11/2023,0.5,1036,484,1145,,888.3,649.6,1116.5
17/11/2023,0,1030,446,1104,,860.0,621.2,1084.2
18/11/2023,9.1,929,367,1005,,767.0,535.6,1003.5
19/11/2023,8.8,876,327,935,,712.7,491.70000000000005,943.4
20/11/2023,3.6,922,465,1050,,812.3,602.1,1016.7
21/11/2023,0,977,538,1113,,876.0,666.7,1072.2
22/11/2023,0,1000,537,1119,,885.3,667.5,1083.3
23/11/2023,3.3,958,403,1009,,790.0,566.2,993.7
24/11/2023,10,947,444,1021,,804.0,581.7,998.8
25/11/2023,2.4,966,491,1068,,841.7,608.3,1037.4
26/11/2023,1.1,851,290,916,,685.7,450.20000000000005,896.5
27/11/2023,19.9,797,354,929,,693.3,477.90000000000003,889.4
28/11/2023,1.8,780,335,942,,685.7,457.40000000000003,893.4
29/11/2023,2.9,805,414,1013,,744.0,515.1,950.6
30/11/2023,0,851,489,1077,,805.7,583.5,1009.2
01/12/2023,0,894,552,1116,,854.0,642.3,1049.4
02/12/2023,0,921,571,1125,,872.3,663.7,1063.8
03/12/2023,1.1,921,546,1097,,854.7,646.2,1044.2
04/12/2023,2.7,928,508,1099,,845.0,620.8,1047.7
05/12/2023,1.5,960,551,1121,,877.3,659.6,1072.7
06/12/2023,1.2,973,581,1114,,889.3,681.2,1071.7
07/12/2023,0,990,578,1112,,893.3,681.8,1075.4
08/12/2023,0.6,966,513,1060,,846.3,631.5,1031.8
09/12/2023,8,871,386,973,,743.3,524.3,942.4
10/12/2023,5.8,810,347,951,,702.7,473.3,908.7
11/12/2023,6.6,806,366,999,,723.7,474.90000000000003,941.1
12/12/2023,2.4,825,379,1036,,746.7,482.5,972.7
13/12/2023,3.2,867,462,1068,,799.0,555,1007.7
14/12/2023,0,908,541,1107,,852.0,627.7,1047.3
15/12/2023,0.1,937,577,1116,,876.7,662.2,1062.3
16/12/2023,0.1,958,599,1119,,892.0,683.9,1070.7
17/12/2023,0,983,621,1125,,909.7,705,1082.4
18/12/2023,0,915,443,991,,783.0,571.1,968.2
19/12/2023,16.2,806,363,896,,688.3,472.5,869
20/12/2023,6.3,739,262,807,,602.7,380.20000000000005,786.6
21/12/2023,11.9,701,287,794,,594.0,380.3,766.1
22/12/2023,10.6,683,269,835,,595.7,349.4,789.4
23/12/2023,4.7,657,238,821,,572.0,308.8,771.8000000000001
24/12/2023,14.9,618,243,786,,549.0,281.1,735.6
25/12/2023,12.2,589,258,793,,546.7,264,731.8000000000001
26/12/2023,6.1,609,295,907,,603.7,277.5,817.6
27/12/2023,3.1,646,349,980,,658.3,318.9,879.8000000000001
28/12/2023,0,748,326,973,,682.3,301.5,905.5
29/12/2023,21.5,774,321,941,,678.7,239.8,890.9
30/12/2023,0,900,362,999,,753.7,278.7,969.3000000000001
31/12/2023,0.1,987,417,1057,,820.3,345.6,1036
01/01/2024,2.4,847,244,859,,650.0,188,855.4
02/01/2024,16.8,868,282,868,,672.7,226.7,868
03/01/2024,2.8,968,318,926,,737.3,276.7,955.4
04/01/2024,4,910,229,818,,652.3,180.7,882.4
05/01/2024,11,970,325,907,,734.0,267.6,951.1
06/01/2024,0.2,1053,403,1014,,823.3,353.3,1041.3
07/01/2024,0.2,1105,471,1068,,881.3,425.5,1093.9
08/01/2024,0,1153,530,1096,,926.3,519.5,1135.9
09/01/2024,0,1204,595,1118,,972.3,600.4,1178.2
10/01/2024,0,1235,656,1137,,1009.3,662.6,1205.6
11/01/2024,0.1,,635,1125,,880.0,648.8,1040.8
12/01/2024,0.1,,552,1098,,825.0,577.4,1014.2
13/01/2024,1.2,,464,1066,,765.0,495.6,977.2
14/01/2024,2.1,,483,1079,,781.0,512,988.8000000000001
15/01/2024,1.3,,542,1095,,818.5,570.4,1012.8
16/01/2024,0,,579,1092,,835.5,605.2,1015.6
17/01/2024,0,,661,1150,,905.5,681,1072.2
18/01/2024,0,,706,1165,,935.5,725.2,1092.4
19/01/2024,0,,716,1157,,936.5,738.2,1091
20/01/2024,0,,706,1130,,918.0,731.6,1070.8
21/01/2024,0.1,,566,1048,,807.0,613,998.6
22/01/2024,6.3,,565,1048,,806.5,611,997.4
23/01/2024,2.5,,512,1013,,762.5,566.2,967
24/01/2024,1.6,,605,1067,,836.0,647.4,1017
25/01/2024,2.7,,527,1036,,781.5,578.2,985.4
26/01/2024,5,,603,1079,,841.0,642,1022.8
27/01/2024,0,,638,1090,,864.0,674,1035.6
28/01/2024,0,,676,1116,,896.0,709.4,1061.4
29/01/2024,0,,709,1129,,919.0,740.2,1076.2
30/01/2024,0.5,,726,1128,,927.0,756.6,1078.2
31/01/2024,0.6,,674,1114,,894.0,717.4,1069.4
01/02/2024,2.7,,713,1124,,918.5,750.6,1079.4
02/02/2024,0.1,,709,1121,,915.0,749.6,1079.2
03/02/2024,1.6,,570,1068,,819.0,634.8,1033.2
04/02/2024,5.8,,608,1086,,847.0,659.4,1041.8
05/02/2024,0.1,,628,1090,,859.0,676.2,1045.8
06/02/2024,16.4,,360,880,,620.0,427.6,843.6
07/02/2024,8.5,,406,926,,666.0,454.8,870.8
08/02/2024,10.3,,244,783,,513.5,286.6,717.8
09/02/2024,9.5,,351,904,,627.5,369.6,812
10/02/2024,2.5,,431,989,,710.0,449.2,895.6
11/02/2024,0.1,,511,1057,,784.0,533,969.8000000000001
12/02/2024,0.4,,556,1085,,820.5,581.4,1004.6
13/02/2024,0.5,,432,1011,,721.5,482.8,946
14/02/2024,6.7,,317,886,,601.5,369.6,824.8
15/02/2024,11.2,,365,940,,652.5,405.4,865.4
16/02/2024,1.2,,461,1031,,746.0,499.6,955.6
17/02/2024,0,,406,987,,696.5,450.4,915.2
18/02/2024,13.4,,335,903,,619.0,372,826.4
19/02/2024,1.3,,422,992,,707.0,455.2,911.2
20/02/2024,0.7,,433,1010,,721.5,467.4,929
21/02/2024,5.8,,309,902,,605.5,350,824.4
22/02/2024,5.6,,351,,,351.0,371.1,531.9
23/02/2024,0.6,,463,,,463.0,480.9,624.1
24/02/2024,2.1,,507,,,507.0,524.6,665.4
25/02/2024,2.4,,563,,,563.0,579.8,714.2
26/02/2024,2.1,,606,,,606.0,622.5,754.5
27/02/2024,0,,623,,,623.0,640.2,777.8
28/02/2024,0,,629,,,629.0,646.8,789.2
29/02/2024,0.1,,656,,,656.0,673.4,812.6
01/03/2024,0,,688,,,688.0,705.2,842.8
02/03/2024,0,,733,,,733.0,749.3,879.7
03/03/2024,0,,773,,,773.0,789,917
04/03/2024,0,,779,,,779.0,796.4,935.6
05/03/2024,3,,789,,,789.0,806.7,948.3
06/03/2024,0,,797,,,797.0,814.9,958.1
07/03/2024,0,,790,,,790.0,808.9,960.1
08/03/2024,0,,794,,,794.0,813.4,968.6
09/03/2024,0,,816,,,816.0,835.2,988.8
10/03/2024,0,,824,,,824.0,844.8,1011.2
11/03/2024,4.2,,781,,,781.0,807,1015
12/03/2024,0.8,,780,,,780.0,807.1,1023.9
13/03/2024,1,,796,,,796.0,821.9,1029.1
14/03/2024,0,,785,,,785.0,812.9,1036.1
15/03/2024,2.4,,700,,,700.0,738.6,1047.4
16/03/2024,1,,749,,,749.0,782.6,1051.4
17/03/2024,0.9,,774,,,774.0,805.3,1055.7
18/03/2024,1,,816,,,816.0,844.3,1070.7
19/03/2024,0,,849,,,849.0,875.7,1089.3
20/03/2024,0,,875,,,875.0,900.7,1106.3
21/03/2024,0,,860,,,860.0,887.6,1108.4
22/03/2024,4.9,,825,,,825.0,856,1104
23/03/2024,1.1,,765,,,765.0,801.7,1095.3
24/03/2024,10.9,,695,,,695.0,734.6,1051.4
25/03/2024,0.8,,737,,,737.0,769.6,1030.4
26/03/2024,0.1,,794,,,794.0,822.1,1046.9
27/03/2024,0.1,,819,,,819.0,846.7,1068.3
28/03/2024,2.3,,837,,,837.0,865.3,1091.7
29/03/2024,1.4,,866,,,866.0,893.2,1110.8
30/03/2024,1,,870,,,870.0,897.1,1113.9
31/03/2024,5.3,,786,,,786.0,821.4,1104.6
01/04/2024,4,,784,,,784.0,819.7,1105.3
02/04/2024,1.6,,741,,,741.0,779.7,1089.3
03/04/2024,4.8,,627,,,627.0,673.4,1044.6
04/04/2024,11.7,,622,,,622.0,662.9,990.1
05/04/2024,2.4,,680,,,680.0,713.4,980.6
06/04/2024,0,,767,,,767.0,793.6,1006.4
07/04/2024,1.7,,785,,,785.0,810.8,1017.2
08/04/2024,1.1,,827,,,827.0,850.9,1042.1
09/04/2024,1.3,,880,,,880.0,903,1087
10/04/2024,0.2,,893,,,893.0,916.6,1105.4
11/04/2024,1.2,,905,,,905.0,929,1121
12/04/2024,0,,916,,,916.0,939.7,1129.3
13/04/2024,0,,941,,,941.0,963.6,1144.4
14/04/2024,0,,915,,,915.0,939.8,1138.2
15/04/2024,10.6,,789,,,789.0,824.5,1108.5
16/04/2024,9,,758,,,758.0,792.9,1072.1
17/04/2024,6.7,,760,,,760.0,792.4,1051.6
18/04/2024,0.2,,707,,,707.0,742.9,1030.1
19/04/2024,9.9,,725,,,725.0,756.5,1008.5
20/04/2024,10.6,,693,,,693.0,722,954
21/04/2024,1.7,,760,,,760.0,781.1,949.9
22/04/2024,0.8,,807,,,807.0,824.6,965.4
23/04/2024,1.5,,809,,,809.0,827.3,973.7
24/04/2024,4.5,,778,,,778.0,798.8,965.2
25/04/2024,1.2,,741,,,741.0,766,966
26/04/2024,4.7,,768,,,768.0,790.5,970.5
27/04/2024,0.1,,832,,,832.0,850.9,1002.1
28/04/2024,0,,892,,,892.0,908.8,1043.2
29/04/2024,0,,919,,,919.0,934.9,1062.1
30/04/2024,0.1,,943,,,943.0,958.1,1078.9
01/05/2024,0,,964,,,964.0,978.7,1096.3
02/05/2024,2.2,,950,,,950.0,965.6,1090.4
03/05/2024,15,,947,,,947.0,960.6,1069.4
04/05/2024,12.8,,808,,,808.0,831.1,1015.9
05/05/2024,0,,855,,,855.0,872.5,1012.5
06/05/2024,0,,939,,,939.0,952.2,1057.8
07/05/2024,0,,981,,,981.0,993.8,1096.2
08/05/2024,0,,997,,,997.0,1010.2,1115.8
09/05/2024,0,,1014,,,1014.0,1027.4,1134.6
10/05/2024,0,,1025,,,1025.0,1039,1151
11/05/2024,0,,1036,,,1036.0,1050.2,1163.8
12/05/2024,0,,1062,,,1062.0,1075.4,1182.6
13/05/2024,5.7,,1081,,,1081.0,1093.6,1194.4
14/05/2024,0,,1123,,,1123.0,1133.9,1221.1
15/05/2024,0.1,,1106,,,1106.0,1120.1,1232.9
16/05/2024,8.9,,1049,,,1049.0,1070.9,1246.1
17/05/2024,1.7,,1089,,,1089.0,1108.6,1265.4
18/05/2024,0.8,,1121,,,1121.0,1139,1283
19/05/2024,2.7,,1123,,,1123.0,1141.7,1291.3
20/05/2024,3,,1136,,,1136.0,1160.4,1355.6
21/05/2024,12.5,,1117,,,1117.0,1135.8,1286.2
22/05/2024,2.3,,1135,,,1135.0,1151,1279
23/05/2024,0,,1146,,,1146.0,1162.3,1292.7
24/05/2024,12.1,,1076,,,1076.0,1096.4,1259.6
25/05/2024,0.2,,1083,,,1083.0,1101.4,1248.6
26/05/2024,6.8,,1080,,,1080.0,1099.2,1252.8
27/05/2024,13.2,,932,,,932.0,962,1202
28/05/2024,8.5,,668,,,668.0,710.6,1051.4
29/05/2024,26.4,,625,,,625.0,655.2,896.8
30/05/2024,0.8,,733,,,733.0,752.6,909.4
31/05/2024,0.1,,789,,,789.0,806.1,942.9
01/06/2024,1.7,,841,,,841.0,856.1,976.9
02/06/2024,0,,874,,,874.0,888.1,1000.9
03/06/2024,0,,891,,,891.0,904.7,1014.3
04/06/2024,0,,951,,,951.0,962.3,1052.7
05/06/2024,0.8,,987,,,987.0,997.7,1083.3
06/06/2024,0,,1019,,,1019.0,1029.2,1110.8
07/06/2024,0,,1047,,,1047.0,1056.5,1132.5
08/06/2024,0.1,,1078,,,1078.0,1087,1159
09/06/2024,0,,1081,,,1081.0,1091.2,1172.8
10/06/2024,8.4,,1098,,,1098.0,1109.1,1197.9
11/06/2024,0.2,,1106,,,1106.0,1118,1214
12/06/2024,0.9,,1107,,,1107.0,1119.7,1221.3
13/06/2024,0,,1113,,,1113.0,1125.9,1229.1
14/06/2024,1.7,,1115,,,1115.0,1128.2,1233.8
15/06/2024,8.5,,1120,,,1120.0,1133.1,1237.9
16/06/2024,8,,1129,,,1129.0,1140.9,1236.1
17/06/2024,1.5,,1110,,,1110.0,1123.7,1233.3
18/06/2024,15.2,,1021,,,1021.0,1038.6,1179.4
19/06/2024,0,,1035,,,1035.0,1049.7,1167.3
20/06/2024,0.4,,1043,,,1043.0,1057,1169
21/06/2024,5.8,,1057,,,1057.0,1068.7,1162.3
22/06/2024,0,,1116,,,1116.0,1123.9,1187.1
23/06/2024,0,,1150,,,1150.0,1157.1,1213.9
24/06/2024,0,,1171,,,1171.0,1178.4,1237.6
25/06/2024,0,,1193,,,1193.0,1200.3,1258.7
26/06/2024,0,,1223,,,1223.0,1229.7,1283.3
27/06/2024,0.2,,1252,,,1252.0,1258.6,1311.4
28/06/2024,0,,1265,,,1265.0,1272.4,1331.6
29/06/2024,7.3,,1212,,,1212.0,1226.1,1338.9
30/06/2024,13.3,,1165,,,1165.0,1184.7,1342.3
01/07/2024,5.6,,1123,,,1123.0,1147,1339
02/07/2024,4.7,,1080,,,1080.0,1107.3,1325.7
03/07/2024,3.9,,1050,,,1050.0,1080.2,1321.8
04/07/2024,2.9,,1030,,,1030.0,1062.9,1326.1
05/07/2024,1.1,,1057,,,1057.0,1087.4,1330.6
06/07/2024,1.5,,1112,,,1112.0,1139.5,1359.5
07/07/2024,0.1,,1148,,,1148.0,1173.3,1375.7
08/07/2024,0,,1172,,,1172.0,1196.2,1389.8
09/07/2024,14.7,,1118,,,1118.0,1148.9,1396.1
10/07/2024,0.3,,1124,,,1124.0,1156,1412
11/07/2024,0,,1004,,,1004.0,1043.4,1358.6
12/07/2024,40.6,,750,,,750.0,801,1209
13/07/2024,1.6,,808,,,808.0,851.2,1196.8
14/07/2024,0,,872,,,872.0,909.5,1209.5
15/07/2024,0.2,,921,,,921.0,955.5,1231.5
16/07/2024,2.7,,971,,,971.0,1004.5,1272.5
17/07/2024,0,,1013,,,1013.0,1044.5,1296.5
18/07/2024,0,,1044,,,1044.0,1074.2,1315.8
19/07/2024,0,,1074,,,1074.0,1102.9,1334.1
20/07/2024,0,,988,,,988.0,1026.1,1330.9
21/07/2024,29.1,,706,,,706.0,767.3,1257.7
22/07/2024,0,,662,,,662.0,726.1,1238.9
23/07/2024,13.5,,689,,,689.0,748.2,1221.8
24/07/2024,0,,767,,,767.0,817.5,1221.5
25/07/2024,0.5,,816,,,816.0,863.3,1241.7
26/07/2024,1,,865,,,865.0,910.7,1276.3
27/07/2024,1.1,,917,,,917.0,961,1313
28/07/2024,0,,951,,,951.0,993.3,1331.7
29/07/2024,0,,995,,,995.0,1034.4,1349.6
30/07/2024,0,,1038,,,1038.0,1075.4,1374.6
31/07/2024,0,,1047,,,1047.0,1085.2,1390.8
01/08/2024,15.2,,1028,,,1028.0,1069.4,1400.6
02/08/2024,0,,1045,,,1045.0,1085.9,1413.1
03/08/2024,0.4,,918,,,918.0,973.4,1416.6
04/08/2024,0.2,,958,,,958.0,1010.7,1432.3
05/08/2024,0,,1021,,,1021.0,1068.8,1451.2
06/08/2024,0,,1071,,,1071.0,1115.7,1473.3
07/08/2024,1.1,,1096,,,1096.0,1139.8,1490.2
08/08/2024,0,,1120,,,1120.0,1162.7,1504.3
09/08/2024,0.4,,1148,,,1148.0,1190.3,1528.7
10/08/2024,0,,1175,,,1175.0,1216.4,1547.6
11/08/2024,0,,1185,,,1185.0,1226.4,1557.6
12/08/2024,0,,1220,,,1220.0,1259.6,1576.4
13/08/2024,0,,1235,,,1235.0,1275.3,1597.7
14/08/2024,2.4,,1223,,,1223.0,1266.2,1611.8
15/08/2024,0,,1235,,,1235.0,1278.4,1625.6
16/08/2024,4.9,,1199,,,1199.0,1247.3,1633.7
17/08/2024,12,,1178,,,1178.0,1229.5,1641.5
18/08/2024,0.5,,1196,,,1196.0,1247,1655
19/08/2024,0,,1211,,,1211.0,1261.2,1662.8
20/08/2024,19.3,,1180,,,1180.0,1234.1,1666.9
21/08/2024,0,,1156,,,1156.0,1211.9,1659.1
22/08/2024,0,,1182,,,1182.0,1236,1668
23/08/2024,0,,1205,,,1205.0,1257.9,1681.1
24/08/2024,5.5,,1236,,,1236.0,1288.1,1704.9
25/08/2024,1.8,,1238,,,1238.0,1290.8,1713.2
26/08/2024,0,,1252,,,1252.0,1304.4,1723.6
27/08/2024,0,,1266,,,1266.0,1317.6,1730.4
28/08/2024,0,,1297,,,1297.0,1347.1,1747.9
29/08/2024,0,,1302,,,1302.0,1353.1,1761.9
30/08/2024,2,,1309,,,1309.0,1360.2,1769.8
31/08/2024,0,,1311,,,1311.0,1362.3,1772.7
01/09/2024,0,,1332,,,1332.0,1382.4,1785.6
02/09/2024,6.3,,1331,,,1331.0,1382.8,1797.2
03/09/2024,0,,1320,,,1320.0,1374.3,1808.7
04/09/2024,3.6,,1292,,,1292.0,1350,1814
05/09/2024,0,,1298,,,1298.0,1356.5,1824.5
06/09/2024,0.1,,1302,,,1302.0,1361.1,1833.9
07/09/2024,0,,1311,,,1311.0,1370.2,1843.8
08/09/2024,0,,1317,,,1317.0,1377.1,1857.9
09/09/2024,1.6,,1244,,,1244.0,1311.9,1855.1
10/09/2024,2.4,,1154,,,1154.0,1232.1,1856.9
11/09/2024,13.2,,1064,,,1064.0,1152.2,1857.8
12/09/2024,2.6,,1076,,,1076.0,1165,1877
13/09/2024,0.1,,1099,,,1099.0,1186.5,1886.5
14/09/2024,0,,1110,,,1110.0,1196.7,1890.3
15/09/2024,0,,1135,,,1135.0,1220.1,1900.9
16/09/2024,0.1,,1156,,,1156.0,1239.7,1909.3
17/09/2024,0,,1164,,,1164.0,1247.3,1913.7
18/09/2024,0,,1176,,,1176.0,1258.8,1921.2
19/09/2024,0,,1191,,,1191.0,1272.8,1927.2
20/09/2024,0,,1216,,,1216.0,1296,1936
21/09/2024,0,,1232,,,1232.0,1310.8,1941.2
22/09/2024,0,,1237,,,1237.0,1315.5,1943.5
23/09/2024,0.1,,1252,,,1252.0,1329.9,1953.1
24/09/2024,2.1,,1252,,,1252.0,1330.1,1954.9
25/09/2024,1.1,,1230,,,1230.0,1310,1950
26/09/2024,15.5,,1218,,,1218.0,1300.7,1962.3
27/09/2024,6.8,,1195,,,1195.0,1282,1978
28/09/2024,4.8,,1144,,,1144.0,1235.5,1967.5
29/09/2024,0.1,,1097,,,1097.0,1190.6,1939.4
30/09/2024,7.4,,995,,,995.0,1098.1,1922.9
01/10/2024,16,,851,,,851.0,965,1877
02/10/2024,11.9,,863,,,863.0,971.8,1842.2
03/10/2024,0,,902,,,902.0,1004.1,1820.9
04/10/2024,0,,929,,,929.0,1026.2,1803.8
05/10/2024,0,,941,,,941.0,1034.7,1784.3
06/10/2024,0,,979,,,979.0,1068.2,1781.8
07/10/2024,9.2,,994,,,994.0,1080.5,1772.5
08/10/2024,0.3,,997,,,997.0,1081.9,1761.1
09/10/2024,13.4,,898,,,898.0,992.4,1747.6
10/10/2024,4.3,,887,,,887.0,979.7,1721.3
11/10/2024,0,,890,,,890.0,978.8,1689.2
12/10/2024,2.3,,948,,,948.0,1030.6,1691.4
13/10/2024,0.4,,950,,,950.0,1031,1679
14/10/2024,0,,965,,,965.0,1043.3,1669.7
15/10/2024,0,,972,,,972.0,1048.3,1658.7
16/10/2024,0,,1012,,,1012.0,1085.1,1669.9
17/10/2024,0,,1045,,,1045.0,1116.3,1686.7
18/10/2024,0,,1035,,,1035.0,1107.4,1686.6
19/10/2024,3.5,,1009,,,1009.0,1084.2,1685.8
20/10/2024,0,,1043,,,1043.0,1116.5,1704.5
21/10/2024,5.2,,1004,,,1004.0,1082.8,1713.2
22/10/2024,2.5,,978,,,978.0,1059.5,1711.5
23/10/2024,0,,967,,,967.0,1048,1696
24/10/2024,0,,982,,,982.0,1060.9,1692.1
25/10/2024,2.6,,991,,,991.0,1069.2,1694.8
26/10/2024,0,,1032,,,1032.0,1107.7,1713.3
27/10/2024,0,,1042,,,1042.0,1117.3,1719.7
28/10/2024,2.7,,1033,,,1033.0,1109.8,1724.2
29/10/2024,3.8,,988,,,988.0,1070.2,1727.8
30/10/2024,0.4,,985,,,985.0,1067.1,1723.9
31/10/2024,0,,1006,,,1006.0,1085.5,1721.5
01/11/2024,0.2,,1035,,,1035.0,1112.6,1733.4
02/11/2024,0.1,,1043,,,1043.0,1119.6,1732.4
03/11/2024,0,,1052,,,1052.0,1127.7,1733.3
04/11/2024,0,,1065,,,1065.0,1139.4,1734.6
05/11/2024,0,,1088,,,1088.0,940,1676
06/11/2024,0,,1093,,,1093.0,937.8,1681.8
07/11/2024,0,,1090,,,1090.0,927.6,1682
08/11/2024,0,,1100,,,1100.0,932.8,1687.2
09/11/2024,0,,1112,,,1112.0,941.6,1695.2
10/11/2024,0.5,,1119,,,1119.0,923.8,1715.8
11/11/2024,9.6,,1055,,,1055.0,839,1700.6
12/11/2024,0.2,,1027,,,1027.0,840.6,1695.8
13/11/2024,0.1,,1019,,,1019.0,878.2,1691.8
14/11/2024,0.7,,1004,,,1004.0,887.2,1685.6000000000001
15/11/2024,0,,996,,,996.0,886.4,1672.8
16/11/2024,0.9,,965,,,965.0,843.4,1665
17/11/2024,8,,849,,,849.0,637.8,1640.2
18/11/2024,1.6,,727,,,727.0,402.2,1575.8
19/11/2024,19.6,,647,,,647.0,359,1518.2
20/11/2024,8,,603,,,603.0,430.2,1464.6000000000001
21/11/2024,0.2,,600,,,600.0,489.6,1433.6000000000001
22/11/2024,6.9,,569,,,569.0,475.4,1393
23/11/2024,4.3,,538,,,538.0,450,1350.8
24/11/2024,0.3,,601,,,601.0,577,1341
25/11/2024,3.6,,643,,,643.0,616.6,1344.6000000000001
26/11/2024,0,,611,,,611.0,555,1309.4
27/11/2024,7.5,,611,,,611.0,545.4,1311.8
28/11/2024,0,,651,,,651.0,653.2,1298
29/11/2024,0,,691,,,691.0,694.6,1294.6
30/11/2024,0,,715,,,715.0,717.8,1288.2
01/12/2024,0.1,,720,,,720.0,648,1281.6
02/12/2024,4,,724,,,724.0,593.6,1300
03/12/2024,0.8,,759,,,759.0,687.8,1306.2
04/12/2024,0.4,,680,,,680.0,626.4,1264
05/12/2024,15.9,,469,,,469.0,221,1175.4
06/12/2024,6,,428,,,428.0,261.6,1100.8
07/12/2024,3.3,,515,,,515.0,338.2,1107.8
08/12/2024,2.2,,594,,,594.0,501.2,1120.4
09/12/2024,0.9,,634,,,634.0,598,1118.8
10/12/2024,0,,673,,,673.0,665.8,1125
11/12/2024,0,,700,,,700.0,701,1137
12/12/2024,0.2,,716,,,716.0,716.8,1144.8
13/12/2024,0,,742,,,742.0,740.4,1154
14/12/2024,0.8,,765,,,765.0,757,1181.8
15/12/2024,0.7,,749,,,749.0,749.4,1194.2
16/12/2024,0.1,,755,,,755.0,755.2,1196
17/12/2024,0,,744,,,744.0,744.8,1177.6
18/12/2024,0.3,,699,,,699.0,683,1162.2
19/12/2024,5.2,,738,,,738.0,664.4,1188.4
20/12/2024,1.1,,692,,,692.0,653.6,1168.8
21/12/2024,5.4,,538,,,538.0,453.2,1112.4
22/12/2024,4.3,,632,,,632.0,500,1128.8
23/12/2024,1.1,,671,,,671.0,600.6,1125.4
24/12/2024,2.4,,640,,,640.0,592,1114.4
25/12/2024,0.6,,687,,,687.0,642.2,1118.2
26/12/2024,0.1,,719,,,719.0,680.6,1119
27/12/2024,0,,748,,,748.0,713.6,1124.8
28/12/2024,0,,765,,,765.0,740.2,1137
29/12/2024,0.1,,758,,,758.0,734.8,1144.4
30/12/2024,0.1,,775,,,775.0,745.4,1151
31/12/2024,0,,754,,,754.0,730.8,1138
